municipality,entity_type,municipal_rate,county_rate,local_ed_rate,state_ed_rate,total_rate,equalization_ratio_pct,equalized_rate_status,equalized_rate_estimate,equalized_rate_estimate_rigorous,estimate_method,net_assessed_valuation,net_tax_commitment,equalized_valuation,source_rates,source_ratio,source_county,retrieved,vintage
Acworth,town,4.87,2.06,8.19,0.94,16.06,99.46,ESTIMATE (DRA 2025 official not yet published),15.97,15.86,"total_rate * equalization_ratio; +0.13 bias, median|err| 0.085 vs DRA 2024",219398770,3498120,220589956,https://www.revenue.nh.gov/sites/g/files/ehbemt736/files/documents/2025-municipal-and-village-district-tax-rates.xlsx,https://www.revenue.nh.gov/sites/g/files/ehbemt736/files/documents/ratio-median-ratio-cod-prd-ten-year-history.xlsx,https://www.revenue.nh.gov/sites/g/files/ehbemt736/files/documents/2025-tables-by-county.xlsx,2026-08-21,2025
Albany,town,0.29,0.69,4.95,1.06,6.99,99.6,ESTIMATE (DRA 2025 official not yet published),6.96,6.87,"total_rate * equalization_ratio; +0.13 bias, median|err| 0.085 vs DRA 2024",232100028,1601268,233032157,https://www.revenue.nh.gov/sites/g/files/ehbemt736/files/documents/2025-municipal-and-village-district-tax-rates.xlsx,https://www.revenue.nh.gov/sites/g/files/ehbemt736/files/documents/ratio-median-ratio-cod-prd-ten-year-history.xlsx,https://www.revenue.nh.gov/sites/g/files/ehbemt736/files/documents/2025-tables-by-county.xlsx,2026-08-21,2025
Alexandria,town,6.43,1.51,10.44,1.49,19.87,61.32,ESTIMATE (DRA 2025 official not yet published),12.18,12.06,"total_rate * equalization_ratio; +0.13 bias, median|err| 0.085 vs DRA 2024",302996738,5960414,494123839,https://www.revenue.nh.gov/sites/g/files/ehbemt736/files/documents/2025-municipal-and-village-district-tax-rates.xlsx,https://www.revenue.nh.gov/sites/g/files/ehbemt736/files/documents/ratio-median-ratio-cod-prd-ten-year-history.xlsx,https://www.revenue.nh.gov/sites/g/files/ehbemt736/files/documents/2025-tables-by-county.xlsx,2026-08-21,2025
Allenstown,town,7.61,1.96,14.09,1.22,24.88,77.48,ESTIMATE (DRA 2025 official not yet published),19.28,18.95,"total_rate * equalization_ratio; +0.13 bias, median|err| 0.085 vs DRA 2024",532309491,13022561,687028254,https://www.revenue.nh.gov/sites/g/files/ehbemt736/files/documents/2025-municipal-and-village-district-tax-rates.xlsx,https://www.revenue.nh.gov/sites/g/files/ehbemt736/files/documents/ratio-median-ratio-cod-prd-ten-year-history.xlsx,https://www.revenue.nh.gov/sites/g/files/ehbemt736/files/documents/2025-tables-by-county.xlsx,2026-08-21,2025
Alstead,town,5.19,2.28,10.17,1.08,18.72,91.09,ESTIMATE (DRA 2025 official not yet published),17.05,16.93,"total_rate * equalization_ratio; +0.13 bias, median|err| 0.085 vs DRA 2024",306675101,5701433,336672633,https://www.revenue.nh.gov/sites/g/files/ehbemt736/files/documents/2025-municipal-and-village-district-tax-rates.xlsx,https://www.revenue.nh.gov/sites/g/files/ehbemt736/files/documents/ratio-median-ratio-cod-prd-ten-year-history.xlsx,https://www.revenue.nh.gov/sites/g/files/ehbemt736/files/documents/2025-tables-by-county.xlsx,2026-08-21,2025
Alton,town,4.09,1.51,6.04,1.86,13.5,57,ESTIMATE (DRA 2025 official not yet published),7.7,7.59,"total_rate * equalization_ratio; +0.13 bias, median|err| 0.085 vs DRA 2024",2256966420,30040220,3959590211,https://www.revenue.nh.gov/sites/g/files/ehbemt736/files/documents/2025-municipal-and-village-district-tax-rates.xlsx,https://www.revenue.nh.gov/sites/g/files/ehbemt736/files/documents/ratio-median-ratio-cod-prd-ten-year-history.xlsx,https://www.revenue.nh.gov/sites/g/files/ehbemt736/files/documents/2025-tables-by-county.xlsx,2026-08-21,2025
Amherst,town,4.92,1.33,16.24,1.49,23.98,66.24,ESTIMATE (DRA 2025 official not yet published),15.88,15.73,"total_rate * equalization_ratio; +0.13 bias, median|err| 0.085 vs DRA 2024",2442704506,57989291,3687657769,https://www.revenue.nh.gov/sites/g/files/ehbemt736/files/documents/2025-municipal-and-village-district-tax-rates.xlsx,https://www.revenue.nh.gov/sites/g/files/ehbemt736/files/documents/ratio-median-ratio-cod-prd-ten-year-history.xlsx,https://www.revenue.nh.gov/sites/g/files/ehbemt736/files/documents/2025-tables-by-county.xlsx,2026-08-21,2025
Andover,town,3.59,1.5,8.58,0.98,14.65,93.29,ESTIMATE (DRA 2025 official not yet published),13.67,13.54,"total_rate * equalization_ratio; +0.13 bias, median|err| 0.085 vs DRA 2024",585206503,8491283,627298213,https://www.revenue.nh.gov/sites/g/files/ehbemt736/files/documents/2025-municipal-and-village-district-tax-rates.xlsx,https://www.revenue.nh.gov/sites/g/files/ehbemt736/files/documents/ratio-median-ratio-cod-prd-ten-year-history.xlsx,https://www.revenue.nh.gov/sites/g/files/ehbemt736/files/documents/2025-tables-by-county.xlsx,2026-08-21,2025
Antrim,town,7.83,1.2,12.89,1.19,23.11,68.46,ESTIMATE (DRA 2025 official not yet published),15.82,15.66,"total_rate * equalization_ratio; +0.13 bias, median|err| 0.085 vs DRA 2024",437450779,10005029,638987407,https://www.revenue.nh.gov/sites/g/files/ehbemt736/files/documents/2025-municipal-and-village-district-tax-rates.xlsx,https://www.revenue.nh.gov/sites/g/files/ehbemt736/files/documents/ratio-median-ratio-cod-prd-ten-year-history.xlsx,https://www.revenue.nh.gov/sites/g/files/ehbemt736/files/documents/2025-tables-by-county.xlsx,2026-08-21,2025
Ashland,town,6.89,1.23,9.94,1.13,19.19,73.22,ESTIMATE (DRA 2025 official not yet published),14.05,13.87,"total_rate * equalization_ratio; +0.13 bias, median|err| 0.085 vs DRA 2024",454195429,8601214,620316073,https://www.revenue.nh.gov/sites/g/files/ehbemt736/files/documents/2025-municipal-and-village-district-tax-rates.xlsx,https://www.revenue.nh.gov/sites/g/files/ehbemt736/files/documents/ratio-median-ratio-cod-prd-ten-year-history.xlsx,https://www.revenue.nh.gov/sites/g/files/ehbemt736/files/documents/2025-tables-by-county.xlsx,2026-08-21,2025
Atkinson,town,2.84,0.7,7.95,1.33,12.82,74.02,ESTIMATE (DRA 2025 official not yet published),9.49,9.33,"total_rate * equalization_ratio; +0.13 bias, median|err| 0.085 vs DRA 2024",1607638629,20266721,2171897634,https://www.revenue.nh.gov/sites/g/files/ehbemt736/files/documents/2025-municipal-and-village-district-tax-rates.xlsx,https://www.revenue.nh.gov/sites/g/files/ehbemt736/files/documents/ratio-median-ratio-cod-prd-ten-year-history.xlsx,https://www.revenue.nh.gov/sites/g/files/ehbemt736/files/documents/2025-tables-by-county.xlsx,2026-08-21,2025
Atkinson & Gilmanton,unincorporated,-3.84,3.84,0,1.17,1.17,77.4,ESTIMATE (DRA 2025 official not yet published),0.91,0.84,"total_rate * equalization_ratio; +0.13 bias, median|err| 0.085 vs DRA 2024",930730,1008,1202494,https://www.revenue.nh.gov/sites/g/files/ehbemt736/files/documents/2025-municipal-and-village-district-tax-rates.xlsx,https://www.revenue.nh.gov/sites/g/files/ehbemt736/files/documents/ratio-median-ratio-cod-prd-ten-year-history.xlsx,https://www.revenue.nh.gov/sites/g/files/ehbemt736/files/documents/2025-tables-by-county.xlsx,2026-08-21,2025
Auburn,town,2.21,0.61,9.93,1.13,13.88,87.51,ESTIMATE (DRA 2025 official not yet published),12.15,11.97,"total_rate * equalization_ratio; +0.13 bias, median|err| 0.085 vs DRA 2024",1457691275,19931791,1665742515,https://www.revenue.nh.gov/sites/g/files/ehbemt736/files/documents/2025-municipal-and-village-district-tax-rates.xlsx,https://www.revenue.nh.gov/sites/g/files/ehbemt736/files/documents/ratio-median-ratio-cod-prd-ten-year-history.xlsx,https://www.revenue.nh.gov/sites/g/files/ehbemt736/files/documents/2025-tables-by-county.xlsx,2026-08-21,2025
Barnstead,town,3.98,0.96,11.08,1.13,17.15,83.23,ESTIMATE (DRA 2025 official not yet published),14.27,14.07,"total_rate * equalization_ratio; +0.13 bias, median|err| 0.085 vs DRA 2024",1087203921,18375800,1306264473,https://www.revenue.nh.gov/sites/g/files/ehbemt736/files/documents/2025-municipal-and-village-district-tax-rates.xlsx,https://www.revenue.nh.gov/sites/g/files/ehbemt736/files/documents/ratio-median-ratio-cod-prd-ten-year-history.xlsx,https://www.revenue.nh.gov/sites/g/files/ehbemt736/files/documents/2025-tables-by-county.xlsx,2026-08-21,2025
Barrington,town,3.39,1.89,13.13,1.15,19.56,79.71,ESTIMATE (DRA 2025 official not yet published),15.59,15.27,"total_rate * equalization_ratio; +0.13 bias, median|err| 0.085 vs DRA 2024",1908779948,36564839,2394655561,https://www.revenue.nh.gov/sites/g/files/ehbemt736/files/documents/2025-municipal-and-village-district-tax-rates.xlsx,https://www.revenue.nh.gov/sites/g/files/ehbemt736/files/documents/ratio-median-ratio-cod-prd-ten-year-history.xlsx,https://www.revenue.nh.gov/sites/g/files/ehbemt736/files/documents/2025-tables-by-county.xlsx,2026-08-21,2025
Bartlett,town,1.36,0.84,2.61,1.21,6.02,87,ESTIMATE (DRA 2025 official not yet published),5.24,5.18,"total_rate * equalization_ratio; +0.13 bias, median|err| 0.085 vs DRA 2024",2102928725,12524203,2417159454,https://www.revenue.nh.gov/sites/g/files/ehbemt736/files/documents/2025-municipal-and-village-district-tax-rates.xlsx,https://www.revenue.nh.gov/sites/g/files/ehbemt736/files/documents/ratio-median-ratio-cod-prd-ten-year-history.xlsx,https://www.revenue.nh.gov/sites/g/files/ehbemt736/files/documents/2025-tables-by-county.xlsx,2026-08-21,2025
Bath,town,5.7,1.6,14.82,1.39,23.51,62.21,ESTIMATE (DRA 2025 official not yet published),14.63,14.43,"total_rate * equalization_ratio; +0.13 bias, median|err| 0.085 vs DRA 2024",158925742,3685777,255466552,https://www.revenue.nh.gov/sites/g/files/ehbemt736/files/documents/2025-municipal-and-village-district-tax-rates.xlsx,https://www.revenue.nh.gov/sites/g/files/ehbemt736/files/documents/ratio-median-ratio-cod-prd-ten-year-history.xlsx,https://www.revenue.nh.gov/sites/g/files/ehbemt736/files/documents/2025-tables-by-county.xlsx,2026-08-21,2025
Bean's Grant,unincorporated,0,0,0,0,0,77.4,ESTIMATE (DRA 2025 official not yet published),0.0,,"total_rate * equalization_ratio; +0.13 bias, median|err| 0.085 vs DRA 2024",0,0,,https://www.revenue.nh.gov/sites/g/files/ehbemt736/files/documents/2025-municipal-and-village-district-tax-rates.xlsx,https://www.revenue.nh.gov/sites/g/files/ehbemt736/files/documents/ratio-median-ratio-cod-prd-ten-year-history.xlsx,https://www.revenue.nh.gov/sites/g/files/ehbemt736/files/documents/2025-tables-by-county.xlsx,2026-08-21,2025
Bean's Purchase,unincorporated,0,0,0,0,0,77.4,ESTIMATE (DRA 2025 official not yet published),0.0,,"total_rate * equalization_ratio; +0.13 bias, median|err| 0.085 vs DRA 2024",0,0,,https://www.revenue.nh.gov/sites/g/files/ehbemt736/files/documents/2025-municipal-and-village-district-tax-rates.xlsx,https://www.revenue.nh.gov/sites/g/files/ehbemt736/files/documents/ratio-median-ratio-cod-prd-ten-year-history.xlsx,https://www.revenue.nh.gov/sites/g/files/ehbemt736/files/documents/2025-tables-by-county.xlsx,2026-08-21,2025
Bedford,town,3.87,1.02,10.45,1.15,16.49,86.42,ESTIMATE (DRA 2025 official not yet published),14.25,14.16,"total_rate * equalization_ratio; +0.13 bias, median|err| 0.085 vs DRA 2024",6289466759,103071961,7277790742,https://www.revenue.nh.gov/sites/g/files/ehbemt736/files/documents/2025-municipal-and-village-district-tax-rates.xlsx,https://www.revenue.nh.gov/sites/g/files/ehbemt736/files/documents/ratio-median-ratio-cod-prd-ten-year-history.xlsx,https://www.revenue.nh.gov/sites/g/files/ehbemt736/files/documents/2025-tables-by-county.xlsx,2026-08-21,2025
Belmont,town,5.39,0.92,9.98,1.1,17.39,85.09,ESTIMATE (DRA 2025 official not yet published),14.8,14.56,"total_rate * equalization_ratio; +0.13 bias, median|err| 0.085 vs DRA 2024",1513783248,25902935,1779037781,https://www.revenue.nh.gov/sites/g/files/ehbemt736/files/documents/2025-municipal-and-village-district-tax-rates.xlsx,https://www.revenue.nh.gov/sites/g/files/ehbemt736/files/documents/ratio-median-ratio-cod-prd-ten-year-history.xlsx,https://www.revenue.nh.gov/sites/g/files/ehbemt736/files/documents/2025-tables-by-county.xlsx,2026-08-21,2025
Bennington,town,6.66,0.96,11.87,1.18,20.67,85.79,ESTIMATE (DRA 2025 official not yet published),17.73,17.53,"total_rate * equalization_ratio; +0.13 bias, median|err| 0.085 vs DRA 2024",220463980,4504174,256980977,https://www.revenue.nh.gov/sites/g/files/ehbemt736/files/documents/2025-municipal-and-village-district-tax-rates.xlsx,https://www.revenue.nh.gov/sites/g/files/ehbemt736/files/documents/ratio-median-ratio-cod-prd-ten-year-history.xlsx,https://www.revenue.nh.gov/sites/g/files/ehbemt736/files/documents/2025-tables-by-county.xlsx,2026-08-21,2025
Benton,town,-1.53,0.97,8.05,1.06,8.55,94.83,ESTIMATE (DRA 2025 official not yet published),8.11,8.04,"total_rate * equalization_ratio; +0.13 bias, median|err| 0.085 vs DRA 2024",56075532,475215,59132692,https://www.revenue.nh.gov/sites/g/files/ehbemt736/files/documents/2025-municipal-and-village-district-tax-rates.xlsx,https://www.revenue.nh.gov/sites/g/files/ehbemt736/files/documents/ratio-median-ratio-cod-prd-ten-year-history.xlsx,https://www.revenue.nh.gov/sites/g/files/ehbemt736/files/documents/2025-tables-by-county.xlsx,2026-08-21,2025
Berlin,city,16.2,3.5,12.66,1.24,33.6,79,ESTIMATE (DRA 2025 official not yet published),26.54,26.2,"total_rate * equalization_ratio; +0.13 bias, median|err| 0.085 vs DRA 2024",749949067,24870751,949302616,https://www.revenue.nh.gov/sites/g/files/ehbemt736/files/documents/2025-municipal-and-village-district-tax-rates.xlsx,https://www.revenue.nh.gov/sites/g/files/ehbemt736/files/documents/ratio-median-ratio-cod-prd-ten-year-history.xlsx,https://www.revenue.nh.gov/sites/g/files/ehbemt736/files/documents/2025-tables-by-county.xlsx,2026-08-21,2025
Bethlehem,town,4.5,1.18,9.28,1.23,16.19,77.38,ESTIMATE (DRA 2025 official not yet published),12.53,12.34,"total_rate * equalization_ratio; +0.13 bias, median|err| 0.085 vs DRA 2024",546158843,8711254,705813961,https://www.revenue.nh.gov/sites/g/files/ehbemt736/files/documents/2025-municipal-and-village-district-tax-rates.xlsx,https://www.revenue.nh.gov/sites/g/files/ehbemt736/files/documents/ratio-median-ratio-cod-prd-ten-year-history.xlsx,https://www.revenue.nh.gov/sites/g/files/ehbemt736/files/documents/2025-tables-by-county.xlsx,2026-08-21,2025
Boscawen,town,5.79,1.69,12.25,1.07,20.8,77.41,ESTIMATE (DRA 2025 official not yet published),16.1,15.95,"total_rate * equalization_ratio; +0.13 bias, median|err| 0.085 vs DRA 2024",539273438,11109601,696645702,https://www.revenue.nh.gov/sites/g/files/ehbemt736/files/documents/2025-municipal-and-village-district-tax-rates.xlsx,https://www.revenue.nh.gov/sites/g/files/ehbemt736/files/documents/ratio-median-ratio-cod-prd-ten-year-history.xlsx,https://www.revenue.nh.gov/sites/g/files/ehbemt736/files/documents/2025-tables-by-county.xlsx,2026-08-21,2025
Bow,town,4.62,1.64,12.58,1.21,20.05,84.16,ESTIMATE (DRA 2025 official not yet published),16.87,15.81,"total_rate * equalization_ratio; +0.13 bias, median|err| 0.085 vs DRA 2024",2099184350,39429280,2494277982,https://www.revenue.nh.gov/sites/g/files/ehbemt736/files/documents/2025-municipal-and-village-district-tax-rates.xlsx,https://www.revenue.nh.gov/sites/g/files/ehbemt736/files/documents/ratio-median-ratio-cod-prd-ten-year-history.xlsx,https://www.revenue.nh.gov/sites/g/files/ehbemt736/files/documents/2025-tables-by-county.xlsx,2026-08-21,2025
Bradford,town,6.53,1.56,7.97,0.83,16.89,95.68,ESTIMATE (DRA 2025 official not yet published),16.16,16.02,"total_rate * equalization_ratio; +0.13 bias, median|err| 0.085 vs DRA 2024",462644029,7746625,483532639,https://www.revenue.nh.gov/sites/g/files/ehbemt736/files/documents/2025-municipal-and-village-district-tax-rates.xlsx,https://www.revenue.nh.gov/sites/g/files/ehbemt736/files/documents/ratio-median-ratio-cod-prd-ten-year-history.xlsx,https://www.revenue.nh.gov/sites/g/files/ehbemt736/files/documents/2025-tables-by-county.xlsx,2026-08-21,2025
Brentwood,town,4.11,0.57,11.41,1.04,17.13,94.69,ESTIMATE (DRA 2025 official not yet published),16.22,16.1,"total_rate * equalization_ratio; +0.13 bias, median|err| 0.085 vs DRA 2024",1205954895,20506173,1273582105,https://www.revenue.nh.gov/sites/g/files/ehbemt736/files/documents/2025-municipal-and-village-district-tax-rates.xlsx,https://www.revenue.nh.gov/sites/g/files/ehbemt736/files/documents/ratio-median-ratio-cod-prd-ten-year-history.xlsx,https://www.revenue.nh.gov/sites/g/files/ehbemt736/files/documents/2025-tables-by-county.xlsx,2026-08-21,2025
Bridgewater,town,1.71,1.03,2.46,1.15,6.35,81.01,ESTIMATE (DRA 2025 official not yet published),5.14,5.12,"total_rate * equalization_ratio; +0.13 bias, median|err| 0.085 vs DRA 2024",814354200,5143961,1005251450,https://www.revenue.nh.gov/sites/g/files/ehbemt736/files/documents/2025-municipal-and-village-district-tax-rates.xlsx,https://www.revenue.nh.gov/sites/g/files/ehbemt736/files/documents/ratio-median-ratio-cod-prd-ten-year-history.xlsx,https://www.revenue.nh.gov/sites/g/files/ehbemt736/files/documents/2025-tables-by-county.xlsx,2026-08-21,2025
Bristol,town,5.11,1.1,5.86,1.09,13.16,97.59,ESTIMATE (DRA 2025 official not yet published),12.84,12.66,"total_rate * equalization_ratio; +0.13 bias, median|err| 0.085 vs DRA 2024",1059292850,13746348,1085452249,https://www.revenue.nh.gov/sites/g/files/ehbemt736/files/documents/2025-municipal-and-village-district-tax-rates.xlsx,https://www.revenue.nh.gov/sites/g/files/ehbemt736/files/documents/ratio-median-ratio-cod-prd-ten-year-history.xlsx,https://www.revenue.nh.gov/sites/g/files/ehbemt736/files/documents/2025-tables-by-county.xlsx,2026-08-21,2025
Brookfield,town,4.55,0.71,6.92,0.97,13.15,95.52,ESTIMATE (DRA 2025 official not yet published),12.56,12.48,"total_rate * equalization_ratio; +0.13 bias, median|err| 0.085 vs DRA 2024",245423736,3206312,256934397,https://www.revenue.nh.gov/sites/g/files/ehbemt736/files/documents/2025-municipal-and-village-district-tax-rates.xlsx,https://www.revenue.nh.gov/sites/g/files/ehbemt736/files/documents/ratio-median-ratio-cod-prd-ten-year-history.xlsx,https://www.revenue.nh.gov/sites/g/files/ehbemt736/files/documents/2025-tables-by-county.xlsx,2026-08-21,2025
Brookline,town,4.73,0.97,17.81,1.13,24.64,91.22,ESTIMATE (DRA 2025 official not yet published),22.48,22.26,"total_rate * equalization_ratio; +0.13 bias, median|err| 0.085 vs DRA 2024",1163052688,28377439,1274997465,https://www.revenue.nh.gov/sites/g/files/ehbemt736/files/documents/2025-municipal-and-village-district-tax-rates.xlsx,https://www.revenue.nh.gov/sites/g/files/ehbemt736/files/documents/ratio-median-ratio-cod-prd-ten-year-history.xlsx,https://www.revenue.nh.gov/sites/g/files/ehbemt736/files/documents/2025-tables-by-county.xlsx,2026-08-21,2025
Cambridge,unincorporated,-2.03,4.08,0,1.06,3.11,77.4,ESTIMATE (DRA 2025 official not yet published),2.41,2.39,"total_rate * equalization_ratio; +0.13 bias, median|err| 0.085 vs DRA 2024",12576705,38911,16248973,https://www.revenue.nh.gov/sites/g/files/ehbemt736/files/documents/2025-municipal-and-village-district-tax-rates.xlsx,https://www.revenue.nh.gov/sites/g/files/ehbemt736/files/documents/ratio-median-ratio-cod-prd-ten-year-history.xlsx,https://www.revenue.nh.gov/sites/g/files/ehbemt736/files/documents/2025-tables-by-county.xlsx,2026-08-21,2025
Campton,town,5.16,1.04,9.94,1.32,17.46,86.87,ESTIMATE (DRA 2025 official not yet published),15.17,14.92,"total_rate * equalization_ratio; +0.13 bias, median|err| 0.085 vs DRA 2024",898005381,15425264,1033734754,https://www.revenue.nh.gov/sites/g/files/ehbemt736/files/documents/2025-municipal-and-village-district-tax-rates.xlsx,https://www.revenue.nh.gov/sites/g/files/ehbemt736/files/documents/ratio-median-ratio-cod-prd-ten-year-history.xlsx,https://www.revenue.nh.gov/sites/g/files/ehbemt736/files/documents/2025-tables-by-county.xlsx,2026-08-21,2025
Canaan,town,8.8,1.51,19.36,1.49,31.16,61.09,ESTIMATE (DRA 2025 official not yet published),19.04,18.95,"total_rate * equalization_ratio; +0.13 bias, median|err| 0.085 vs DRA 2024",472036854,14640644,772690872,https://www.revenue.nh.gov/sites/g/files/ehbemt736/files/documents/2025-municipal-and-village-district-tax-rates.xlsx,https://www.revenue.nh.gov/sites/g/files/ehbemt736/files/documents/ratio-median-ratio-cod-prd-ten-year-history.xlsx,https://www.revenue.nh.gov/sites/g/files/ehbemt736/files/documents/2025-tables-by-county.xlsx,2026-08-21,2025
Candia,town,2.67,0.58,8.71,1.01,12.97,93.31,ESTIMATE (DRA 2025 official not yet published),12.1,11.91,"total_rate * equalization_ratio; +0.13 bias, median|err| 0.085 vs DRA 2024",942097252,12023724,1009642323,https://www.revenue.nh.gov/sites/g/files/ehbemt736/files/documents/2025-municipal-and-village-district-tax-rates.xlsx,https://www.revenue.nh.gov/sites/g/files/ehbemt736/files/documents/ratio-median-ratio-cod-prd-ten-year-history.xlsx,https://www.revenue.nh.gov/sites/g/files/ehbemt736/files/documents/2025-tables-by-county.xlsx,2026-08-21,2025
Canterbury,town,4,2.21,12.7,1.58,20.49,64.03,ESTIMATE (DRA 2025 official not yet published),13.12,12.9,"total_rate * equalization_ratio; +0.13 bias, median|err| 0.085 vs DRA 2024",411102796,8283206,642047159,https://www.revenue.nh.gov/sites/g/files/ehbemt736/files/documents/2025-municipal-and-village-district-tax-rates.xlsx,https://www.revenue.nh.gov/sites/g/files/ehbemt736/files/documents/ratio-median-ratio-cod-prd-ten-year-history.xlsx,https://www.revenue.nh.gov/sites/g/files/ehbemt736/files/documents/2025-tables-by-county.xlsx,2026-08-21,2025
Carroll,town,2.47,3.24,5.14,1.23,12.08,81.04,ESTIMATE (DRA 2025 official not yet published),9.79,9.71,"total_rate * equalization_ratio; +0.13 bias, median|err| 0.085 vs DRA 2024",660527803,7914677,815063923,https://www.revenue.nh.gov/sites/g/files/ehbemt736/files/documents/2025-municipal-and-village-district-tax-rates.xlsx,https://www.revenue.nh.gov/sites/g/files/ehbemt736/files/documents/ratio-median-ratio-cod-prd-ten-year-history.xlsx,https://www.revenue.nh.gov/sites/g/files/ehbemt736/files/documents/2025-tables-by-county.xlsx,2026-08-21,2025
Center Harbor,town,4.64,1.17,4.63,1.4,11.84,66.96,ESTIMATE (DRA 2025 official not yet published),7.93,7.89,"total_rate * equalization_ratio; +0.13 bias, median|err| 0.085 vs DRA 2024",768923571,9056908,1148332693,https://www.revenue.nh.gov/sites/g/files/ehbemt736/files/documents/2025-municipal-and-village-district-tax-rates.xlsx,https://www.revenue.nh.gov/sites/g/files/ehbemt736/files/documents/ratio-median-ratio-cod-prd-ten-year-history.xlsx,https://www.revenue.nh.gov/sites/g/files/ehbemt736/files/documents/2025-tables-by-county.xlsx,2026-08-21,2025
Chandler's Purchase,unincorporated,-1.7,1.7,0,0.45,0.45,77.4,ESTIMATE (DRA 2025 official not yet published),0.35,0.3,"total_rate * equalization_ratio; +0.13 bias, median|err| 0.085 vs DRA 2024",112280,43,145065,https://www.revenue.nh.gov/sites/g/files/ehbemt736/files/documents/2025-municipal-and-village-district-tax-rates.xlsx,https://www.revenue.nh.gov/sites/g/files/ehbemt736/files/documents/ratio-median-ratio-cod-prd-ten-year-history.xlsx,https://www.revenue.nh.gov/sites/g/files/ehbemt736/files/documents/2025-tables-by-county.xlsx,2026-08-21,2025
Charlestown,town,8.03,3.41,23.34,1.76,36.54,55.76,ESTIMATE (DRA 2025 official not yet published),20.37,20.1,"total_rate * equalization_ratio; +0.13 bias, median|err| 0.085 vs DRA 2024",346788704,12499898,621930961,https://www.revenue.nh.gov/sites/g/files/ehbemt736/files/documents/2025-municipal-and-village-district-tax-rates.xlsx,https://www.revenue.nh.gov/sites/g/files/ehbemt736/files/documents/ratio-median-ratio-cod-prd-ten-year-history.xlsx,https://www.revenue.nh.gov/sites/g/files/ehbemt736/files/documents/2025-tables-by-county.xlsx,2026-08-21,2025
Chatham,town,0.42,0.74,6.37,0.94,8.47,102.29,ESTIMATE (DRA 2025 official not yet published),8.66,8.47,"total_rate * equalization_ratio; +0.13 bias, median|err| 0.085 vs DRA 2024",107211838,887827,104811651,https://www.revenue.nh.gov/sites/g/files/ehbemt736/files/documents/2025-municipal-and-village-district-tax-rates.xlsx,https://www.revenue.nh.gov/sites/g/files/ehbemt736/files/documents/ratio-median-ratio-cod-prd-ten-year-history.xlsx,https://www.revenue.nh.gov/sites/g/files/ehbemt736/files/documents/2025-tables-by-county.xlsx,2026-08-21,2025
Chester,town,4.89,0.6,10.26,1.15,16.9,88.71,ESTIMATE (DRA 2025 official not yet published),14.99,14.72,"total_rate * equalization_ratio; +0.13 bias, median|err| 0.085 vs DRA 2024",1165311618,19333913,1313619229,https://www.revenue.nh.gov/sites/g/files/ehbemt736/files/documents/2025-municipal-and-village-district-tax-rates.xlsx,https://www.revenue.nh.gov/sites/g/files/ehbemt736/files/documents/ratio-median-ratio-cod-prd-ten-year-history.xlsx,https://www.revenue.nh.gov/sites/g/files/ehbemt736/files/documents/2025-tables-by-county.xlsx,2026-08-21,2025
Chesterfield,town,4.65,3.38,12.05,1.57,21.65,61.34,ESTIMATE (DRA 2025 official not yet published),13.28,13.16,"total_rate * equalization_ratio; +0.13 bias, median|err| 0.085 vs DRA 2024",623140697,13372120,1015879845,https://www.revenue.nh.gov/sites/g/files/ehbemt736/files/documents/2025-municipal-and-village-district-tax-rates.xlsx,https://www.revenue.nh.gov/sites/g/files/ehbemt736/files/documents/ratio-median-ratio-cod-prd-ten-year-history.xlsx,https://www.revenue.nh.gov/sites/g/files/ehbemt736/files/documents/2025-tables-by-county.xlsx,2026-08-21,2025
Chichester,town,4.59,1.68,10.47,1.09,17.83,83.54,ESTIMATE (DRA 2025 official not yet published),14.9,14.7,"total_rate * equalization_ratio; +0.13 bias, median|err| 0.085 vs DRA 2024",562549847,9896627,673389810,https://www.revenue.nh.gov/sites/g/files/ehbemt736/files/documents/2025-municipal-and-village-district-tax-rates.xlsx,https://www.revenue.nh.gov/sites/g/files/ehbemt736/files/documents/ratio-median-ratio-cod-prd-ten-year-history.xlsx,https://www.revenue.nh.gov/sites/g/files/ehbemt736/files/documents/2025-tables-by-county.xlsx,2026-08-21,2025
Claremont,city,10.64,2.45,16.22,1.23,30.54,77.12,ESTIMATE (DRA 2025 official not yet published),23.55,22.89,"total_rate * equalization_ratio; +0.13 bias, median|err| 0.085 vs DRA 2024",1254613483,37240062,1626832836,https://www.revenue.nh.gov/sites/g/files/ehbemt736/files/documents/2025-municipal-and-village-district-tax-rates.xlsx,https://www.revenue.nh.gov/sites/g/files/ehbemt736/files/documents/ratio-median-ratio-cod-prd-ten-year-history.xlsx,https://www.revenue.nh.gov/sites/g/files/ehbemt736/files/documents/2025-tables-by-county.xlsx,2026-08-21,2025
Clarksville,town,4.08,4.91,6.37,2.49,17.85,57.25,ESTIMATE (DRA 2025 official not yet published),10.22,10.09,"total_rate * equalization_ratio; +0.13 bias, median|err| 0.085 vs DRA 2024",51032445,899386,89139642,https://www.revenue.nh.gov/sites/g/files/ehbemt736/files/documents/2025-municipal-and-village-district-tax-rates.xlsx,https://www.revenue.nh.gov/sites/g/files/ehbemt736/files/documents/ratio-median-ratio-cod-prd-ten-year-history.xlsx,https://www.revenue.nh.gov/sites/g/files/ehbemt736/files/documents/2025-tables-by-county.xlsx,2026-08-21,2025
Colebrook,town,7.25,2.47,6.28,1.08,17.08,95.27,ESTIMATE (DRA 2025 official not yet published),16.27,16.14,"total_rate * equalization_ratio; +0.13 bias, median|err| 0.085 vs DRA 2024",385557032,6530196,404699309,https://www.revenue.nh.gov/sites/g/files/ehbemt736/files/documents/2025-municipal-and-village-district-tax-rates.xlsx,https://www.revenue.nh.gov/sites/g/files/ehbemt736/files/documents/ratio-median-ratio-cod-prd-ten-year-history.xlsx,https://www.revenue.nh.gov/sites/g/files/ehbemt736/files/documents/2025-tables-by-county.xlsx,2026-08-21,2025
Columbia,town,4.33,5.31,10.05,2.02,21.71,39.98,ESTIMATE (DRA 2025 official not yet published),8.68,8.48,"total_rate * equalization_ratio; +0.13 bias, median|err| 0.085 vs DRA 2024",87376421,1853461,218550328,https://www.revenue.nh.gov/sites/g/files/ehbemt736/files/documents/2025-municipal-and-village-district-tax-rates.xlsx,https://www.revenue.nh.gov/sites/g/files/ehbemt736/files/documents/ratio-median-ratio-cod-prd-ten-year-history.xlsx,https://www.revenue.nh.gov/sites/g/files/ehbemt736/files/documents/2025-tables-by-county.xlsx,2026-08-21,2025
Concord,city,10.18,2.54,14.81,1.58,29.11,61.52,ESTIMATE (DRA 2025 official not yet published),17.91,18.67,"total_rate * equalization_ratio; +0.13 bias, median|err| 0.085 vs DRA 2024",5388187231,163538378,8758431780,https://www.revenue.nh.gov/sites/g/files/ehbemt736/files/documents/2025-municipal-and-village-district-tax-rates.xlsx,https://www.revenue.nh.gov/sites/g/files/ehbemt736/files/documents/ratio-median-ratio-cod-prd-ten-year-history.xlsx,https://www.revenue.nh.gov/sites/g/files/ehbemt736/files/documents/2025-tables-by-county.xlsx,2026-08-21,2025
Conway,town,2.5,0.81,7.12,1.11,11.54,83.72,ESTIMATE (DRA 2025 official not yet published),9.66,9.53,"total_rate * equalization_ratio; +0.13 bias, median|err| 0.085 vs DRA 2024",3334189700,37935228,3982548614,https://www.revenue.nh.gov/sites/g/files/ehbemt736/files/documents/2025-municipal-and-village-district-tax-rates.xlsx,https://www.revenue.nh.gov/sites/g/files/ehbemt736/files/documents/ratio-median-ratio-cod-prd-ten-year-history.xlsx,https://www.revenue.nh.gov/sites/g/files/ehbemt736/files/documents/2025-tables-by-county.xlsx,2026-08-21,2025
Cornish,town,2.68,2.02,11.57,1.03,17.3,96.76,ESTIMATE (DRA 2025 official not yet published),16.74,16.57,"total_rate * equalization_ratio; +0.13 bias, median|err| 0.085 vs DRA 2024",358388744,6135960,370389359,https://www.revenue.nh.gov/sites/g/files/ehbemt736/files/documents/2025-municipal-and-village-district-tax-rates.xlsx,https://www.revenue.nh.gov/sites/g/files/ehbemt736/files/documents/ratio-median-ratio-cod-prd-ten-year-history.xlsx,https://www.revenue.nh.gov/sites/g/files/ehbemt736/files/documents/2025-tables-by-county.xlsx,2026-08-21,2025
Crawford's Purchase,unincorporated,-4.15,4.15,0,1.06,1.06,77.4,ESTIMATE (DRA 2025 official not yet published),0.82,0.82,"total_rate * equalization_ratio; +0.13 bias, median|err| 0.085 vs DRA 2024",419590,444,542106,https://www.revenue.nh.gov/sites/g/files/ehbemt736/files/documents/2025-municipal-and-village-district-tax-rates.xlsx,https://www.revenue.nh.gov/sites/g/files/ehbemt736/files/documents/ratio-median-ratio-cod-prd-ten-year-history.xlsx,https://www.revenue.nh.gov/sites/g/files/ehbemt736/files/documents/2025-tables-by-county.xlsx,2026-08-21,2025
Croydon,town,0.36,1.52,6.28,0.82,8.98,100.49,ESTIMATE (DRA 2025 official not yet published),9.02,8.9,"total_rate * equalization_ratio; +0.13 bias, median|err| 0.085 vs DRA 2024",228044120,2018591,226932152,https://www.revenue.nh.gov/sites/g/files/ehbemt736/files/documents/2025-municipal-and-village-district-tax-rates.xlsx,https://www.revenue.nh.gov/sites/g/files/ehbemt736/files/documents/ratio-median-ratio-cod-prd-ten-year-history.xlsx,https://www.revenue.nh.gov/sites/g/files/ehbemt736/files/documents/2025-tables-by-county.xlsx,2026-08-21,2025
Cutt's Grant,unincorporated,0,0,0,0,0,77.4,ESTIMATE (DRA 2025 official not yet published),0.0,,"total_rate * equalization_ratio; +0.13 bias, median|err| 0.085 vs DRA 2024",0,0,,https://www.revenue.nh.gov/sites/g/files/ehbemt736/files/documents/2025-municipal-and-village-district-tax-rates.xlsx,https://www.revenue.nh.gov/sites/g/files/ehbemt736/files/documents/ratio-median-ratio-cod-prd-ten-year-history.xlsx,https://www.revenue.nh.gov/sites/g/files/ehbemt736/files/documents/2025-tables-by-county.xlsx,2026-08-21,2025
Dalton,town,5.07,3.09,7.68,1.23,17.07,70.49,ESTIMATE (DRA 2025 official not yet published),12.03,11.78,"total_rate * equalization_ratio; +0.13 bias, median|err| 0.085 vs DRA 2024",152177958,2543262,215885882,https://www.revenue.nh.gov/sites/g/files/ehbemt736/files/documents/2025-municipal-and-village-district-tax-rates.xlsx,https://www.revenue.nh.gov/sites/g/files/ehbemt736/files/documents/ratio-median-ratio-cod-prd-ten-year-history.xlsx,https://www.revenue.nh.gov/sites/g/files/ehbemt736/files/documents/2025-tables-by-county.xlsx,2026-08-21,2025
Danbury,town,7.37,2.42,12.45,1.46,23.7,54.38,ESTIMATE (DRA 2025 official not yet published),12.89,12.78,"total_rate * equalization_ratio; +0.13 bias, median|err| 0.085 vs DRA 2024",179051417,4206860,329259686,https://www.revenue.nh.gov/sites/g/files/ehbemt736/files/documents/2025-municipal-and-village-district-tax-rates.xlsx,https://www.revenue.nh.gov/sites/g/files/ehbemt736/files/documents/ratio-median-ratio-cod-prd-ten-year-history.xlsx,https://www.revenue.nh.gov/sites/g/files/ehbemt736/files/documents/2025-tables-by-county.xlsx,2026-08-21,2025
Danville,town,4.83,0.88,15.54,1.59,22.84,61.76,ESTIMATE (DRA 2025 official not yet published),14.11,13.85,"total_rate * equalization_ratio; +0.13 bias, median|err| 0.085 vs DRA 2024",599569499,13448717,970805536,https://www.revenue.nh.gov/sites/g/files/ehbemt736/files/documents/2025-municipal-and-village-district-tax-rates.xlsx,https://www.revenue.nh.gov/sites/g/files/ehbemt736/files/documents/ratio-median-ratio-cod-prd-ten-year-history.xlsx,https://www.revenue.nh.gov/sites/g/files/ehbemt736/files/documents/2025-tables-by-county.xlsx,2026-08-21,2025
Deerfield,town,2.57,0.54,11.39,1.04,15.54,100.07,ESTIMATE (DRA 2025 official not yet published),15.55,15.24,"total_rate * equalization_ratio; +0.13 bias, median|err| 0.085 vs DRA 2024",1346645025,20502240,1345703033,https://www.revenue.nh.gov/sites/g/files/ehbemt736/files/documents/2025-municipal-and-village-district-tax-rates.xlsx,https://www.revenue.nh.gov/sites/g/files/ehbemt736/files/documents/ratio-median-ratio-cod-prd-ten-year-history.xlsx,https://www.revenue.nh.gov/sites/g/files/ehbemt736/files/documents/2025-tables-by-county.xlsx,2026-08-21,2025
Deering,town,4.92,0.95,10.47,1.02,17.36,99.58,ESTIMATE (DRA 2025 official not yet published),17.29,17.14,"total_rate * equalization_ratio; +0.13 bias, median|err| 0.085 vs DRA 2024",427674884,7359449,429478695,https://www.revenue.nh.gov/sites/g/files/ehbemt736/files/documents/2025-municipal-and-village-district-tax-rates.xlsx,https://www.revenue.nh.gov/sites/g/files/ehbemt736/files/documents/ratio-median-ratio-cod-prd-ten-year-history.xlsx,https://www.revenue.nh.gov/sites/g/files/ehbemt736/files/documents/2025-tables-by-county.xlsx,2026-08-21,2025
Derry,town,5.39,0.62,11.84,1.14,18.99,90.77,ESTIMATE (DRA 2025 official not yet published),17.24,16.7,"total_rate * equalization_ratio; +0.13 bias, median|err| 0.085 vs DRA 2024",5805281468,106799960,6395594875,https://www.revenue.nh.gov/sites/g/files/ehbemt736/files/documents/2025-municipal-and-village-district-tax-rates.xlsx,https://www.revenue.nh.gov/sites/g/files/ehbemt736/files/documents/ratio-median-ratio-cod-prd-ten-year-history.xlsx,https://www.revenue.nh.gov/sites/g/files/ehbemt736/files/documents/2025-tables-by-county.xlsx,2026-08-21,2025
Dix's Grant,unincorporated,-3.93,3.93,0,1.12,1.12,77.4,ESTIMATE (DRA 2025 official not yet published),0.87,0.87,"total_rate * equalization_ratio; +0.13 bias, median|err| 0.085 vs DRA 2024",1350236,1519,1744491,https://www.revenue.nh.gov/sites/g/files/ehbemt736/files/documents/2025-municipal-and-village-district-tax-rates.xlsx,https://www.revenue.nh.gov/sites/g/files/ehbemt736/files/documents/ratio-median-ratio-cod-prd-ten-year-history.xlsx,https://www.revenue.nh.gov/sites/g/files/ehbemt736/files/documents/2025-tables-by-county.xlsx,2026-08-21,2025
Dixville,unincorporated,-4.13,4.13,0,1.08,1.08,77.4,ESTIMATE (DRA 2025 official not yet published),0.84,0.82,"total_rate * equalization_ratio; +0.13 bias, median|err| 0.085 vs DRA 2024",10885459,11493,14063901,https://www.revenue.nh.gov/sites/g/files/ehbemt736/files/documents/2025-municipal-and-village-district-tax-rates.xlsx,https://www.revenue.nh.gov/sites/g/files/ehbemt736/files/documents/ratio-median-ratio-cod-prd-ten-year-history.xlsx,https://www.revenue.nh.gov/sites/g/files/ehbemt736/files/documents/2025-tables-by-county.xlsx,2026-08-21,2025
Dorchester,town,6.71,0.96,7.55,0.89,16.11,95.96,ESTIMATE (DRA 2025 official not yet published),15.46,15.34,"total_rate * equalization_ratio; +0.13 bias, median|err| 0.085 vs DRA 2024",91710155,1465825,95571233,https://www.revenue.nh.gov/sites/g/files/ehbemt736/files/documents/2025-municipal-and-village-district-tax-rates.xlsx,https://www.revenue.nh.gov/sites/g/files/ehbemt736/files/documents/ratio-median-ratio-cod-prd-ten-year-history.xlsx,https://www.revenue.nh.gov/sites/g/files/ehbemt736/files/documents/2025-tables-by-county.xlsx,2026-08-21,2025
Dover,city,6.91,1.83,9.78,1.16,19.68,88.17,ESTIMATE (DRA 2025 official not yet published),17.35,16.69,"total_rate * equalization_ratio; +0.13 bias, median|err| 0.085 vs DRA 2024",6676274800,126348472,7572048089,https://www.revenue.nh.gov/sites/g/files/ehbemt736/files/documents/2025-municipal-and-village-district-tax-rates.xlsx,https://www.revenue.nh.gov/sites/g/files/ehbemt736/files/documents/ratio-median-ratio-cod-prd-ten-year-history.xlsx,https://www.revenue.nh.gov/sites/g/files/ehbemt736/files/documents/2025-tables-by-county.xlsx,2026-08-21,2025
Dublin,town,5.37,2.1,9.04,1.11,17.62,93.53,ESTIMATE (DRA 2025 official not yet published),16.48,16.33,"total_rate * equalization_ratio; +0.13 bias, median|err| 0.085 vs DRA 2024",479762260,8376686,512950134,https://www.revenue.nh.gov/sites/g/files/ehbemt736/files/documents/2025-municipal-and-village-district-tax-rates.xlsx,https://www.revenue.nh.gov/sites/g/files/ehbemt736/files/documents/ratio-median-ratio-cod-prd-ten-year-history.xlsx,https://www.revenue.nh.gov/sites/g/files/ehbemt736/files/documents/2025-tables-by-county.xlsx,2026-08-21,2025
Dummer,town,3.33,2.09,3.12,0.92,9.46,105.67,ESTIMATE (DRA 2025 official not yet published),10.0,9.38,"total_rate * equalization_ratio; +0.13 bias, median|err| 0.085 vs DRA 2024",196191194,1740773,185664043,https://www.revenue.nh.gov/sites/g/files/ehbemt736/files/documents/2025-municipal-and-village-district-tax-rates.xlsx,https://www.revenue.nh.gov/sites/g/files/ehbemt736/files/documents/ratio-median-ratio-cod-prd-ten-year-history.xlsx,https://www.revenue.nh.gov/sites/g/files/ehbemt736/files/documents/2025-tables-by-county.xlsx,2026-08-21,2025
Dunbarton,town,3.16,1.57,10.61,1,16.34,95.71,ESTIMATE (DRA 2025 official not yet published),15.64,15.51,"total_rate * equalization_ratio; +0.13 bias, median|err| 0.085 vs DRA 2024",747558401,12114508,781066138,https://www.revenue.nh.gov/sites/g/files/ehbemt736/files/documents/2025-municipal-and-village-district-tax-rates.xlsx,https://www.revenue.nh.gov/sites/g/files/ehbemt736/files/documents/ratio-median-ratio-cod-prd-ten-year-history.xlsx,https://www.revenue.nh.gov/sites/g/files/ehbemt736/files/documents/2025-tables-by-county.xlsx,2026-08-21,2025
Durham,town,5.12,1.9,10.79,1.06,18.87,94.62,ESTIMATE (DRA 2025 official not yet published),17.85,17.65,"total_rate * equalization_ratio; +0.13 bias, median|err| 0.085 vs DRA 2024",2180851492,40685844,2304852560,https://www.revenue.nh.gov/sites/g/files/ehbemt736/files/documents/2025-municipal-and-village-district-tax-rates.xlsx,https://www.revenue.nh.gov/sites/g/files/ehbemt736/files/documents/ratio-median-ratio-cod-prd-ten-year-history.xlsx,https://www.revenue.nh.gov/sites/g/files/ehbemt736/files/documents/2025-tables-by-county.xlsx,2026-08-21,2025
East Kingston,town,3.61,0.55,10.76,1.02,15.94,91.56,ESTIMATE (DRA 2025 official not yet published),14.59,14.44,"total_rate * equalization_ratio; +0.13 bias, median|err| 0.085 vs DRA 2024",626560083,9880546,684316386,https://www.revenue.nh.gov/sites/g/files/ehbemt736/files/documents/2025-municipal-and-village-district-tax-rates.xlsx,https://www.revenue.nh.gov/sites/g/files/ehbemt736/files/documents/ratio-median-ratio-cod-prd-ten-year-history.xlsx,https://www.revenue.nh.gov/sites/g/files/ehbemt736/files/documents/2025-tables-by-county.xlsx,2026-08-21,2025
Easton,town,0.87,1.05,5.99,1.07,8.98,91.77,ESTIMATE (DRA 2025 official not yet published),8.24,8.19,"total_rate * equalization_ratio; +0.13 bias, median|err| 0.085 vs DRA 2024",136195528,1214797,148409641,https://www.revenue.nh.gov/sites/g/files/ehbemt736/files/documents/2025-municipal-and-village-district-tax-rates.xlsx,https://www.revenue.nh.gov/sites/g/files/ehbemt736/files/documents/ratio-median-ratio-cod-prd-ten-year-history.xlsx,https://www.revenue.nh.gov/sites/g/files/ehbemt736/files/documents/2025-tables-by-county.xlsx,2026-08-21,2025
Eaton,town,6.85,1.07,5.39,1.43,14.74,63.92,ESTIMATE (DRA 2025 official not yet published),9.42,9.31,"total_rate * equalization_ratio; +0.13 bias, median|err| 0.085 vs DRA 2024",149624762,2178449,234081292,https://www.revenue.nh.gov/sites/g/files/ehbemt736/files/documents/2025-municipal-and-village-district-tax-rates.xlsx,https://www.revenue.nh.gov/sites/g/files/ehbemt736/files/documents/ratio-median-ratio-cod-prd-ten-year-history.xlsx,https://www.revenue.nh.gov/sites/g/files/ehbemt736/files/documents/2025-tables-by-county.xlsx,2026-08-21,2025
Effingham,town,5.45,0.66,8.3,0.97,15.38,94.69,ESTIMATE (DRA 2025 official not yet published),14.56,14.41,"total_rate * equalization_ratio; +0.13 bias, median|err| 0.085 vs DRA 2024",394046973,5997248,416144232,https://www.revenue.nh.gov/sites/g/files/ehbemt736/files/documents/2025-municipal-and-village-district-tax-rates.xlsx,https://www.revenue.nh.gov/sites/g/files/ehbemt736/files/documents/ratio-median-ratio-cod-prd-ten-year-history.xlsx,https://www.revenue.nh.gov/sites/g/files/ehbemt736/files/documents/2025-tables-by-county.xlsx,2026-08-21,2025
Ellsworth,town,2.97,0.84,2.76,0.79,7.36,102.73,ESTIMATE (DRA 2025 official not yet published),7.56,7.53,"total_rate * equalization_ratio; +0.13 bias, median|err| 0.085 vs DRA 2024",43928089,322046,42760721,https://www.revenue.nh.gov/sites/g/files/ehbemt736/files/documents/2025-municipal-and-village-district-tax-rates.xlsx,https://www.revenue.nh.gov/sites/g/files/ehbemt736/files/documents/ratio-median-ratio-cod-prd-ten-year-history.xlsx,https://www.revenue.nh.gov/sites/g/files/ehbemt736/files/documents/2025-tables-by-county.xlsx,2026-08-21,2025
Enfield,town,5.88,1.12,9.66,1.17,17.83,84.19,ESTIMATE (DRA 2025 official not yet published),15.01,14.32,"total_rate * equalization_ratio; +0.13 bias, median|err| 0.085 vs DRA 2024",1080400131,18381817,1283287957,https://www.revenue.nh.gov/sites/g/files/ehbemt736/files/documents/2025-municipal-and-village-district-tax-rates.xlsx,https://www.revenue.nh.gov/sites/g/files/ehbemt736/files/documents/ratio-median-ratio-cod-prd-ten-year-history.xlsx,https://www.revenue.nh.gov/sites/g/files/ehbemt736/files/documents/2025-tables-by-county.xlsx,2026-08-21,2025
Epping,town,3.23,0.56,10.18,1.03,15,96.26,ESTIMATE (DRA 2025 official not yet published),14.44,14.21,"total_rate * equalization_ratio; +0.13 bias, median|err| 0.085 vs DRA 2024",1750356500,25843231,1818363287,https://www.revenue.nh.gov/sites/g/files/ehbemt736/files/documents/2025-municipal-and-village-district-tax-rates.xlsx,https://www.revenue.nh.gov/sites/g/files/ehbemt736/files/documents/ratio-median-ratio-cod-prd-ten-year-history.xlsx,https://www.revenue.nh.gov/sites/g/files/ehbemt736/files/documents/2025-tables-by-county.xlsx,2026-08-21,2025
Epsom,town,2.74,1.64,12.12,1.04,17.54,102.23,ESTIMATE (DRA 2025 official not yet published),17.93,17.75,"total_rate * equalization_ratio; +0.13 bias, median|err| 0.085 vs DRA 2024",924091586,16042830,903933861,https://www.revenue.nh.gov/sites/g/files/ehbemt736/files/documents/2025-municipal-and-village-district-tax-rates.xlsx,https://www.revenue.nh.gov/sites/g/files/ehbemt736/files/documents/ratio-median-ratio-cod-prd-ten-year-history.xlsx,https://www.revenue.nh.gov/sites/g/files/ehbemt736/files/documents/2025-tables-by-county.xlsx,2026-08-21,2025
Errol,town,0.8,2.89,4.64,1.12,9.45,77.4,ESTIMATE (DRA 2025 official not yet published),7.31,7.22,"total_rate * equalization_ratio; +0.13 bias, median|err| 0.085 vs DRA 2024",144795351,1350851,187074097,https://www.revenue.nh.gov/sites/g/files/ehbemt736/files/documents/2025-municipal-and-village-district-tax-rates.xlsx,https://www.revenue.nh.gov/sites/g/files/ehbemt736/files/documents/ratio-median-ratio-cod-prd-ten-year-history.xlsx,https://www.revenue.nh.gov/sites/g/files/ehbemt736/files/documents/2025-tables-by-county.xlsx,2026-08-21,2025
Erving's Grant,unincorporated,-3.21,3.21,0,1.41,1.41,79.62,ESTIMATE (DRA 2025 official not yet published),1.12,1.12,"total_rate * equalization_ratio; +0.13 bias, median|err| 0.085 vs DRA 2024",46712,66,58669,https://www.revenue.nh.gov/sites/g/files/ehbemt736/files/documents/2025-municipal-and-village-district-tax-rates.xlsx,https://www.revenue.nh.gov/sites/g/files/ehbemt736/files/documents/ratio-median-ratio-cod-prd-ten-year-history.xlsx,https://www.revenue.nh.gov/sites/g/files/ehbemt736/files/documents/2025-tables-by-county.xlsx,2026-08-21,2025
Exeter,town,4.48,0.63,12.46,1.19,18.76,87.74,ESTIMATE (DRA 2025 official not yet published),16.46,15.64,"total_rate * equalization_ratio; +0.13 bias, median|err| 0.085 vs DRA 2024",3662502353,65284686,4174267555,https://www.revenue.nh.gov/sites/g/files/ehbemt736/files/documents/2025-municipal-and-village-district-tax-rates.xlsx,https://www.revenue.nh.gov/sites/g/files/ehbemt736/files/documents/ratio-median-ratio-cod-prd-ten-year-history.xlsx,https://www.revenue.nh.gov/sites/g/files/ehbemt736/files/documents/2025-tables-by-county.xlsx,2026-08-21,2025
Farmington,town,5.29,1.74,7.56,1.05,15.64,87.4,ESTIMATE (DRA 2025 official not yet published),13.67,13.28,"total_rate * equalization_ratio; +0.13 bias, median|err| 0.085 vs DRA 2024",1050240626,15961868,1201648314,https://www.revenue.nh.gov/sites/g/files/ehbemt736/files/documents/2025-municipal-and-village-district-tax-rates.xlsx,https://www.revenue.nh.gov/sites/g/files/ehbemt736/files/documents/ratio-median-ratio-cod-prd-ten-year-history.xlsx,https://www.revenue.nh.gov/sites/g/files/ehbemt736/files/documents/2025-tables-by-county.xlsx,2026-08-21,2025
Fitzwilliam,town,3.65,2.37,11.94,1.26,19.22,77.06,ESTIMATE (DRA 2025 official not yet published),14.81,14.53,"total_rate * equalization_ratio; +0.13 bias, median|err| 0.085 vs DRA 2024",499909239,9426580,648727276,https://www.revenue.nh.gov/sites/g/files/ehbemt736/files/documents/2025-municipal-and-village-district-tax-rates.xlsx,https://www.revenue.nh.gov/sites/g/files/ehbemt736/files/documents/ratio-median-ratio-cod-prd-ten-year-history.xlsx,https://www.revenue.nh.gov/sites/g/files/ehbemt736/files/documents/2025-tables-by-county.xlsx,2026-08-21,2025
Francestown,town,4.4,0.92,9.2,1.08,15.6,100.41,ESTIMATE (DRA 2025 official not yet published),15.66,15.56,"total_rate * equalization_ratio; +0.13 bias, median|err| 0.085 vs DRA 2024",413737346,6410913,412047949,https://www.revenue.nh.gov/sites/g/files/ehbemt736/files/documents/2025-municipal-and-village-district-tax-rates.xlsx,https://www.revenue.nh.gov/sites/g/files/ehbemt736/files/documents/ratio-median-ratio-cod-prd-ten-year-history.xlsx,https://www.revenue.nh.gov/sites/g/files/ehbemt736/files/documents/2025-tables-by-county.xlsx,2026-08-21,2025
Franconia,town,6.74,1.73,5.87,1.6,15.94,63.98,ESTIMATE (DRA 2025 official not yet published),10.2,10.16,"total_rate * equalization_ratio; +0.13 bias, median|err| 0.085 vs DRA 2024",437690201,6948528,684104722,https://www.revenue.nh.gov/sites/g/files/ehbemt736/files/documents/2025-municipal-and-village-district-tax-rates.xlsx,https://www.revenue.nh.gov/sites/g/files/ehbemt736/files/documents/ratio-median-ratio-cod-prd-ten-year-history.xlsx,https://www.revenue.nh.gov/sites/g/files/ehbemt736/files/documents/2025-tables-by-county.xlsx,2026-08-21,2025
Franklin,city,9.42,1.99,5.01,1.21,17.63,80.46,ESTIMATE (DRA 2025 official not yet published),14.19,13.85,"total_rate * equalization_ratio; +0.13 bias, median|err| 0.085 vs DRA 2024",1158642112,19947232,1440022511,https://www.revenue.nh.gov/sites/g/files/ehbemt736/files/documents/2025-municipal-and-village-district-tax-rates.xlsx,https://www.revenue.nh.gov/sites/g/files/ehbemt736/files/documents/ratio-median-ratio-cod-prd-ten-year-history.xlsx,https://www.revenue.nh.gov/sites/g/files/ehbemt736/files/documents/2025-tables-by-county.xlsx,2026-08-21,2025
Freedom,town,2.96,0.71,2.63,1.09,7.39,97.63,ESTIMATE (DRA 2025 official not yet published),7.21,7.19,"total_rate * equalization_ratio; +0.13 bias, median|err| 0.085 vs DRA 2024",1187005513,8736956,1215820458,https://www.revenue.nh.gov/sites/g/files/ehbemt736/files/documents/2025-municipal-and-village-district-tax-rates.xlsx,https://www.revenue.nh.gov/sites/g/files/ehbemt736/files/documents/ratio-median-ratio-cod-prd-ten-year-history.xlsx,https://www.revenue.nh.gov/sites/g/files/ehbemt736/files/documents/2025-tables-by-county.xlsx,2026-08-21,2025
Fremont,town,3.28,0.56,12.07,1.04,16.95,92.49,ESTIMATE (DRA 2025 official not yet published),15.68,15.39,"total_rate * equalization_ratio; +0.13 bias, median|err| 0.085 vs DRA 2024",945154391,15723805,1021899006,https://www.revenue.nh.gov/sites/g/files/ehbemt736/files/documents/2025-municipal-and-village-district-tax-rates.xlsx,https://www.revenue.nh.gov/sites/g/files/ehbemt736/files/documents/ratio-median-ratio-cod-prd-ten-year-history.xlsx,https://www.revenue.nh.gov/sites/g/files/ehbemt736/files/documents/2025-tables-by-county.xlsx,2026-08-21,2025
Gilford,town,4.03,1.06,5.61,1.15,11.85,75.96,ESTIMATE (DRA 2025 official not yet published),9.0,8.94,"total_rate * equalization_ratio; +0.13 bias, median|err| 0.085 vs DRA 2024",3557900820,41853061,4683913665,https://www.revenue.nh.gov/sites/g/files/ehbemt736/files/documents/2025-municipal-and-village-district-tax-rates.xlsx,https://www.revenue.nh.gov/sites/g/files/ehbemt736/files/documents/ratio-median-ratio-cod-prd-ten-year-history.xlsx,https://www.revenue.nh.gov/sites/g/files/ehbemt736/files/documents/2025-tables-by-county.xlsx,2026-08-21,2025
Gilmanton,town,3.35,0.85,10.04,1.01,15.25,95.22,ESTIMATE (DRA 2025 official not yet published),14.52,14.38,"total_rate * equalization_ratio; +0.13 bias, median|err| 0.085 vs DRA 2024",1070690171,16170820,1124438323,https://www.revenue.nh.gov/sites/g/files/ehbemt736/files/documents/2025-municipal-and-village-district-tax-rates.xlsx,https://www.revenue.nh.gov/sites/g/files/ehbemt736/files/documents/ratio-median-ratio-cod-prd-ten-year-history.xlsx,https://www.revenue.nh.gov/sites/g/files/ehbemt736/files/documents/2025-tables-by-county.xlsx,2026-08-21,2025
Gilsum,town,4.54,2.1,8.6,0.89,16.13,95.98,ESTIMATE (DRA 2025 official not yet published),15.48,15.43,"total_rate * equalization_ratio; +0.13 bias, median|err| 0.085 vs DRA 2024",137525404,2211059,143285480,https://www.revenue.nh.gov/sites/g/files/ehbemt736/files/documents/2025-municipal-and-village-district-tax-rates.xlsx,https://www.revenue.nh.gov/sites/g/files/ehbemt736/files/documents/ratio-median-ratio-cod-prd-ten-year-history.xlsx,https://www.revenue.nh.gov/sites/g/files/ehbemt736/files/documents/2025-tables-by-county.xlsx,2026-08-21,2025
Goffstown,town,7.02,1.08,11.59,1.19,20.88,80.95,ESTIMATE (DRA 2025 official not yet published),16.9,16.68,"total_rate * equalization_ratio; +0.13 bias, median|err| 0.085 vs DRA 2024",2759445950,56874199,3408827610,https://www.revenue.nh.gov/sites/g/files/ehbemt736/files/documents/2025-municipal-and-village-district-tax-rates.xlsx,https://www.revenue.nh.gov/sites/g/files/ehbemt736/files/documents/ratio-median-ratio-cod-prd-ten-year-history.xlsx,https://www.revenue.nh.gov/sites/g/files/ehbemt736/files/documents/2025-tables-by-county.xlsx,2026-08-21,2025
Gorham,town,9.03,2.54,10.92,0.96,23.45,99.5,ESTIMATE (DRA 2025 official not yet published),23.33,23.1,"total_rate * equalization_ratio; +0.13 bias, median|err| 0.085 vs DRA 2024",506427054,11759761,508971914,https://www.revenue.nh.gov/sites/g/files/ehbemt736/files/documents/2025-municipal-and-village-district-tax-rates.xlsx,https://www.revenue.nh.gov/sites/g/files/ehbemt736/files/documents/ratio-median-ratio-cod-prd-ten-year-history.xlsx,https://www.revenue.nh.gov/sites/g/files/ehbemt736/files/documents/2025-tables-by-county.xlsx,2026-08-21,2025
Goshen,town,5.29,1.9,6.8,1,14.99,92.7,ESTIMATE (DRA 2025 official not yet published),13.9,13.77,"total_rate * equalization_ratio; +0.13 bias, median|err| 0.085 vs DRA 2024",163449422,2428580,176320844,https://www.revenue.nh.gov/sites/g/files/ehbemt736/files/documents/2025-municipal-and-village-district-tax-rates.xlsx,https://www.revenue.nh.gov/sites/g/files/ehbemt736/files/documents/ratio-median-ratio-cod-prd-ten-year-history.xlsx,https://www.revenue.nh.gov/sites/g/files/ehbemt736/files/documents/2025-tables-by-county.xlsx,2026-08-21,2025
Grafton,town,3.22,0.94,10.74,0.93,15.83,101.59,ESTIMATE (DRA 2025 official not yet published),16.08,15.88,"total_rate * equalization_ratio; +0.13 bias, median|err| 0.085 vs DRA 2024",277654151,4340422,273308545,https://www.revenue.nh.gov/sites/g/files/ehbemt736/files/documents/2025-municipal-and-village-district-tax-rates.xlsx,https://www.revenue.nh.gov/sites/g/files/ehbemt736/files/documents/ratio-median-ratio-cod-prd-ten-year-history.xlsx,https://www.revenue.nh.gov/sites/g/files/ehbemt736/files/documents/2025-tables-by-county.xlsx,2026-08-21,2025
Grantham,town,4.08,2.68,11.74,1.4,19.9,69.61,ESTIMATE (DRA 2025 official not yet published),13.85,13.72,"total_rate * equalization_ratio; +0.13 bias, median|err| 0.085 vs DRA 2024",771076767,15197070,1107709764,https://www.revenue.nh.gov/sites/g/files/ehbemt736/files/documents/2025-municipal-and-village-district-tax-rates.xlsx,https://www.revenue.nh.gov/sites/g/files/ehbemt736/files/documents/ratio-median-ratio-cod-prd-ten-year-history.xlsx,https://www.revenue.nh.gov/sites/g/files/ehbemt736/files/documents/2025-tables-by-county.xlsx,2026-08-21,2025
Green's Grant,unincorporated,2.17,3.83,0,0.97,6.97,77.4,ESTIMATE (DRA 2025 official not yet published),5.39,5.38,"total_rate * equalization_ratio; +0.13 bias, median|err| 0.085 vs DRA 2024",9998500,69562,12917959,https://www.revenue.nh.gov/sites/g/files/ehbemt736/files/documents/2025-municipal-and-village-district-tax-rates.xlsx,https://www.revenue.nh.gov/sites/g/files/ehbemt736/files/documents/ratio-median-ratio-cod-prd-ten-year-history.xlsx,https://www.revenue.nh.gov/sites/g/files/ehbemt736/files/documents/2025-tables-by-county.xlsx,2026-08-21,2025
Greenfield,town,8.01,0.92,11.01,1.06,21,94.78,ESTIMATE (DRA 2025 official not yet published),19.9,19.69,"total_rate * equalization_ratio; +0.13 bias, median|err| 0.085 vs DRA 2024",329929653,6854523,348100499,https://www.revenue.nh.gov/sites/g/files/ehbemt736/files/documents/2025-municipal-and-village-district-tax-rates.xlsx,https://www.revenue.nh.gov/sites/g/files/ehbemt736/files/documents/ratio-median-ratio-cod-prd-ten-year-history.xlsx,https://www.revenue.nh.gov/sites/g/files/ehbemt736/files/documents/2025-tables-by-county.xlsx,2026-08-21,2025
Greenland,town,3.3,0.65,8.27,1.14,13.36,82.58,ESTIMATE (DRA 2025 official not yet published),11.03,10.89,"total_rate * equalization_ratio; +0.13 bias, median|err| 0.085 vs DRA 2024",1431777930,18887010,1733807132,https://www.revenue.nh.gov/sites/g/files/ehbemt736/files/documents/2025-municipal-and-village-district-tax-rates.xlsx,https://www.revenue.nh.gov/sites/g/files/ehbemt736/files/documents/ratio-median-ratio-cod-prd-ten-year-history.xlsx,https://www.revenue.nh.gov/sites/g/files/ehbemt736/files/documents/2025-tables-by-county.xlsx,2026-08-21,2025
Greenville,town,7.29,1.03,7.31,1.09,16.72,86.4,ESTIMATE (DRA 2025 official not yet published),14.45,14.06,"total_rate * equalization_ratio; +0.13 bias, median|err| 0.085 vs DRA 2024",229594999,3737212,265734953,https://www.revenue.nh.gov/sites/g/files/ehbemt736/files/documents/2025-municipal-and-village-district-tax-rates.xlsx,https://www.revenue.nh.gov/sites/g/files/ehbemt736/files/documents/ratio-median-ratio-cod-prd-ten-year-history.xlsx,https://www.revenue.nh.gov/sites/g/files/ehbemt736/files/documents/2025-tables-by-county.xlsx,2026-08-21,2025
Groton,town,1.31,2.56,10.06,1.3,15.23,52.46,ESTIMATE (DRA 2025 official not yet published),7.99,7.8,"total_rate * equalization_ratio; +0.13 bias, median|err| 0.085 vs DRA 2024",110555627,1644316,210742713,https://www.revenue.nh.gov/sites/g/files/ehbemt736/files/documents/2025-municipal-and-village-district-tax-rates.xlsx,https://www.revenue.nh.gov/sites/g/files/ehbemt736/files/documents/ratio-median-ratio-cod-prd-ten-year-history.xlsx,https://www.revenue.nh.gov/sites/g/files/ehbemt736/files/documents/2025-tables-by-county.xlsx,2026-08-21,2025
Hadley's Purchase,unincorporated,0,0,0,0,0,77.4,ESTIMATE (DRA 2025 official not yet published),0.0,,"total_rate * equalization_ratio; +0.13 bias, median|err| 0.085 vs DRA 2024",0,0,,https://www.revenue.nh.gov/sites/g/files/ehbemt736/files/documents/2025-municipal-and-village-district-tax-rates.xlsx,https://www.revenue.nh.gov/sites/g/files/ehbemt736/files/documents/ratio-median-ratio-cod-prd-ten-year-history.xlsx,https://www.revenue.nh.gov/sites/g/files/ehbemt736/files/documents/2025-tables-by-county.xlsx,2026-08-21,2025
Hale's Location,unincorporated,0.63,0.77,0,0.93,2.33,94.6,ESTIMATE (DRA 2025 official not yet published),2.2,2.14,"total_rate * equalization_ratio; +0.13 bias, median|err| 0.085 vs DRA 2024",141706800,320995,149795772,https://www.revenue.nh.gov/sites/g/files/ehbemt736/files/documents/2025-municipal-and-village-district-tax-rates.xlsx,https://www.revenue.nh.gov/sites/g/files/ehbemt736/files/documents/ratio-median-ratio-cod-prd-ten-year-history.xlsx,https://www.revenue.nh.gov/sites/g/files/ehbemt736/files/documents/2025-tables-by-county.xlsx,2026-08-21,2025
Hampstead,town,3.51,0.61,13.83,1.14,19.09,88.41,ESTIMATE (DRA 2025 official not yet published),16.88,16.72,"total_rate * equalization_ratio; +0.13 bias, median|err| 0.085 vs DRA 2024",2079512839,39315853,2352124012,https://www.revenue.nh.gov/sites/g/files/ehbemt736/files/documents/2025-municipal-and-village-district-tax-rates.xlsx,https://www.revenue.nh.gov/sites/g/files/ehbemt736/files/documents/ratio-median-ratio-cod-prd-ten-year-history.xlsx,https://www.revenue.nh.gov/sites/g/files/ehbemt736/files/documents/2025-tables-by-county.xlsx,2026-08-21,2025
Hampton,town,4.71,0.61,6.13,1.16,12.61,89.68,ESTIMATE (DRA 2025 official not yet published),11.31,11.14,"total_rate * equalization_ratio; +0.13 bias, median|err| 0.085 vs DRA 2024",6090519000,75673801,6791390500,https://www.revenue.nh.gov/sites/g/files/ehbemt736/files/documents/2025-municipal-and-village-district-tax-rates.xlsx,https://www.revenue.nh.gov/sites/g/files/ehbemt736/files/documents/ratio-median-ratio-cod-prd-ten-year-history.xlsx,https://www.revenue.nh.gov/sites/g/files/ehbemt736/files/documents/2025-tables-by-county.xlsx,2026-08-21,2025
Hampton Falls,town,2.89,0.62,10.15,1.14,14.8,81.92,ESTIMATE (DRA 2025 official not yet published),12.12,12.01,"total_rate * equalization_ratio; +0.13 bias, median|err| 0.085 vs DRA 2024",882473043,12940625,1077237601,https://www.revenue.nh.gov/sites/g/files/ehbemt736/files/documents/2025-municipal-and-village-district-tax-rates.xlsx,https://www.revenue.nh.gov/sites/g/files/ehbemt736/files/documents/ratio-median-ratio-cod-prd-ten-year-history.xlsx,https://www.revenue.nh.gov/sites/g/files/ehbemt736/files/documents/2025-tables-by-county.xlsx,2026-08-21,2025
Hancock,town,8.98,1.56,14.97,1.56,27.07,58.61,ESTIMATE (DRA 2025 official not yet published),15.87,15.72,"total_rate * equalization_ratio; +0.13 bias, median|err| 0.085 vs DRA 2024",304056946,8156771,518779980,https://www.revenue.nh.gov/sites/g/files/ehbemt736/files/documents/2025-municipal-and-village-district-tax-rates.xlsx,https://www.revenue.nh.gov/sites/g/files/ehbemt736/files/documents/ratio-median-ratio-cod-prd-ten-year-history.xlsx,https://www.revenue.nh.gov/sites/g/files/ehbemt736/files/documents/2025-tables-by-county.xlsx,2026-08-21,2025
Hanover,town,3.3,1.12,7.23,1.13,12.78,91.42,ESTIMATE (DRA 2025 official not yet published),11.68,11.66,"total_rate * equalization_ratio; +0.13 bias, median|err| 0.085 vs DRA 2024",3915430601,49952474,4282903742,https://www.revenue.nh.gov/sites/g/files/ehbemt736/files/documents/2025-municipal-and-village-district-tax-rates.xlsx,https://www.revenue.nh.gov/sites/g/files/ehbemt736/files/documents/ratio-median-ratio-cod-prd-ten-year-history.xlsx,https://www.revenue.nh.gov/sites/g/files/ehbemt736/files/documents/2025-tables-by-county.xlsx,2026-08-21,2025
Harrisville,town,3.81,2.25,5.89,1.08,13.03,90.03,ESTIMATE (DRA 2025 official not yet published),11.73,11.7,"total_rate * equalization_ratio; +0.13 bias, median|err| 0.085 vs DRA 2024",350684009,4559182,389519059,https://www.revenue.nh.gov/sites/g/files/ehbemt736/files/documents/2025-municipal-and-village-district-tax-rates.xlsx,https://www.revenue.nh.gov/sites/g/files/ehbemt736/files/documents/ratio-median-ratio-cod-prd-ten-year-history.xlsx,https://www.revenue.nh.gov/sites/g/files/ehbemt736/files/documents/2025-tables-by-county.xlsx,2026-08-21,2025
Hart's Location,town,0.92,0.49,0.48,0.73,2.62,88.5,ESTIMATE (DRA 2025 official not yet published),2.32,2.3,"total_rate * equalization_ratio; +0.13 bias, median|err| 0.085 vs DRA 2024",37099696,96408,41920560,https://www.revenue.nh.gov/sites/g/files/ehbemt736/files/documents/2025-municipal-and-village-district-tax-rates.xlsx,https://www.revenue.nh.gov/sites/g/files/ehbemt736/files/documents/ratio-median-ratio-cod-prd-ten-year-history.xlsx,https://www.revenue.nh.gov/sites/g/files/ehbemt736/files/documents/2025-tables-by-county.xlsx,2026-08-21,2025
Haverhill,town,6.67,1.06,13.89,1.12,22.74,84.12,ESTIMATE (DRA 2025 official not yet published),19.13,18.8,"total_rate * equalization_ratio; +0.13 bias, median|err| 0.085 vs DRA 2024",705997317,15777988,839274034,https://www.revenue.nh.gov/sites/g/files/ehbemt736/files/documents/2025-municipal-and-village-district-tax-rates.xlsx,https://www.revenue.nh.gov/sites/g/files/ehbemt736/files/documents/ratio-median-ratio-cod-prd-ten-year-history.xlsx,https://www.revenue.nh.gov/sites/g/files/ehbemt736/files/documents/2025-tables-by-county.xlsx,2026-08-21,2025
Hebron,town,3.1,1.61,2.81,1.54,9.06,60.57,ESTIMATE (DRA 2025 official not yet published),5.49,5.46,"total_rate * equalization_ratio; +0.13 bias, median|err| 0.085 vs DRA 2024",416834868,3759048,688187003,https://www.revenue.nh.gov/sites/g/files/ehbemt736/files/documents/2025-municipal-and-village-district-tax-rates.xlsx,https://www.revenue.nh.gov/sites/g/files/ehbemt736/files/documents/ratio-median-ratio-cod-prd-ten-year-history.xlsx,https://www.revenue.nh.gov/sites/g/files/ehbemt736/files/documents/2025-tables-by-county.xlsx,2026-08-21,2025
Henniker,town,7.15,1.8,13.97,1.21,24.13,80.54,ESTIMATE (DRA 2025 official not yet published),19.43,19.3,"total_rate * equalization_ratio; +0.13 bias, median|err| 0.085 vs DRA 2024",752827108,18039774,934724495,https://www.revenue.nh.gov/sites/g/files/ehbemt736/files/documents/2025-municipal-and-village-district-tax-rates.xlsx,https://www.revenue.nh.gov/sites/g/files/ehbemt736/files/documents/ratio-median-ratio-cod-prd-ten-year-history.xlsx,https://www.revenue.nh.gov/sites/g/files/ehbemt736/files/documents/2025-tables-by-county.xlsx,2026-08-21,2025
Hill,town,3.37,1.51,7.38,1,13.26,97.8,ESTIMATE (DRA 2025 official not yet published),12.97,12.83,"total_rate * equalization_ratio; +0.13 bias, median|err| 0.085 vs DRA 2024",206959725,2714529,211615261,https://www.revenue.nh.gov/sites/g/files/ehbemt736/files/documents/2025-municipal-and-village-district-tax-rates.xlsx,https://www.revenue.nh.gov/sites/g/files/ehbemt736/files/documents/ratio-median-ratio-cod-prd-ten-year-history.xlsx,https://www.revenue.nh.gov/sites/g/files/ehbemt736/files/documents/2025-tables-by-county.xlsx,2026-08-21,2025
Hillsborough,town,7.95,1.03,10.98,1.09,21.05,91,ESTIMATE (DRA 2025 official not yet published),19.16,18.88,"total_rate * equalization_ratio; +0.13 bias, median|err| 0.085 vs DRA 2024",1028917326,21343302,1130678380,https://www.revenue.nh.gov/sites/g/files/ehbemt736/files/documents/2025-municipal-and-village-district-tax-rates.xlsx,https://www.revenue.nh.gov/sites/g/files/ehbemt736/files/documents/ratio-median-ratio-cod-prd-ten-year-history.xlsx,https://www.revenue.nh.gov/sites/g/files/ehbemt736/files/documents/2025-tables-by-county.xlsx,2026-08-21,2025
Hinsdale,town,8.83,2.87,18.03,1.35,31.08,66.4,ESTIMATE (DRA 2025 official not yet published),20.64,20.19,"total_rate * equalization_ratio; +0.13 bias, median|err| 0.085 vs DRA 2024",436073790,13259121,656737636,https://www.revenue.nh.gov/sites/g/files/ehbemt736/files/documents/2025-municipal-and-village-district-tax-rates.xlsx,https://www.revenue.nh.gov/sites/g/files/ehbemt736/files/documents/ratio-median-ratio-cod-prd-ten-year-history.xlsx,https://www.revenue.nh.gov/sites/g/files/ehbemt736/files/documents/2025-tables-by-county.xlsx,2026-08-21,2025
Holderness,town,2.15,1.34,4.8,1.13,9.42,71.31,ESTIMATE (DRA 2025 official not yet published),6.72,6.66,"total_rate * equalization_ratio; +0.13 bias, median|err| 0.085 vs DRA 2024",1421983465,13285844,1994087035,https://www.revenue.nh.gov/sites/g/files/ehbemt736/files/documents/2025-municipal-and-village-district-tax-rates.xlsx,https://www.revenue.nh.gov/sites/g/files/ehbemt736/files/documents/ratio-median-ratio-cod-prd-ten-year-history.xlsx,https://www.revenue.nh.gov/sites/g/files/ehbemt736/files/documents/2025-tables-by-county.xlsx,2026-08-21,2025
Hollis,town,4.27,1.12,12.3,1.21,18.9,80.01,ESTIMATE (DRA 2025 official not yet published),15.12,15.02,"total_rate * equalization_ratio; +0.13 bias, median|err| 0.085 vs DRA 2024",2326996801,43683196,2908382453,https://www.revenue.nh.gov/sites/g/files/ehbemt736/files/documents/2025-municipal-and-village-district-tax-rates.xlsx,https://www.revenue.nh.gov/sites/g/files/ehbemt736/files/documents/ratio-median-ratio-cod-prd-ten-year-history.xlsx,https://www.revenue.nh.gov/sites/g/files/ehbemt736/files/documents/2025-tables-by-county.xlsx,2026-08-21,2025
Hooksett,town,4.28,1.78,9.98,1.15,17.19,85.07,ESTIMATE (DRA 2025 official not yet published),14.62,14.32,"total_rate * equalization_ratio; +0.13 bias, median|err| 0.085 vs DRA 2024",3243665003,54590920,3812936409,https://www.revenue.nh.gov/sites/g/files/ehbemt736/files/documents/2025-municipal-and-village-district-tax-rates.xlsx,https://www.revenue.nh.gov/sites/g/files/ehbemt736/files/documents/ratio-median-ratio-cod-prd-ten-year-history.xlsx,https://www.revenue.nh.gov/sites/g/files/ehbemt736/files/documents/2025-tables-by-county.xlsx,2026-08-21,2025
Hopkinton,town,5.34,1.61,15.36,1.04,23.35,97.56,ESTIMATE (DRA 2025 official not yet published),22.78,22.18,"total_rate * equalization_ratio; +0.13 bias, median|err| 0.085 vs DRA 2024",1421775389,32323631,1457334347,https://www.revenue.nh.gov/sites/g/files/ehbemt736/files/documents/2025-municipal-and-village-district-tax-rates.xlsx,https://www.revenue.nh.gov/sites/g/files/ehbemt736/files/documents/ratio-median-ratio-cod-prd-ten-year-history.xlsx,https://www.revenue.nh.gov/sites/g/files/ehbemt736/files/documents/2025-tables-by-county.xlsx,2026-08-21,2025
Hudson,town,5.57,1.12,9.17,1.25,17.11,76.11,ESTIMATE (DRA 2025 official not yet published),13.02,12.87,"total_rate * equalization_ratio; +0.13 bias, median|err| 0.085 vs DRA 2024",5108767377,86371437,6712347099,https://www.revenue.nh.gov/sites/g/files/ehbemt736/files/documents/2025-municipal-and-village-district-tax-rates.xlsx,https://www.revenue.nh.gov/sites/g/files/ehbemt736/files/documents/ratio-median-ratio-cod-prd-ten-year-history.xlsx,https://www.revenue.nh.gov/sites/g/files/ehbemt736/files/documents/2025-tables-by-county.xlsx,2026-08-21,2025
Jackson,town,3.25,0.75,3.54,1.07,8.61,95.06,ESTIMATE (DRA 2025 official not yet published),8.18,8.14,"total_rate * equalization_ratio; +0.13 bias, median|err| 0.085 vs DRA 2024",853951147,7314982,898328579,https://www.revenue.nh.gov/sites/g/files/ehbemt736/files/documents/2025-municipal-and-village-district-tax-rates.xlsx,https://www.revenue.nh.gov/sites/g/files/ehbemt736/files/documents/ratio-median-ratio-cod-prd-ten-year-history.xlsx,https://www.revenue.nh.gov/sites/g/files/ehbemt736/files/documents/2025-tables-by-county.xlsx,2026-08-21,2025
Jaffrey,town,6.24,2.24,9.35,1.12,18.95,98.39,ESTIMATE (DRA 2025 official not yet published),18.64,17.58,"total_rate * equalization_ratio; +0.13 bias, median|err| 0.085 vs DRA 2024",1032032616,18443351,1048920232,https://www.revenue.nh.gov/sites/g/files/ehbemt736/files/documents/2025-municipal-and-village-district-tax-rates.xlsx,https://www.revenue.nh.gov/sites/g/files/ehbemt736/files/documents/ratio-median-ratio-cod-prd-ten-year-history.xlsx,https://www.revenue.nh.gov/sites/g/files/ehbemt736/files/documents/2025-tables-by-county.xlsx,2026-08-21,2025
Jefferson,town,3.34,3.96,12.7,1.66,21.66,56.78,ESTIMATE (DRA 2025 official not yet published),12.3,12.16,"total_rate * equalization_ratio; +0.13 bias, median|err| 0.085 vs DRA 2024",166457362,3563854,293161962,https://www.revenue.nh.gov/sites/g/files/ehbemt736/files/documents/2025-municipal-and-village-district-tax-rates.xlsx,https://www.revenue.nh.gov/sites/g/files/ehbemt736/files/documents/ratio-median-ratio-cod-prd-ten-year-history.xlsx,https://www.revenue.nh.gov/sites/g/files/ehbemt736/files/documents/2025-tables-by-county.xlsx,2026-08-21,2025
Keene,city,13.61,3.26,15.93,1.57,34.37,62.38,ESTIMATE (DRA 2025 official not yet published),21.44,21.04,"total_rate * equalization_ratio; +0.13 bias, median|err| 0.085 vs DRA 2024",2282820368,76980878,3659538903,https://www.revenue.nh.gov/sites/g/files/ehbemt736/files/documents/2025-municipal-and-village-district-tax-rates.xlsx,https://www.revenue.nh.gov/sites/g/files/ehbemt736/files/documents/ratio-median-ratio-cod-prd-ten-year-history.xlsx,https://www.revenue.nh.gov/sites/g/files/ehbemt736/files/documents/2025-tables-by-county.xlsx,2026-08-21,2025
Kensington,town,3.07,0.58,9.53,1.1,14.28,93.25,ESTIMATE (DRA 2025 official not yet published),13.32,13.2,"total_rate * equalization_ratio; +0.13 bias, median|err| 0.085 vs DRA 2024",691665725,9793134,741732681,https://www.revenue.nh.gov/sites/g/files/ehbemt736/files/documents/2025-municipal-and-village-district-tax-rates.xlsx,https://www.revenue.nh.gov/sites/g/files/ehbemt736/files/documents/ratio-median-ratio-cod-prd-ten-year-history.xlsx,https://www.revenue.nh.gov/sites/g/files/ehbemt736/files/documents/2025-tables-by-county.xlsx,2026-08-21,2025
Kilkenny,unincorporated,-5.91,5.91,0,0,0,77.4,ESTIMATE (DRA 2025 official not yet published),0.0,,"total_rate * equalization_ratio; +0.13 bias, median|err| 0.085 vs DRA 2024",25700,0,33204,https://www.revenue.nh.gov/sites/g/files/ehbemt736/files/documents/2025-municipal-and-village-district-tax-rates.xlsx,https://www.revenue.nh.gov/sites/g/files/ehbemt736/files/documents/ratio-median-ratio-cod-prd-ten-year-history.xlsx,https://www.revenue.nh.gov/sites/g/files/ehbemt736/files/documents/2025-tables-by-county.xlsx,2026-08-21,2025
Kingston,town,5.34,0.61,10.79,1.16,17.9,87.25,ESTIMATE (DRA 2025 official not yet published),15.62,15.41,"total_rate * equalization_ratio; +0.13 bias, median|err| 0.085 vs DRA 2024",1413550072,24960701,1620114696,https://www.revenue.nh.gov/sites/g/files/ehbemt736/files/documents/2025-municipal-and-village-district-tax-rates.xlsx,https://www.revenue.nh.gov/sites/g/files/ehbemt736/files/documents/ratio-median-ratio-cod-prd-ten-year-history.xlsx,https://www.revenue.nh.gov/sites/g/files/ehbemt736/files/documents/2025-tables-by-county.xlsx,2026-08-21,2025
Laconia,city,5.21,0.93,5.72,1.12,12.98,90.38,ESTIMATE (DRA 2025 official not yet published),11.73,11.49,"total_rate * equalization_ratio; +0.13 bias, median|err| 0.085 vs DRA 2024",4794160001,60937076,5304447888,https://www.revenue.nh.gov/sites/g/files/ehbemt736/files/documents/2025-municipal-and-village-district-tax-rates.xlsx,https://www.revenue.nh.gov/sites/g/files/ehbemt736/files/documents/ratio-median-ratio-cod-prd-ten-year-history.xlsx,https://www.revenue.nh.gov/sites/g/files/ehbemt736/files/documents/2025-tables-by-county.xlsx,2026-08-21,2025
Lancaster,town,8.24,3,8.69,1.14,21.07,80.63,ESTIMATE (DRA 2025 official not yet published),16.99,16.8,"total_rate * equalization_ratio; +0.13 bias, median|err| 0.085 vs DRA 2024",453889307,9455442,562928571,https://www.revenue.nh.gov/sites/g/files/ehbemt736/files/documents/2025-municipal-and-village-district-tax-rates.xlsx,https://www.revenue.nh.gov/sites/g/files/ehbemt736/files/documents/ratio-median-ratio-cod-prd-ten-year-history.xlsx,https://www.revenue.nh.gov/sites/g/files/ehbemt736/files/documents/2025-tables-by-county.xlsx,2026-08-21,2025
Landaff,town,7.67,1.66,15.44,2.49,27.26,64.5,ESTIMATE (DRA 2025 official not yet published),17.58,17.49,"total_rate * equalization_ratio; +0.13 bias, median|err| 0.085 vs DRA 2024",62059913,1683307,96216919,https://www.revenue.nh.gov/sites/g/files/ehbemt736/files/documents/2025-municipal-and-village-district-tax-rates.xlsx,https://www.revenue.nh.gov/sites/g/files/ehbemt736/files/documents/ratio-median-ratio-cod-prd-ten-year-history.xlsx,https://www.revenue.nh.gov/sites/g/files/ehbemt736/files/documents/2025-tables-by-county.xlsx,2026-08-21,2025
Langdon,town,5.29,2.96,18.53,1.63,28.41,63.79,ESTIMATE (DRA 2025 official not yet published),18.12,17.92,"total_rate * equalization_ratio; +0.13 bias, median|err| 0.085 vs DRA 2024",77489503,2177088,121475941,https://www.revenue.nh.gov/sites/g/files/ehbemt736/files/documents/2025-municipal-and-village-district-tax-rates.xlsx,https://www.revenue.nh.gov/sites/g/files/ehbemt736/files/documents/ratio-median-ratio-cod-prd-ten-year-history.xlsx,https://www.revenue.nh.gov/sites/g/files/ehbemt736/files/documents/2025-tables-by-county.xlsx,2026-08-21,2025
Lebanon,city,8.1,1.13,11.16,1.14,21.53,94.34,ESTIMATE (DRA 2025 official not yet published),20.31,19.82,"total_rate * equalization_ratio; +0.13 bias, median|err| 0.085 vs DRA 2024",3570066264,75010679,3784255103,https://www.revenue.nh.gov/sites/g/files/ehbemt736/files/documents/2025-municipal-and-village-district-tax-rates.xlsx,https://www.revenue.nh.gov/sites/g/files/ehbemt736/files/documents/ratio-median-ratio-cod-prd-ten-year-history.xlsx,https://www.revenue.nh.gov/sites/g/files/ehbemt736/files/documents/2025-tables-by-county.xlsx,2026-08-21,2025
Lee,town,5.45,2.3,18.29,1.57,27.61,66.59,ESTIMATE (DRA 2025 official not yet published),18.39,18.21,"total_rate * equalization_ratio; +0.13 bias, median|err| 0.085 vs DRA 2024",740818237,20259903,1112506738,https://www.revenue.nh.gov/sites/g/files/ehbemt736/files/documents/2025-municipal-and-village-district-tax-rates.xlsx,https://www.revenue.nh.gov/sites/g/files/ehbemt736/files/documents/ratio-median-ratio-cod-prd-ten-year-history.xlsx,https://www.revenue.nh.gov/sites/g/files/ehbemt736/files/documents/2025-tables-by-county.xlsx,2026-08-21,2025
Lempster,town,3.11,2.18,9.38,0.96,15.63,104.43,ESTIMATE (DRA 2025 official not yet published),16.32,16.19,"total_rate * equalization_ratio; +0.13 bias, median|err| 0.085 vs DRA 2024",254707651,3949619,243902759,https://www.revenue.nh.gov/sites/g/files/ehbemt736/files/documents/2025-municipal-and-village-district-tax-rates.xlsx,https://www.revenue.nh.gov/sites/g/files/ehbemt736/files/documents/ratio-median-ratio-cod-prd-ten-year-history.xlsx,https://www.revenue.nh.gov/sites/g/files/ehbemt736/files/documents/2025-tables-by-county.xlsx,2026-08-21,2025
Lincoln,town,6.63,1.53,2.84,1.66,12.66,63.91,ESTIMATE (DRA 2025 official not yet published),8.09,8.06,"total_rate * equalization_ratio; +0.13 bias, median|err| 0.085 vs DRA 2024",1372204624,17306467,2147089069,https://www.revenue.nh.gov/sites/g/files/ehbemt736/files/documents/2025-municipal-and-village-district-tax-rates.xlsx,https://www.revenue.nh.gov/sites/g/files/ehbemt736/files/documents/ratio-median-ratio-cod-prd-ten-year-history.xlsx,https://www.revenue.nh.gov/sites/g/files/ehbemt736/files/documents/2025-tables-by-county.xlsx,2026-08-21,2025
Lisbon,town,7.44,1.06,11.71,1.09,21.3,91.51,ESTIMATE (DRA 2025 official not yet published),19.49,19.32,"total_rate * equalization_ratio; +0.13 bias, median|err| 0.085 vs DRA 2024",230761257,4871513,252170535,https://www.revenue.nh.gov/sites/g/files/ehbemt736/files/documents/2025-municipal-and-village-district-tax-rates.xlsx,https://www.revenue.nh.gov/sites/g/files/ehbemt736/files/documents/ratio-median-ratio-cod-prd-ten-year-history.xlsx,https://www.revenue.nh.gov/sites/g/files/ehbemt736/files/documents/2025-tables-by-county.xlsx,2026-08-21,2025
Litchfield,town,2.62,0.88,9.73,0.97,14.2,99.1,ESTIMATE (DRA 2025 official not yet published),14.07,13.88,"total_rate * equalization_ratio; +0.13 bias, median|err| 0.085 vs DRA 2024",1985031752,27792941,2003059286,https://www.revenue.nh.gov/sites/g/files/ehbemt736/files/documents/2025-municipal-and-village-district-tax-rates.xlsx,https://www.revenue.nh.gov/sites/g/files/ehbemt736/files/documents/ratio-median-ratio-cod-prd-ten-year-history.xlsx,https://www.revenue.nh.gov/sites/g/files/ehbemt736/files/documents/2025-tables-by-county.xlsx,2026-08-21,2025
Littleton,town,3.37,1.19,8.53,1.01,14.1,96.14,ESTIMATE (DRA 2025 official not yet published),13.56,13.38,"total_rate * equalization_ratio; +0.13 bias, median|err| 0.085 vs DRA 2024",1334807572,18575689,1388399804,https://www.revenue.nh.gov/sites/g/files/ehbemt736/files/documents/2025-municipal-and-village-district-tax-rates.xlsx,https://www.revenue.nh.gov/sites/g/files/ehbemt736/files/documents/ratio-median-ratio-cod-prd-ten-year-history.xlsx,https://www.revenue.nh.gov/sites/g/files/ehbemt736/files/documents/2025-tables-by-county.xlsx,2026-08-21,2025
Livermore,unincorporated,-1.01,1.01,0,1.12,1.12,100,ESTIMATE (DRA 2025 official not yet published),1.12,1.12,"total_rate * equalization_ratio; +0.13 bias, median|err| 0.085 vs DRA 2024",189600,212,189600,https://www.revenue.nh.gov/sites/g/files/ehbemt736/files/documents/2025-municipal-and-village-district-tax-rates.xlsx,https://www.revenue.nh.gov/sites/g/files/ehbemt736/files/documents/ratio-median-ratio-cod-prd-ten-year-history.xlsx,https://www.revenue.nh.gov/sites/g/files/ehbemt736/files/documents/2025-tables-by-county.xlsx,2026-08-21,2025
Londonderry,town,3.53,0.58,9.28,1.08,14.47,95.18,ESTIMATE (DRA 2025 official not yet published),13.77,13.47,"total_rate * equalization_ratio; +0.13 bias, median|err| 0.085 vs DRA 2024",7378464327,104455196,7752116334,https://www.revenue.nh.gov/sites/g/files/ehbemt736/files/documents/2025-municipal-and-village-district-tax-rates.xlsx,https://www.revenue.nh.gov/sites/g/files/ehbemt736/files/documents/ratio-median-ratio-cod-prd-ten-year-history.xlsx,https://www.revenue.nh.gov/sites/g/files/ehbemt736/files/documents/2025-tables-by-county.xlsx,2026-08-21,2025
Loudon,town,4.46,2.67,14.06,1.56,22.75,60.08,ESTIMATE (DRA 2025 official not yet published),13.67,13.34,"total_rate * equalization_ratio; +0.13 bias, median|err| 0.085 vs DRA 2024",730216264,16211825,1215406565,https://www.revenue.nh.gov/sites/g/files/ehbemt736/files/documents/2025-municipal-and-village-district-tax-rates.xlsx,https://www.revenue.nh.gov/sites/g/files/ehbemt736/files/documents/ratio-median-ratio-cod-prd-ten-year-history.xlsx,https://www.revenue.nh.gov/sites/g/files/ehbemt736/files/documents/2025-tables-by-county.xlsx,2026-08-21,2025
Low & Burbank's Grant,unincorporated,0,0,0,0,0,77.4,ESTIMATE (DRA 2025 official not yet published),0.0,,"total_rate * equalization_ratio; +0.13 bias, median|err| 0.085 vs DRA 2024",0,0,,https://www.revenue.nh.gov/sites/g/files/ehbemt736/files/documents/2025-municipal-and-village-district-tax-rates.xlsx,https://www.revenue.nh.gov/sites/g/files/ehbemt736/files/documents/ratio-median-ratio-cod-prd-ten-year-history.xlsx,https://www.revenue.nh.gov/sites/g/files/ehbemt736/files/documents/2025-tables-by-county.xlsx,2026-08-21,2025
Lyman,town,3.81,1.2,7.9,1.14,14.05,89.58,ESTIMATE (DRA 2025 official not yet published),12.59,12.37,"total_rate * equalization_ratio; +0.13 bias, median|err| 0.085 vs DRA 2024",125273963,1730551,139845906,https://www.revenue.nh.gov/sites/g/files/ehbemt736/files/documents/2025-municipal-and-village-district-tax-rates.xlsx,https://www.revenue.nh.gov/sites/g/files/ehbemt736/files/documents/ratio-median-ratio-cod-prd-ten-year-history.xlsx,https://www.revenue.nh.gov/sites/g/files/ehbemt736/files/documents/2025-tables-by-county.xlsx,2026-08-21,2025
Lyme,town,6.41,1.49,18.6,1.69,28.19,68.76,ESTIMATE (DRA 2025 official not yet published),19.38,19.31,"total_rate * equalization_ratio; +0.13 bias, median|err| 0.085 vs DRA 2024",416844800,11708560,606231530,https://www.revenue.nh.gov/sites/g/files/ehbemt736/files/documents/2025-municipal-and-village-district-tax-rates.xlsx,https://www.revenue.nh.gov/sites/g/files/ehbemt736/files/documents/ratio-median-ratio-cod-prd-ten-year-history.xlsx,https://www.revenue.nh.gov/sites/g/files/ehbemt736/files/documents/2025-tables-by-county.xlsx,2026-08-21,2025
Lyndeborough,town,5.43,1.03,9.46,1.05,16.97,95.49,ESTIMATE (DRA 2025 official not yet published),16.2,15.98,"total_rate * equalization_ratio; +0.13 bias, median|err| 0.085 vs DRA 2024",350678633,5868779,367241212,https://www.revenue.nh.gov/sites/g/files/ehbemt736/files/documents/2025-municipal-and-village-district-tax-rates.xlsx,https://www.revenue.nh.gov/sites/g/files/ehbemt736/files/documents/ratio-median-ratio-cod-prd-ten-year-history.xlsx,https://www.revenue.nh.gov/sites/g/files/ehbemt736/files/documents/2025-tables-by-county.xlsx,2026-08-21,2025
Madbury,town,3.64,1.54,11.77,0.99,17.94,99.78,ESTIMATE (DRA 2025 official not yet published),17.9,17.73,"total_rate * equalization_ratio; +0.13 bias, median|err| 0.085 vs DRA 2024",524225891,9312953,525381731,https://www.revenue.nh.gov/sites/g/files/ehbemt736/files/documents/2025-municipal-and-village-district-tax-rates.xlsx,https://www.revenue.nh.gov/sites/g/files/ehbemt736/files/documents/ratio-median-ratio-cod-prd-ten-year-history.xlsx,https://www.revenue.nh.gov/sites/g/files/ehbemt736/files/documents/2025-tables-by-county.xlsx,2026-08-21,2025
Madison,town,2.39,0.72,4.89,0.98,8.98,100.7,ESTIMATE (DRA 2025 official not yet published),9.04,8.95,"total_rate * equalization_ratio; +0.13 bias, median|err| 0.085 vs DRA 2024",1185340000,10532098,1177100298,https://www.revenue.nh.gov/sites/g/files/ehbemt736/files/documents/2025-municipal-and-village-district-tax-rates.xlsx,https://www.revenue.nh.gov/sites/g/files/ehbemt736/files/documents/ratio-median-ratio-cod-prd-ten-year-history.xlsx,https://www.revenue.nh.gov/sites/g/files/ehbemt736/files/documents/2025-tables-by-county.xlsx,2026-08-21,2025
Manchester,city,10.04,1.36,7.33,1.51,20.24,64.66,ESTIMATE (DRA 2025 official not yet published),13.09,12.99,"total_rate * equalization_ratio; +0.13 bias, median|err| 0.085 vs DRA 2024",13358909303,268469989,20660237091,https://www.revenue.nh.gov/sites/g/files/ehbemt736/files/documents/2025-municipal-and-village-district-tax-rates.xlsx,https://www.revenue.nh.gov/sites/g/files/ehbemt736/files/documents/ratio-median-ratio-cod-prd-ten-year-history.xlsx,https://www.revenue.nh.gov/sites/g/files/ehbemt736/files/documents/2025-tables-by-county.xlsx,2026-08-21,2025
Marlborough,town,6.53,3.35,19.89,1.47,31.24,58.96,ESTIMATE (DRA 2025 official not yet published),18.42,18.29,"total_rate * equalization_ratio; +0.13 bias, median|err| 0.085 vs DRA 2024",224728489,6969426,381154154,https://www.revenue.nh.gov/sites/g/files/ehbemt736/files/documents/2025-municipal-and-village-district-tax-rates.xlsx,https://www.revenue.nh.gov/sites/g/files/ehbemt736/files/documents/ratio-median-ratio-cod-prd-ten-year-history.xlsx,https://www.revenue.nh.gov/sites/g/files/ehbemt736/files/documents/2025-tables-by-county.xlsx,2026-08-21,2025
Marlow,town,5.74,1.94,10.13,1.06,18.87,100.26,ESTIMATE (DRA 2025 official not yet published),18.92,18.62,"total_rate * equalization_ratio; +0.13 bias, median|err| 0.085 vs DRA 2024",131298640,2438788,130958149,https://www.revenue.nh.gov/sites/g/files/ehbemt736/files/documents/2025-municipal-and-village-district-tax-rates.xlsx,https://www.revenue.nh.gov/sites/g/files/ehbemt736/files/documents/ratio-median-ratio-cod-prd-ten-year-history.xlsx,https://www.revenue.nh.gov/sites/g/files/ehbemt736/files/documents/2025-tables-by-county.xlsx,2026-08-21,2025
Martin's Location,unincorporated,17.4,6.66,0,0,24.06,77.4,ESTIMATE (DRA 2025 official not yet published),18.62,18.76,"total_rate * equalization_ratio; +0.13 bias, median|err| 0.085 vs DRA 2024",415900,10081,537339,https://www.revenue.nh.gov/sites/g/files/ehbemt736/files/documents/2025-municipal-and-village-district-tax-rates.xlsx,https://www.revenue.nh.gov/sites/g/files/ehbemt736/files/documents/ratio-median-ratio-cod-prd-ten-year-history.xlsx,https://www.revenue.nh.gov/sites/g/files/ehbemt736/files/documents/2025-tables-by-county.xlsx,2026-08-21,2025
Mason,town,9.07,1.51,12.89,1.58,25.05,59.03,ESTIMATE (DRA 2025 official not yet published),14.79,14.67,"total_rate * equalization_ratio; +0.13 bias, median|err| 0.085 vs DRA 2024",221212295,5497595,374745545,https://www.revenue.nh.gov/sites/g/files/ehbemt736/files/documents/2025-municipal-and-village-district-tax-rates.xlsx,https://www.revenue.nh.gov/sites/g/files/ehbemt736/files/documents/ratio-median-ratio-cod-prd-ten-year-history.xlsx,https://www.revenue.nh.gov/sites/g/files/ehbemt736/files/documents/2025-tables-by-county.xlsx,2026-08-21,2025
Meredith,town,3.44,1.03,4.95,1.2,10.62,76.73,ESTIMATE (DRA 2025 official not yet published),8.15,8.08,"total_rate * equalization_ratio; +0.13 bias, median|err| 0.085 vs DRA 2024",3941626417,41522757,5137008233,https://www.revenue.nh.gov/sites/g/files/ehbemt736/files/documents/2025-municipal-and-village-district-tax-rates.xlsx,https://www.revenue.nh.gov/sites/g/files/ehbemt736/files/documents/ratio-median-ratio-cod-prd-ten-year-history.xlsx,https://www.revenue.nh.gov/sites/g/files/ehbemt736/files/documents/2025-tables-by-county.xlsx,2026-08-21,2025
Merrimack,town,4.38,1.33,14.96,1.44,22.11,66.95,ESTIMATE (DRA 2025 official not yet published),14.8,14.65,"total_rate * equalization_ratio; +0.13 bias, median|err| 0.085 vs DRA 2024",5010789233,109660781,7484375255,https://www.revenue.nh.gov/sites/g/files/ehbemt736/files/documents/2025-municipal-and-village-district-tax-rates.xlsx,https://www.revenue.nh.gov/sites/g/files/ehbemt736/files/documents/ratio-median-ratio-cod-prd-ten-year-history.xlsx,https://www.revenue.nh.gov/sites/g/files/ehbemt736/files/documents/2025-tables-by-county.xlsx,2026-08-21,2025
Middleton,town,3.84,1.86,8.98,1.11,15.79,85.11,ESTIMATE (DRA 2025 official not yet published),13.44,13.31,"total_rate * equalization_ratio; +0.13 bias, median|err| 0.085 vs DRA 2024",370908480,5799907,435798943,https://www.revenue.nh.gov/sites/g/files/ehbemt736/files/documents/2025-municipal-and-village-district-tax-rates.xlsx,https://www.revenue.nh.gov/sites/g/files/ehbemt736/files/documents/ratio-median-ratio-cod-prd-ten-year-history.xlsx,https://www.revenue.nh.gov/sites/g/files/ehbemt736/files/documents/2025-tables-by-county.xlsx,2026-08-21,2025
Milan,town,2,2.43,9.28,0.95,14.66,99.31,ESTIMATE (DRA 2025 official not yet published),14.56,14.44,"total_rate * equalization_ratio; +0.13 bias, median|err| 0.085 vs DRA 2024",268001395,3897623,269863453,https://www.revenue.nh.gov/sites/g/files/ehbemt736/files/documents/2025-municipal-and-village-district-tax-rates.xlsx,https://www.revenue.nh.gov/sites/g/files/ehbemt736/files/documents/ratio-median-ratio-cod-prd-ten-year-history.xlsx,https://www.revenue.nh.gov/sites/g/files/ehbemt736/files/documents/2025-tables-by-county.xlsx,2026-08-21,2025
Milford,town,6.06,1.38,16.98,1.51,25.93,62.75,ESTIMATE (DRA 2025 official not yet published),16.27,16.18,"total_rate * equalization_ratio; +0.13 bias, median|err| 0.085 vs DRA 2024",2087131918,53810824,3326106642,https://www.revenue.nh.gov/sites/g/files/ehbemt736/files/documents/2025-municipal-and-village-district-tax-rates.xlsx,https://www.revenue.nh.gov/sites/g/files/ehbemt736/files/documents/ratio-median-ratio-cod-prd-ten-year-history.xlsx,https://www.revenue.nh.gov/sites/g/files/ehbemt736/files/documents/2025-tables-by-county.xlsx,2026-08-21,2025
Millsfield,unincorporated,-9.2,4,5.2,1,1,77.4,ESTIMATE (DRA 2025 official not yet published),0.77,0.77,"total_rate * equalization_ratio; +0.13 bias, median|err| 0.085 vs DRA 2024",13407462,13261,17322302,https://www.revenue.nh.gov/sites/g/files/ehbemt736/files/documents/2025-municipal-and-village-district-tax-rates.xlsx,https://www.revenue.nh.gov/sites/g/files/ehbemt736/files/documents/ratio-median-ratio-cod-prd-ten-year-history.xlsx,https://www.revenue.nh.gov/sites/g/files/ehbemt736/files/documents/2025-tables-by-county.xlsx,2026-08-21,2025
Milton,town,5,1.68,7.08,1,14.76,91.23,ESTIMATE (DRA 2025 official not yet published),13.47,13.18,"total_rate * equalization_ratio; +0.13 bias, median|err| 0.085 vs DRA 2024",955157505,13796747,1046977425,https://www.revenue.nh.gov/sites/g/files/ehbemt736/files/documents/2025-municipal-and-village-district-tax-rates.xlsx,https://www.revenue.nh.gov/sites/g/files/ehbemt736/files/documents/ratio-median-ratio-cod-prd-ten-year-history.xlsx,https://www.revenue.nh.gov/sites/g/files/ehbemt736/files/documents/2025-tables-by-county.xlsx,2026-08-21,2025
Monroe,town,-3.34,2.15,13.62,1.08,13.51,84.3,ESTIMATE (DRA 2025 official not yet published),11.39,10.75,"total_rate * equalization_ratio; +0.13 bias, median|err| 0.085 vs DRA 2024",335087613,4271860,397494203,https://www.revenue.nh.gov/sites/g/files/ehbemt736/files/documents/2025-municipal-and-village-district-tax-rates.xlsx,https://www.revenue.nh.gov/sites/g/files/ehbemt736/files/documents/ratio-median-ratio-cod-prd-ten-year-history.xlsx,https://www.revenue.nh.gov/sites/g/files/ehbemt736/files/documents/2025-tables-by-county.xlsx,2026-08-21,2025
Mont Vernon,town,5.77,0.95,13.22,1.1,21.04,89.78,ESTIMATE (DRA 2025 official not yet published),18.89,18.8,"total_rate * equalization_ratio; +0.13 bias, median|err| 0.085 vs DRA 2024",561776151,11760800,625725274,https://www.revenue.nh.gov/sites/g/files/ehbemt736/files/documents/2025-municipal-and-village-district-tax-rates.xlsx,https://www.revenue.nh.gov/sites/g/files/ehbemt736/files/documents/ratio-median-ratio-cod-prd-ten-year-history.xlsx,https://www.revenue.nh.gov/sites/g/files/ehbemt736/files/documents/2025-tables-by-county.xlsx,2026-08-21,2025
Moultonborough,town,1.68,0.75,1.85,1.05,5.33,89.75,ESTIMATE (DRA 2025 official not yet published),4.78,4.75,"total_rate * equalization_ratio; +0.13 bias, median|err| 0.085 vs DRA 2024",6873953988,36349594,7659001658,https://www.revenue.nh.gov/sites/g/files/ehbemt736/files/documents/2025-municipal-and-village-district-tax-rates.xlsx,https://www.revenue.nh.gov/sites/g/files/ehbemt736/files/documents/ratio-median-ratio-cod-prd-ten-year-history.xlsx,https://www.revenue.nh.gov/sites/g/files/ehbemt736/files/documents/2025-tables-by-county.xlsx,2026-08-21,2025
Nashua,city,7.19,1.01,7.48,1.15,16.83,89.03,ESTIMATE (DRA 2025 official not yet published),14.98,14.74,"total_rate * equalization_ratio; +0.13 bias, median|err| 0.085 vs DRA 2024",16670963720,276035369,18725108076,https://www.revenue.nh.gov/sites/g/files/ehbemt736/files/documents/2025-municipal-and-village-district-tax-rates.xlsx,https://www.revenue.nh.gov/sites/g/files/ehbemt736/files/documents/ratio-median-ratio-cod-prd-ten-year-history.xlsx,https://www.revenue.nh.gov/sites/g/files/ehbemt736/files/documents/2025-tables-by-county.xlsx,2026-08-21,2025
Nelson,town,5.88,2.83,7.89,1.19,17.79,66.37,ESTIMATE (DRA 2025 official not yet published),11.81,11.74,"total_rate * equalization_ratio; +0.13 bias, median|err| 0.085 vs DRA 2024",168299413,2976957,253577540,https://www.revenue.nh.gov/sites/g/files/ehbemt736/files/documents/2025-municipal-and-village-district-tax-rates.xlsx,https://www.revenue.nh.gov/sites/g/files/ehbemt736/files/documents/ratio-median-ratio-cod-prd-ten-year-history.xlsx,https://www.revenue.nh.gov/sites/g/files/ehbemt736/files/documents/2025-tables-by-county.xlsx,2026-08-21,2025
New Boston,town,6.17,1.28,14.83,1.39,23.67,67.85,ESTIMATE (DRA 2025 official not yet published),16.06,15.91,"total_rate * equalization_ratio; +0.13 bias, median|err| 0.085 vs DRA 2024",966218984,22657714,1424051561,https://www.revenue.nh.gov/sites/g/files/ehbemt736/files/documents/2025-municipal-and-village-district-tax-rates.xlsx,https://www.revenue.nh.gov/sites/g/files/ehbemt736/files/documents/ratio-median-ratio-cod-prd-ten-year-history.xlsx,https://www.revenue.nh.gov/sites/g/files/ehbemt736/files/documents/2025-tables-by-county.xlsx,2026-08-21,2025
New Castle,town,3.22,0.82,0.16,1.53,5.73,63.92,ESTIMATE (DRA 2025 official not yet published),3.66,3.65,"total_rate * equalization_ratio; +0.13 bias, median|err| 0.085 vs DRA 2024",1092497224,6235505,1709163367,https://www.revenue.nh.gov/sites/g/files/ehbemt736/files/documents/2025-municipal-and-village-district-tax-rates.xlsx,https://www.revenue.nh.gov/sites/g/files/ehbemt736/files/documents/ratio-median-ratio-cod-prd-ten-year-history.xlsx,https://www.revenue.nh.gov/sites/g/files/ehbemt736/files/documents/2025-tables-by-county.xlsx,2026-08-21,2025
New Durham,town,3.95,1.79,7.48,0.92,14.14,90.24,ESTIMATE (DRA 2025 official not yet published),12.76,12.61,"total_rate * equalization_ratio; +0.13 bias, median|err| 0.085 vs DRA 2024",978077997,13672555,1083863029,https://www.revenue.nh.gov/sites/g/files/ehbemt736/files/documents/2025-municipal-and-village-district-tax-rates.xlsx,https://www.revenue.nh.gov/sites/g/files/ehbemt736/files/documents/ratio-median-ratio-cod-prd-ten-year-history.xlsx,https://www.revenue.nh.gov/sites/g/files/ehbemt736/files/documents/2025-tables-by-county.xlsx,2026-08-21,2025
New Hampton,town,4.83,0.99,6.97,1.17,13.96,81.42,ESTIMATE (DRA 2025 official not yet published),11.37,11.15,"total_rate * equalization_ratio; +0.13 bias, median|err| 0.085 vs DRA 2024",594206878,8140677,729804566,https://www.revenue.nh.gov/sites/g/files/ehbemt736/files/documents/2025-municipal-and-village-district-tax-rates.xlsx,https://www.revenue.nh.gov/sites/g/files/ehbemt736/files/documents/ratio-median-ratio-cod-prd-ten-year-history.xlsx,https://www.revenue.nh.gov/sites/g/files/ehbemt736/files/documents/2025-tables-by-county.xlsx,2026-08-21,2025
New Ipswich,town,2.65,0.95,12.39,1.04,17.03,90.64,ESTIMATE (DRA 2025 official not yet published),15.44,15.13,"total_rate * equalization_ratio; +0.13 bias, median|err| 0.085 vs DRA 2024",886241108,14796420,977759387,https://www.revenue.nh.gov/sites/g/files/ehbemt736/files/documents/2025-municipal-and-village-district-tax-rates.xlsx,https://www.revenue.nh.gov/sites/g/files/ehbemt736/files/documents/ratio-median-ratio-cod-prd-ten-year-history.xlsx,https://www.revenue.nh.gov/sites/g/files/ehbemt736/files/documents/2025-tables-by-county.xlsx,2026-08-21,2025
New London,town,3.71,1.98,5.03,1.14,11.86,79.71,ESTIMATE (DRA 2025 official not yet published),9.45,9.39,"total_rate * equalization_ratio; +0.13 bias, median|err| 0.085 vs DRA 2024",2087285871,24589557,2618599763,https://www.revenue.nh.gov/sites/g/files/ehbemt736/files/documents/2025-municipal-and-village-district-tax-rates.xlsx,https://www.revenue.nh.gov/sites/g/files/ehbemt736/files/documents/ratio-median-ratio-cod-prd-ten-year-history.xlsx,https://www.revenue.nh.gov/sites/g/files/ehbemt736/files/documents/2025-tables-by-county.xlsx,2026-08-21,2025
Newbury,town,3.14,1.58,4.51,1.25,10.48,89.31,ESTIMATE (DRA 2025 official not yet published),9.36,9.28,"total_rate * equalization_ratio; +0.13 bias, median|err| 0.085 vs DRA 2024",1688836776,17553690,1890982842,https://www.revenue.nh.gov/sites/g/files/ehbemt736/files/documents/2025-municipal-and-village-district-tax-rates.xlsx,https://www.revenue.nh.gov/sites/g/files/ehbemt736/files/documents/ratio-median-ratio-cod-prd-ten-year-history.xlsx,https://www.revenue.nh.gov/sites/g/files/ehbemt736/files/documents/2025-tables-by-county.xlsx,2026-08-21,2025
Newfields,town,2.8,0.63,12.42,1.1,16.95,88.69,ESTIMATE (DRA 2025 official not yet published),15.03,14.95,"total_rate * equalization_ratio; +0.13 bias, median|err| 0.085 vs DRA 2024",459832941,7749171,518472140,https://www.revenue.nh.gov/sites/g/files/ehbemt736/files/documents/2025-municipal-and-village-district-tax-rates.xlsx,https://www.revenue.nh.gov/sites/g/files/ehbemt736/files/documents/ratio-median-ratio-cod-prd-ten-year-history.xlsx,https://www.revenue.nh.gov/sites/g/files/ehbemt736/files/documents/2025-tables-by-county.xlsx,2026-08-21,2025
Newington,town,5.07,0.56,1.18,1.07,7.88,90.27,ESTIMATE (DRA 2025 official not yet published),7.11,6.78,"total_rate * equalization_ratio; +0.13 bias, median|err| 0.085 vs DRA 2024",1293822393,9710678,1433280595,https://www.revenue.nh.gov/sites/g/files/ehbemt736/files/documents/2025-municipal-and-village-district-tax-rates.xlsx,https://www.revenue.nh.gov/sites/g/files/ehbemt736/files/documents/ratio-median-ratio-cod-prd-ten-year-history.xlsx,https://www.revenue.nh.gov/sites/g/files/ehbemt736/files/documents/2025-tables-by-county.xlsx,2026-08-21,2025
Newmarket,town,4.87,0.59,12.85,1.11,19.42,87.64,ESTIMATE (DRA 2025 official not yet published),17.02,16.88,"total_rate * equalization_ratio; +0.13 bias, median|err| 0.085 vs DRA 2024",1725850442,33249977,1969249706,https://www.revenue.nh.gov/sites/g/files/ehbemt736/files/documents/2025-municipal-and-village-district-tax-rates.xlsx,https://www.revenue.nh.gov/sites/g/files/ehbemt736/files/documents/ratio-median-ratio-cod-prd-ten-year-history.xlsx,https://www.revenue.nh.gov/sites/g/files/ehbemt736/files/documents/2025-tables-by-county.xlsx,2026-08-21,2025
Newport,town,7.97,2.27,13.61,1.24,25.09,81.98,ESTIMATE (DRA 2025 official not yet published),20.57,20.44,"total_rate * equalization_ratio; +0.13 bias, median|err| 0.085 vs DRA 2024",749424164,18684462,914154872,https://www.revenue.nh.gov/sites/g/files/ehbemt736/files/documents/2025-municipal-and-village-district-tax-rates.xlsx,https://www.revenue.nh.gov/sites/g/files/ehbemt736/files/documents/ratio-median-ratio-cod-prd-ten-year-history.xlsx,https://www.revenue.nh.gov/sites/g/files/ehbemt736/files/documents/2025-tables-by-county.xlsx,2026-08-21,2025
Newton,town,2.91,0.57,12.22,1.07,16.77,95.07,ESTIMATE (DRA 2025 official not yet published),15.94,15.79,"total_rate * equalization_ratio; +0.13 bias, median|err| 0.085 vs DRA 2024",1040444419,17283244,1094398253,https://www.revenue.nh.gov/sites/g/files/ehbemt736/files/documents/2025-municipal-and-village-district-tax-rates.xlsx,https://www.revenue.nh.gov/sites/g/files/ehbemt736/files/documents/ratio-median-ratio-cod-prd-ten-year-history.xlsx,https://www.revenue.nh.gov/sites/g/files/ehbemt736/files/documents/2025-tables-by-county.xlsx,2026-08-21,2025
North Hampton,town,4.58,0.68,6.97,1.22,13.45,70.89,ESTIMATE (DRA 2025 official not yet published),9.53,9.44,"total_rate * equalization_ratio; +0.13 bias, median|err| 0.085 vs DRA 2024",1800555700,23976905,2539929045,https://www.revenue.nh.gov/sites/g/files/ehbemt736/files/documents/2025-municipal-and-village-district-tax-rates.xlsx,https://www.revenue.nh.gov/sites/g/files/ehbemt736/files/documents/ratio-median-ratio-cod-prd-ten-year-history.xlsx,https://www.revenue.nh.gov/sites/g/files/ehbemt736/files/documents/2025-tables-by-county.xlsx,2026-08-21,2025
Northfield,town,3.37,1.87,8.28,1.27,14.79,79.2,ESTIMATE (DRA 2025 official not yet published),11.71,11.11,"total_rate * equalization_ratio; +0.13 bias, median|err| 0.085 vs DRA 2024",628584358,8821095,793667119,https://www.revenue.nh.gov/sites/g/files/ehbemt736/files/documents/2025-municipal-and-village-district-tax-rates.xlsx,https://www.revenue.nh.gov/sites/g/files/ehbemt736/files/documents/ratio-median-ratio-cod-prd-ten-year-history.xlsx,https://www.revenue.nh.gov/sites/g/files/ehbemt736/files/documents/2025-tables-by-county.xlsx,2026-08-21,2025
Northumberland,town,10.04,3.61,12.4,1.28,27.33,68.25,ESTIMATE (DRA 2025 official not yet published),18.65,18.25,"total_rate * equalization_ratio; +0.13 bias, median|err| 0.085 vs DRA 2024",227670903,6086828,333583741,https://www.revenue.nh.gov/sites/g/files/ehbemt736/files/documents/2025-municipal-and-village-district-tax-rates.xlsx,https://www.revenue.nh.gov/sites/g/files/ehbemt736/files/documents/ratio-median-ratio-cod-prd-ten-year-history.xlsx,https://www.revenue.nh.gov/sites/g/files/ehbemt736/files/documents/2025-tables-by-county.xlsx,2026-08-21,2025
Northwood,town,2.01,0.52,8.46,0.92,11.91,98.1,ESTIMATE (DRA 2025 official not yet published),11.68,11.59,"total_rate * equalization_ratio; +0.13 bias, median|err| 0.085 vs DRA 2024",1289637222,15237191,1314614905,https://www.revenue.nh.gov/sites/g/files/ehbemt736/files/documents/2025-municipal-and-village-district-tax-rates.xlsx,https://www.revenue.nh.gov/sites/g/files/ehbemt736/files/documents/ratio-median-ratio-cod-prd-ten-year-history.xlsx,https://www.revenue.nh.gov/sites/g/files/ehbemt736/files/documents/2025-tables-by-county.xlsx,2026-08-21,2025
Nottingham,town,2.3,0.53,9.37,1,13.2,98.15,ESTIMATE (DRA 2025 official not yet published),12.96,12.71,"total_rate * equalization_ratio; +0.13 bias, median|err| 0.085 vs DRA 2024",1462250713,18937670,1489812239,https://www.revenue.nh.gov/sites/g/files/ehbemt736/files/documents/2025-municipal-and-village-district-tax-rates.xlsx,https://www.revenue.nh.gov/sites/g/files/ehbemt736/files/documents/ratio-median-ratio-cod-prd-ten-year-history.xlsx,https://www.revenue.nh.gov/sites/g/files/ehbemt736/files/documents/2025-tables-by-county.xlsx,2026-08-21,2025
Odell,unincorporated,-3.5,4.89,0,1.27,2.66,77.4,ESTIMATE (DRA 2025 official not yet published),2.06,2.06,"total_rate * equalization_ratio; +0.13 bias, median|err| 0.085 vs DRA 2024",3339498,8892,4314597,https://www.revenue.nh.gov/sites/g/files/ehbemt736/files/documents/2025-municipal-and-village-district-tax-rates.xlsx,https://www.revenue.nh.gov/sites/g/files/ehbemt736/files/documents/ratio-median-ratio-cod-prd-ten-year-history.xlsx,https://www.revenue.nh.gov/sites/g/files/ehbemt736/files/documents/2025-tables-by-county.xlsx,2026-08-21,2025
Orange,town,4.6,0.81,11.2,0.79,17.4,100.53,ESTIMATE (DRA 2025 official not yet published),17.49,17.42,"total_rate * equalization_ratio; +0.13 bias, median|err| 0.085 vs DRA 2024",72381460,1253957,71999861,https://www.revenue.nh.gov/sites/g/files/ehbemt736/files/documents/2025-municipal-and-village-district-tax-rates.xlsx,https://www.revenue.nh.gov/sites/g/files/ehbemt736/files/documents/ratio-median-ratio-cod-prd-ten-year-history.xlsx,https://www.revenue.nh.gov/sites/g/files/ehbemt736/files/documents/2025-tables-by-county.xlsx,2026-08-21,2025
Orford,town,4.45,1,11.05,1.01,17.51,96.81,ESTIMATE (DRA 2025 official not yet published),16.95,16.94,"total_rate * equalization_ratio; +0.13 bias, median|err| 0.085 vs DRA 2024",284410811,4975339,293782472,https://www.revenue.nh.gov/sites/g/files/ehbemt736/files/documents/2025-municipal-and-village-district-tax-rates.xlsx,https://www.revenue.nh.gov/sites/g/files/ehbemt736/files/documents/ratio-median-ratio-cod-prd-ten-year-history.xlsx,https://www.revenue.nh.gov/sites/g/files/ehbemt736/files/documents/2025-tables-by-county.xlsx,2026-08-21,2025
Ossipee,town,3.69,0.74,7.22,1.12,12.77,88.47,ESTIMATE (DRA 2025 official not yet published),11.3,11.17,"total_rate * equalization_ratio; +0.13 bias, median|err| 0.085 vs DRA 2024",1559001462,19683222,1762180922,https://www.revenue.nh.gov/sites/g/files/ehbemt736/files/documents/2025-municipal-and-village-district-tax-rates.xlsx,https://www.revenue.nh.gov/sites/g/files/ehbemt736/files/documents/ratio-median-ratio-cod-prd-ten-year-history.xlsx,https://www.revenue.nh.gov/sites/g/files/ehbemt736/files/documents/2025-tables-by-county.xlsx,2026-08-21,2025
Pelham,town,5.44,1.18,11.17,1.3,19.09,74.86,ESTIMATE (DRA 2025 official not yet published),14.29,14.17,"total_rate * equalization_ratio; +0.13 bias, median|err| 0.085 vs DRA 2024",2832721310,53610152,3784025260,https://www.revenue.nh.gov/sites/g/files/ehbemt736/files/documents/2025-municipal-and-village-district-tax-rates.xlsx,https://www.revenue.nh.gov/sites/g/files/ehbemt736/files/documents/ratio-median-ratio-cod-prd-ten-year-history.xlsx,https://www.revenue.nh.gov/sites/g/files/ehbemt736/files/documents/2025-tables-by-county.xlsx,2026-08-21,2025
Pembroke,town,5.42,1.58,13.75,1.09,21.84,88.77,ESTIMATE (DRA 2025 official not yet published),19.39,19.25,"total_rate * equalization_ratio; +0.13 bias, median|err| 0.085 vs DRA 2024",1254214752,27197867,1412881325,https://www.revenue.nh.gov/sites/g/files/ehbemt736/files/documents/2025-municipal-and-village-district-tax-rates.xlsx,https://www.revenue.nh.gov/sites/g/files/ehbemt736/files/documents/ratio-median-ratio-cod-prd-ten-year-history.xlsx,https://www.revenue.nh.gov/sites/g/files/ehbemt736/files/documents/2025-tables-by-county.xlsx,2026-08-21,2025
Penacook,village_district,10.18,2.54,16.41,1.61,30.74,,ESTIMATE (DRA 2025 official not yet published),,,"total_rate * equalization_ratio; +0.13 bias, median|err| 0.085 vs DRA 2024",,,,https://www.revenue.nh.gov/sites/g/files/ehbemt736/files/documents/2025-municipal-and-village-district-tax-rates.xlsx,https://www.revenue.nh.gov/sites/g/files/ehbemt736/files/documents/ratio-median-ratio-cod-prd-ten-year-history.xlsx,https://www.revenue.nh.gov/sites/g/files/ehbemt736/files/documents/2025-tables-by-county.xlsx,2026-08-21,2025
Peterborough,town,9.5,0.97,10.77,1.11,22.35,97.74,ESTIMATE (DRA 2025 official not yet published),21.84,20.33,"total_rate * equalization_ratio; +0.13 bias, median|err| 0.085 vs DRA 2024",1378492930,28669913,1410367229,https://www.revenue.nh.gov/sites/g/files/ehbemt736/files/documents/2025-municipal-and-village-district-tax-rates.xlsx,https://www.revenue.nh.gov/sites/g/files/ehbemt736/files/documents/ratio-median-ratio-cod-prd-ten-year-history.xlsx,https://www.revenue.nh.gov/sites/g/files/ehbemt736/files/documents/2025-tables-by-county.xlsx,2026-08-21,2025
Piermont,town,6.21,1.3,13.53,1.42,22.46,63.8,ESTIMATE (DRA 2025 official not yet published),14.33,14.19,"total_rate * equalization_ratio; +0.13 bias, median|err| 0.085 vs DRA 2024",133919848,2978332,209905718,https://www.revenue.nh.gov/sites/g/files/ehbemt736/files/documents/2025-municipal-and-village-district-tax-rates.xlsx,https://www.revenue.nh.gov/sites/g/files/ehbemt736/files/documents/ratio-median-ratio-cod-prd-ten-year-history.xlsx,https://www.revenue.nh.gov/sites/g/files/ehbemt736/files/documents/2025-tables-by-county.xlsx,2026-08-21,2025
Pinkham's Grant,unincorporated,10.4,7.29,0,1.64,19.33,77.4,ESTIMATE (DRA 2025 official not yet published),14.96,14.92,"total_rate * equalization_ratio; +0.13 bias, median|err| 0.085 vs DRA 2024",2866530,55242,3703527,https://www.revenue.nh.gov/sites/g/files/ehbemt736/files/documents/2025-municipal-and-village-district-tax-rates.xlsx,https://www.revenue.nh.gov/sites/g/files/ehbemt736/files/documents/ratio-median-ratio-cod-prd-ten-year-history.xlsx,https://www.revenue.nh.gov/sites/g/files/ehbemt736/files/documents/2025-tables-by-county.xlsx,2026-08-21,2025
Pittsburg,town,2.16,2.71,3.58,1.15,9.6,88.5,ESTIMATE (DRA 2025 official not yet published),8.5,8.45,"total_rate * equalization_ratio; +0.13 bias, median|err| 0.085 vs DRA 2024",608703279,5811887,687800315,https://www.revenue.nh.gov/sites/g/files/ehbemt736/files/documents/2025-municipal-and-village-district-tax-rates.xlsx,https://www.revenue.nh.gov/sites/g/files/ehbemt736/files/documents/ratio-median-ratio-cod-prd-ten-year-history.xlsx,https://www.revenue.nh.gov/sites/g/files/ehbemt736/files/documents/2025-tables-by-county.xlsx,2026-08-21,2025
Pittsfield,town,4.82,1.48,10.57,0.95,17.82,98.75,ESTIMATE (DRA 2025 official not yet published),17.6,17.49,"total_rate * equalization_ratio; +0.13 bias, median|err| 0.085 vs DRA 2024",666707155,11806556,675146486,https://www.revenue.nh.gov/sites/g/files/ehbemt736/files/documents/2025-municipal-and-village-district-tax-rates.xlsx,https://www.revenue.nh.gov/sites/g/files/ehbemt736/files/documents/ratio-median-ratio-cod-prd-ten-year-history.xlsx,https://www.revenue.nh.gov/sites/g/files/ehbemt736/files/documents/2025-tables-by-county.xlsx,2026-08-21,2025
Plainfield,town,3.5,1.95,11.06,1.09,17.6,94.49,ESTIMATE (DRA 2025 official not yet published),16.63,16.52,"total_rate * equalization_ratio; +0.13 bias, median|err| 0.085 vs DRA 2024",551542892,9641186,583705040,https://www.revenue.nh.gov/sites/g/files/ehbemt736/files/documents/2025-municipal-and-village-district-tax-rates.xlsx,https://www.revenue.nh.gov/sites/g/files/ehbemt736/files/documents/ratio-median-ratio-cod-prd-ten-year-history.xlsx,https://www.revenue.nh.gov/sites/g/files/ehbemt736/files/documents/2025-tables-by-county.xlsx,2026-08-21,2025
Plaistow,town,4.51,0.53,8.38,1.02,14.44,94.93,ESTIMATE (DRA 2025 official not yet published),13.71,13.58,"total_rate * equalization_ratio; +0.13 bias, median|err| 0.085 vs DRA 2024",1993805314,28515047,2100290018,https://www.revenue.nh.gov/sites/g/files/ehbemt736/files/documents/2025-municipal-and-village-district-tax-rates.xlsx,https://www.revenue.nh.gov/sites/g/files/ehbemt736/files/documents/ratio-median-ratio-cod-prd-ten-year-history.xlsx,https://www.revenue.nh.gov/sites/g/files/ehbemt736/files/documents/2025-tables-by-county.xlsx,2026-08-21,2025
Plymouth,town,9.97,1.15,11.55,1.1,23.77,91.53,ESTIMATE (DRA 2025 official not yet published),21.76,21.6,"total_rate * equalization_ratio; +0.13 bias, median|err| 0.085 vs DRA 2024",816145510,19261280,891669955,https://www.revenue.nh.gov/sites/g/files/ehbemt736/files/documents/2025-municipal-and-village-district-tax-rates.xlsx,https://www.revenue.nh.gov/sites/g/files/ehbemt736/files/documents/ratio-median-ratio-cod-prd-ten-year-history.xlsx,https://www.revenue.nh.gov/sites/g/files/ehbemt736/files/documents/2025-tables-by-county.xlsx,2026-08-21,2025
Portsmouth,city,5.26,0.58,4.57,1.1,11.51,88.3,ESTIMATE (DRA 2025 official not yet published),10.16,10.08,"total_rate * equalization_ratio; +0.13 bias, median|err| 0.085 vs DRA 2024",10276117674,117269796,11637732360,https://www.revenue.nh.gov/sites/g/files/ehbemt736/files/documents/2025-municipal-and-village-district-tax-rates.xlsx,https://www.revenue.nh.gov/sites/g/files/ehbemt736/files/documents/ratio-median-ratio-cod-prd-ten-year-history.xlsx,https://www.revenue.nh.gov/sites/g/files/ehbemt736/files/documents/2025-tables-by-county.xlsx,2026-08-21,2025
Randolph,town,3.63,2.32,4,1.03,10.98,98.01,ESTIMATE (DRA 2025 official not yet published),10.76,10.62,"total_rate * equalization_ratio; +0.13 bias, median|err| 0.085 vs DRA 2024",138608224,1502481,141422532,https://www.revenue.nh.gov/sites/g/files/ehbemt736/files/documents/2025-municipal-and-village-district-tax-rates.xlsx,https://www.revenue.nh.gov/sites/g/files/ehbemt736/files/documents/ratio-median-ratio-cod-prd-ten-year-history.xlsx,https://www.revenue.nh.gov/sites/g/files/ehbemt736/files/documents/2025-tables-by-county.xlsx,2026-08-21,2025
Raymond,town,4.6,0.85,15.92,1.59,22.96,61.72,ESTIMATE (DRA 2025 official not yet published),14.17,13.91,"total_rate * equalization_ratio; +0.13 bias, median|err| 0.085 vs DRA 2024",1376019113,31012884,2229454169,https://www.revenue.nh.gov/sites/g/files/ehbemt736/files/documents/2025-municipal-and-village-district-tax-rates.xlsx,https://www.revenue.nh.gov/sites/g/files/ehbemt736/files/documents/ratio-median-ratio-cod-prd-ten-year-history.xlsx,https://www.revenue.nh.gov/sites/g/files/ehbemt736/files/documents/2025-tables-by-county.xlsx,2026-08-21,2025
Richmond,town,2.79,2.74,12.3,1.3,19.13,79.46,ESTIMATE (DRA 2025 official not yet published),15.2,14.91,"total_rate * equalization_ratio; +0.13 bias, median|err| 0.085 vs DRA 2024",172971820,3246045,217684143,https://www.revenue.nh.gov/sites/g/files/ehbemt736/files/documents/2025-municipal-and-village-district-tax-rates.xlsx,https://www.revenue.nh.gov/sites/g/files/ehbemt736/files/documents/ratio-median-ratio-cod-prd-ten-year-history.xlsx,https://www.revenue.nh.gov/sites/g/files/ehbemt736/files/documents/2025-tables-by-county.xlsx,2026-08-21,2025
Rindge,town,2.44,2.01,8.36,0.98,13.79,98.8,ESTIMATE (DRA 2025 official not yet published),13.62,13.41,"total_rate * equalization_ratio; +0.13 bias, median|err| 0.085 vs DRA 2024",1466136314,19904756,1483943638,https://www.revenue.nh.gov/sites/g/files/ehbemt736/files/documents/2025-municipal-and-village-district-tax-rates.xlsx,https://www.revenue.nh.gov/sites/g/files/ehbemt736/files/documents/ratio-median-ratio-cod-prd-ten-year-history.xlsx,https://www.revenue.nh.gov/sites/g/files/ehbemt736/files/documents/2025-tables-by-county.xlsx,2026-08-21,2025
Rochester,city,4.45,1.77,7.98,1.1,15.3,92.47,ESTIMATE (DRA 2025 official not yet published),14.15,13.64,"total_rate * equalization_ratio; +0.13 bias, median|err| 0.085 vs DRA 2024",5299518018,78187605,5731067393,https://www.revenue.nh.gov/sites/g/files/ehbemt736/files/documents/2025-municipal-and-village-district-tax-rates.xlsx,https://www.revenue.nh.gov/sites/g/files/ehbemt736/files/documents/ratio-median-ratio-cod-prd-ten-year-history.xlsx,https://www.revenue.nh.gov/sites/g/files/ehbemt736/files/documents/2025-tables-by-county.xlsx,2026-08-21,2025
Rollinsford,town,3.88,1.99,10.85,1.18,17.9,79.58,ESTIMATE (DRA 2025 official not yet published),14.24,14.15,"total_rate * equalization_ratio; +0.13 bias, median|err| 0.085 vs DRA 2024",493335090,8769572,619923461,https://www.revenue.nh.gov/sites/g/files/ehbemt736/files/documents/2025-municipal-and-village-district-tax-rates.xlsx,https://www.revenue.nh.gov/sites/g/files/ehbemt736/files/documents/ratio-median-ratio-cod-prd-ten-year-history.xlsx,https://www.revenue.nh.gov/sites/g/files/ehbemt736/files/documents/2025-tables-by-county.xlsx,2026-08-21,2025
Roxbury,town,3.49,2.25,9.96,1.01,16.71,91.86,ESTIMATE (DRA 2025 official not yet published),15.35,15.3,"total_rate * equalization_ratio; +0.13 bias, median|err| 0.085 vs DRA 2024",43759167,728925,47636803,https://www.revenue.nh.gov/sites/g/files/ehbemt736/files/documents/2025-municipal-and-village-district-tax-rates.xlsx,https://www.revenue.nh.gov/sites/g/files/ehbemt736/files/documents/ratio-median-ratio-cod-prd-ten-year-history.xlsx,https://www.revenue.nh.gov/sites/g/files/ehbemt736/files/documents/2025-tables-by-county.xlsx,2026-08-21,2025
Rumney,town,3.69,1.01,8.79,1.01,14.5,83.79,ESTIMATE (DRA 2025 official not yet published),12.15,12.03,"total_rate * equalization_ratio; +0.13 bias, median|err| 0.085 vs DRA 2024",376312347,5401346,449113673,https://www.revenue.nh.gov/sites/g/files/ehbemt736/files/documents/2025-municipal-and-village-district-tax-rates.xlsx,https://www.revenue.nh.gov/sites/g/files/ehbemt736/files/documents/ratio-median-ratio-cod-prd-ten-year-history.xlsx,https://www.revenue.nh.gov/sites/g/files/ehbemt736/files/documents/2025-tables-by-county.xlsx,2026-08-21,2025
Rye,town,2.24,0.79,3.68,1.66,8.37,63.26,ESTIMATE (DRA 2025 official not yet published),5.29,5.26,"total_rate * equalization_ratio; +0.13 bias, median|err| 0.085 vs DRA 2024",3306775900,27506185,5227277743,https://www.revenue.nh.gov/sites/g/files/ehbemt736/files/documents/2025-municipal-and-village-district-tax-rates.xlsx,https://www.revenue.nh.gov/sites/g/files/ehbemt736/files/documents/ratio-median-ratio-cod-prd-ten-year-history.xlsx,https://www.revenue.nh.gov/sites/g/files/ehbemt736/files/documents/2025-tables-by-county.xlsx,2026-08-21,2025
Salem,town,5.9,0.78,10.07,1.41,18.16,67.8,ESTIMATE (DRA 2025 official not yet published),12.31,12.21,"total_rate * equalization_ratio; +0.13 bias, median|err| 0.085 vs DRA 2024",6747807691,121505649,9952518718,https://www.revenue.nh.gov/sites/g/files/ehbemt736/files/documents/2025-municipal-and-village-district-tax-rates.xlsx,https://www.revenue.nh.gov/sites/g/files/ehbemt736/files/documents/ratio-median-ratio-cod-prd-ten-year-history.xlsx,https://www.revenue.nh.gov/sites/g/files/ehbemt736/files/documents/2025-tables-by-county.xlsx,2026-08-21,2025
Salisbury,town,4.83,1.93,9.99,1.16,17.91,75.02,ESTIMATE (DRA 2025 official not yet published),13.44,13.26,"total_rate * equalization_ratio; +0.13 bias, median|err| 0.085 vs DRA 2024",252925931,4471568,337144669,https://www.revenue.nh.gov/sites/g/files/ehbemt736/files/documents/2025-municipal-and-village-district-tax-rates.xlsx,https://www.revenue.nh.gov/sites/g/files/ehbemt736/files/documents/ratio-median-ratio-cod-prd-ten-year-history.xlsx,https://www.revenue.nh.gov/sites/g/files/ehbemt736/files/documents/2025-tables-by-county.xlsx,2026-08-21,2025
Sanbornton,town,5.28,0.95,5.83,1.15,13.21,92.34,ESTIMATE (DRA 2025 official not yet published),12.2,12.08,"total_rate * equalization_ratio; +0.13 bias, median|err| 0.085 vs DRA 2024",971599022,12712460,1052197338,https://www.revenue.nh.gov/sites/g/files/ehbemt736/files/documents/2025-municipal-and-village-district-tax-rates.xlsx,https://www.revenue.nh.gov/sites/g/files/ehbemt736/files/documents/ratio-median-ratio-cod-prd-ten-year-history.xlsx,https://www.revenue.nh.gov/sites/g/files/ehbemt736/files/documents/2025-tables-by-county.xlsx,2026-08-21,2025
Sandown,town,3.56,0.65,12.43,1.16,17.8,81.46,ESTIMATE (DRA 2025 official not yet published),14.5,14.33,"total_rate * equalization_ratio; +0.13 bias, median|err| 0.085 vs DRA 2024",1170672260,20589060,1437113013,https://www.revenue.nh.gov/sites/g/files/ehbemt736/files/documents/2025-municipal-and-village-district-tax-rates.xlsx,https://www.revenue.nh.gov/sites/g/files/ehbemt736/files/documents/ratio-median-ratio-cod-prd-ten-year-history.xlsx,https://www.revenue.nh.gov/sites/g/files/ehbemt736/files/documents/2025-tables-by-county.xlsx,2026-08-21,2025
Sandwich,town,2.83,0.72,4.57,1.13,9.25,87.32,ESTIMATE (DRA 2025 official not yet published),8.08,7.92,"total_rate * equalization_ratio; +0.13 bias, median|err| 0.085 vs DRA 2024",848014391,7691004,971157113,https://www.revenue.nh.gov/sites/g/files/ehbemt736/files/documents/2025-municipal-and-village-district-tax-rates.xlsx,https://www.revenue.nh.gov/sites/g/files/ehbemt736/files/documents/ratio-median-ratio-cod-prd-ten-year-history.xlsx,https://www.revenue.nh.gov/sites/g/files/ehbemt736/files/documents/2025-tables-by-county.xlsx,2026-08-21,2025
Sargent's Purchase,unincorporated,-4.15,4.15,0,1.06,1.06,77.4,ESTIMATE (DRA 2025 official not yet published),0.82,0.82,"total_rate * equalization_ratio; +0.13 bias, median|err| 0.085 vs DRA 2024",2461220,2608,3179871,https://www.revenue.nh.gov/sites/g/files/ehbemt736/files/documents/2025-municipal-and-village-district-tax-rates.xlsx,https://www.revenue.nh.gov/sites/g/files/ehbemt736/files/documents/ratio-median-ratio-cod-prd-ten-year-history.xlsx,https://www.revenue.nh.gov/sites/g/files/ehbemt736/files/documents/2025-tables-by-county.xlsx,2026-08-21,2025
Seabrook,town,5.38,0.66,5.2,1.16,12.4,83,ESTIMATE (DRA 2025 official not yet published),10.29,9.87,"total_rate * equalization_ratio; +0.13 bias, median|err| 0.085 vs DRA 2024",4424609918,52637335,5330855323,https://www.revenue.nh.gov/sites/g/files/ehbemt736/files/documents/2025-municipal-and-village-district-tax-rates.xlsx,https://www.revenue.nh.gov/sites/g/files/ehbemt736/files/documents/ratio-median-ratio-cod-prd-ten-year-history.xlsx,https://www.revenue.nh.gov/sites/g/files/ehbemt736/files/documents/2025-tables-by-county.xlsx,2026-08-21,2025
Second College Grant,unincorporated,-3.73,3.73,0,1.2,1.2,77.4,ESTIMATE (DRA 2025 official not yet published),0.93,0.93,"total_rate * equalization_ratio; +0.13 bias, median|err| 0.085 vs DRA 2024",1586131,1901,2049265,https://www.revenue.nh.gov/sites/g/files/ehbemt736/files/documents/2025-municipal-and-village-district-tax-rates.xlsx,https://www.revenue.nh.gov/sites/g/files/ehbemt736/files/documents/ratio-median-ratio-cod-prd-ten-year-history.xlsx,https://www.revenue.nh.gov/sites/g/files/ehbemt736/files/documents/2025-tables-by-county.xlsx,2026-08-21,2025
Sharon,town,4.77,0.95,11.2,0.9,17.82,100.9,ESTIMATE (DRA 2025 official not yet published),17.98,17.92,"total_rate * equalization_ratio; +0.13 bias, median|err| 0.085 vs DRA 2024",106516833,1891302,105566732,https://www.revenue.nh.gov/sites/g/files/ehbemt736/files/documents/2025-municipal-and-village-district-tax-rates.xlsx,https://www.revenue.nh.gov/sites/g/files/ehbemt736/files/documents/ratio-median-ratio-cod-prd-ten-year-history.xlsx,https://www.revenue.nh.gov/sites/g/files/ehbemt736/files/documents/2025-tables-by-county.xlsx,2026-08-21,2025
Shelburne,town,6.36,3.76,8.52,1.57,20.21,62.84,ESTIMATE (DRA 2025 official not yet published),12.7,12.41,"total_rate * equalization_ratio; +0.13 bias, median|err| 0.085 vs DRA 2024",82080068,1621520,130617549,https://www.revenue.nh.gov/sites/g/files/ehbemt736/files/documents/2025-municipal-and-village-district-tax-rates.xlsx,https://www.revenue.nh.gov/sites/g/files/ehbemt736/files/documents/ratio-median-ratio-cod-prd-ten-year-history.xlsx,https://www.revenue.nh.gov/sites/g/files/ehbemt736/files/documents/2025-tables-by-county.xlsx,2026-08-21,2025
Somersworth,city,5.59,1.74,10.7,1.24,19.27,88.78,ESTIMATE (DRA 2025 official not yet published),17.11,16.93,"total_rate * equalization_ratio; +0.13 bias, median|err| 0.085 vs DRA 2024",1942506462,37035875,2188000070,https://www.revenue.nh.gov/sites/g/files/ehbemt736/files/documents/2025-municipal-and-village-district-tax-rates.xlsx,https://www.revenue.nh.gov/sites/g/files/ehbemt736/files/documents/ratio-median-ratio-cod-prd-ten-year-history.xlsx,https://www.revenue.nh.gov/sites/g/files/ehbemt736/files/documents/2025-tables-by-county.xlsx,2026-08-21,2025
South Hampton,town,3.39,0.62,9.41,1.05,14.47,87.44,ESTIMATE (DRA 2025 official not yet published),12.65,12.58,"total_rate * equalization_ratio; +0.13 bias, median|err| 0.085 vs DRA 2024",270249199,3889267,309068160,https://www.revenue.nh.gov/sites/g/files/ehbemt736/files/documents/2025-municipal-and-village-district-tax-rates.xlsx,https://www.revenue.nh.gov/sites/g/files/ehbemt736/files/documents/ratio-median-ratio-cod-prd-ten-year-history.xlsx,https://www.revenue.nh.gov/sites/g/files/ehbemt736/files/documents/2025-tables-by-county.xlsx,2026-08-21,2025
Springfield,town,2.98,1.85,7.96,0.96,13.75,103.24,ESTIMATE (DRA 2025 official not yet published),14.2,14.06,"total_rate * equalization_ratio; +0.13 bias, median|err| 0.085 vs DRA 2024",437816199,5962954,424076132,https://www.revenue.nh.gov/sites/g/files/ehbemt736/files/documents/2025-municipal-and-village-district-tax-rates.xlsx,https://www.revenue.nh.gov/sites/g/files/ehbemt736/files/documents/ratio-median-ratio-cod-prd-ten-year-history.xlsx,https://www.revenue.nh.gov/sites/g/files/ehbemt736/files/documents/2025-tables-by-county.xlsx,2026-08-21,2025
Stark,town,1.99,3.14,5.61,1.07,11.81,96.02,ESTIMATE (DRA 2025 official not yet published),11.34,11.01,"total_rate * equalization_ratio; +0.13 bias, median|err| 0.085 vs DRA 2024",158721361,1820270,165300313,https://www.revenue.nh.gov/sites/g/files/ehbemt736/files/documents/2025-municipal-and-village-district-tax-rates.xlsx,https://www.revenue.nh.gov/sites/g/files/ehbemt736/files/documents/ratio-median-ratio-cod-prd-ten-year-history.xlsx,https://www.revenue.nh.gov/sites/g/files/ehbemt736/files/documents/2025-tables-by-county.xlsx,2026-08-21,2025
Stewartstown,town,2.39,2.95,9.22,1.1,15.66,79.89,ESTIMATE (DRA 2025 official not yet published),12.51,12.36,"total_rate * equalization_ratio; +0.13 bias, median|err| 0.085 vs DRA 2024",203771183,3152395,255064693,https://www.revenue.nh.gov/sites/g/files/ehbemt736/files/documents/2025-municipal-and-village-district-tax-rates.xlsx,https://www.revenue.nh.gov/sites/g/files/ehbemt736/files/documents/ratio-median-ratio-cod-prd-ten-year-history.xlsx,https://www.revenue.nh.gov/sites/g/files/ehbemt736/files/documents/2025-tables-by-county.xlsx,2026-08-21,2025
Stoddard,town,2.14,2.25,5.67,1.22,11.28,73.78,ESTIMATE (DRA 2025 official not yet published),8.32,8.23,"total_rate * equalization_ratio; +0.13 bias, median|err| 0.085 vs DRA 2024",465010910,5187657,630266888,https://www.revenue.nh.gov/sites/g/files/ehbemt736/files/documents/2025-municipal-and-village-district-tax-rates.xlsx,https://www.revenue.nh.gov/sites/g/files/ehbemt736/files/documents/ratio-median-ratio-cod-prd-ten-year-history.xlsx,https://www.revenue.nh.gov/sites/g/files/ehbemt736/files/documents/2025-tables-by-county.xlsx,2026-08-21,2025
Strafford,town,3.91,2.67,12.73,1.65,20.96,62.08,ESTIMATE (DRA 2025 official not yet published),13.01,12.9,"total_rate * equalization_ratio; +0.13 bias, median|err| 0.085 vs DRA 2024",736371100,15303366,1186164787,https://www.revenue.nh.gov/sites/g/files/ehbemt736/files/documents/2025-municipal-and-village-district-tax-rates.xlsx,https://www.revenue.nh.gov/sites/g/files/ehbemt736/files/documents/ratio-median-ratio-cod-prd-ten-year-history.xlsx,https://www.revenue.nh.gov/sites/g/files/ehbemt736/files/documents/2025-tables-by-county.xlsx,2026-08-21,2025
Stratford,town,6.44,4.62,14.73,2.13,27.92,45.68,ESTIMATE (DRA 2025 official not yet published),12.75,12.46,"total_rate * equalization_ratio; +0.13 bias, median|err| 0.085 vs DRA 2024",100523716,2740934,220060674,https://www.revenue.nh.gov/sites/g/files/ehbemt736/files/documents/2025-municipal-and-village-district-tax-rates.xlsx,https://www.revenue.nh.gov/sites/g/files/ehbemt736/files/documents/ratio-median-ratio-cod-prd-ten-year-history.xlsx,https://www.revenue.nh.gov/sites/g/files/ehbemt736/files/documents/2025-tables-by-county.xlsx,2026-08-21,2025
Stratham,town,2.15,0.59,9.72,1.06,13.52,93.18,ESTIMATE (DRA 2025 official not yet published),12.6,12.45,"total_rate * equalization_ratio; +0.13 bias, median|err| 0.085 vs DRA 2024",2580760474,34480631,2769650648,https://www.revenue.nh.gov/sites/g/files/ehbemt736/files/documents/2025-municipal-and-village-district-tax-rates.xlsx,https://www.revenue.nh.gov/sites/g/files/ehbemt736/files/documents/ratio-median-ratio-cod-prd-ten-year-history.xlsx,https://www.revenue.nh.gov/sites/g/files/ehbemt736/files/documents/2025-tables-by-county.xlsx,2026-08-21,2025
Success,unincorporated,-0.22,4.05,0,1.1,4.93,77.4,ESTIMATE (DRA 2025 official not yet published),3.82,3.82,"total_rate * equalization_ratio; +0.13 bias, median|err| 0.085 vs DRA 2024",15470113,76271,19987226,https://www.revenue.nh.gov/sites/g/files/ehbemt736/files/documents/2025-municipal-and-village-district-tax-rates.xlsx,https://www.revenue.nh.gov/sites/g/files/ehbemt736/files/documents/ratio-median-ratio-cod-prd-ten-year-history.xlsx,https://www.revenue.nh.gov/sites/g/files/ehbemt736/files/documents/2025-tables-by-county.xlsx,2026-08-21,2025
Sugar Hill,town,4.87,0.98,4.91,1.18,11.94,94.78,ESTIMATE (DRA 2025 official not yet published),11.32,11.24,"total_rate * equalization_ratio; +0.13 bias, median|err| 0.085 vs DRA 2024",339560498,4027478,358261762,https://www.revenue.nh.gov/sites/g/files/ehbemt736/files/documents/2025-municipal-and-village-district-tax-rates.xlsx,https://www.revenue.nh.gov/sites/g/files/ehbemt736/files/documents/ratio-median-ratio-cod-prd-ten-year-history.xlsx,https://www.revenue.nh.gov/sites/g/files/ehbemt736/files/documents/2025-tables-by-county.xlsx,2026-08-21,2025
Sullivan,town,4.74,2.12,10.85,0.86,18.57,92.16,ESTIMATE (DRA 2025 official not yet published),17.11,17.02,"total_rate * equalization_ratio; +0.13 bias, median|err| 0.085 vs DRA 2024",119747964,2211821,129934857,https://www.revenue.nh.gov/sites/g/files/ehbemt736/files/documents/2025-municipal-and-village-district-tax-rates.xlsx,https://www.revenue.nh.gov/sites/g/files/ehbemt736/files/documents/ratio-median-ratio-cod-prd-ten-year-history.xlsx,https://www.revenue.nh.gov/sites/g/files/ehbemt736/files/documents/2025-tables-by-county.xlsx,2026-08-21,2025
Sunapee,town,2.71,2.36,4.31,1.17,10.55,77.18,ESTIMATE (DRA 2025 official not yet published),8.14,8.11,"total_rate * equalization_ratio; +0.13 bias, median|err| 0.085 vs DRA 2024",2446060371,25688271,3169293044,https://www.revenue.nh.gov/sites/g/files/ehbemt736/files/documents/2025-municipal-and-village-district-tax-rates.xlsx,https://www.revenue.nh.gov/sites/g/files/ehbemt736/files/documents/ratio-median-ratio-cod-prd-ten-year-history.xlsx,https://www.revenue.nh.gov/sites/g/files/ehbemt736/files/documents/2025-tables-by-county.xlsx,2026-08-21,2025
Surry,town,2.31,2.48,10.9,1.13,16.82,79.85,ESTIMATE (DRA 2025 official not yet published),13.43,13.26,"total_rate * equalization_ratio; +0.13 bias, median|err| 0.085 vs DRA 2024",139050839,2309399,174140061,https://www.revenue.nh.gov/sites/g/files/ehbemt736/files/documents/2025-municipal-and-village-district-tax-rates.xlsx,https://www.revenue.nh.gov/sites/g/files/ehbemt736/files/documents/ratio-median-ratio-cod-prd-ten-year-history.xlsx,https://www.revenue.nh.gov/sites/g/files/ehbemt736/files/documents/2025-tables-by-county.xlsx,2026-08-21,2025
Sutton,town,5.07,1.6,8.9,1.04,16.61,96.15,ESTIMATE (DRA 2025 official not yet published),15.97,15.8,"total_rate * equalization_ratio; +0.13 bias, median|err| 0.085 vs DRA 2024",574206834,9434954,597198995,https://www.revenue.nh.gov/sites/g/files/ehbemt736/files/documents/2025-municipal-and-village-district-tax-rates.xlsx,https://www.revenue.nh.gov/sites/g/files/ehbemt736/files/documents/ratio-median-ratio-cod-prd-ten-year-history.xlsx,https://www.revenue.nh.gov/sites/g/files/ehbemt736/files/documents/2025-tables-by-county.xlsx,2026-08-21,2025
Swanzey,town,5.62,2.28,11.03,1.25,20.18,84.14,ESTIMATE (DRA 2025 official not yet published),16.98,16.45,"total_rate * equalization_ratio; +0.13 bias, median|err| 0.085 vs DRA 2024",1030727357,20154438,1225014686,https://www.revenue.nh.gov/sites/g/files/ehbemt736/files/documents/2025-municipal-and-village-district-tax-rates.xlsx,https://www.revenue.nh.gov/sites/g/files/ehbemt736/files/documents/ratio-median-ratio-cod-prd-ten-year-history.xlsx,https://www.revenue.nh.gov/sites/g/files/ehbemt736/files/documents/2025-tables-by-county.xlsx,2026-08-21,2025
Tamworth,town,3.37,0.73,9.59,1.09,14.78,90.83,ESTIMATE (DRA 2025 official not yet published),13.42,13.29,"total_rate * equalization_ratio; +0.13 bias, median|err| 0.085 vs DRA 2024",735906312,10765396,810201819,https://www.revenue.nh.gov/sites/g/files/ehbemt736/files/documents/2025-municipal-and-village-district-tax-rates.xlsx,https://www.revenue.nh.gov/sites/g/files/ehbemt736/files/documents/ratio-median-ratio-cod-prd-ten-year-history.xlsx,https://www.revenue.nh.gov/sites/g/files/ehbemt736/files/documents/2025-tables-by-county.xlsx,2026-08-21,2025
Temple,town,3.75,0.9,9.65,1.06,15.36,97.82,ESTIMATE (DRA 2025 official not yet published),15.03,14.9,"total_rate * equalization_ratio; +0.13 bias, median|err| 0.085 vs DRA 2024",300774692,4580167,307477706,https://www.revenue.nh.gov/sites/g/files/ehbemt736/files/documents/2025-municipal-and-village-district-tax-rates.xlsx,https://www.revenue.nh.gov/sites/g/files/ehbemt736/files/documents/ratio-median-ratio-cod-prd-ten-year-history.xlsx,https://www.revenue.nh.gov/sites/g/files/ehbemt736/files/documents/2025-tables-by-county.xlsx,2026-08-21,2025
Thompson & Meserve's Purchase,unincorporated,-1.03,4.32,0,0.91,4.2,77.38,ESTIMATE (DRA 2025 official not yet published),3.25,,"total_rate * equalization_ratio; +0.13 bias, median|err| 0.085 vs DRA 2024",,,,https://www.revenue.nh.gov/sites/g/files/ehbemt736/files/documents/2025-municipal-and-village-district-tax-rates.xlsx,https://www.revenue.nh.gov/sites/g/files/ehbemt736/files/documents/ratio-median-ratio-cod-prd-ten-year-history.xlsx,https://www.revenue.nh.gov/sites/g/files/ehbemt736/files/documents/2025-tables-by-county.xlsx,2026-08-21,2025
Thornton,town,2.46,0.97,7.34,0.97,11.74,91.22,ESTIMATE (DRA 2025 official not yet published),10.71,10.59,"total_rate * equalization_ratio; +0.13 bias, median|err| 0.085 vs DRA 2024",995346353,11552443,1091149258,https://www.revenue.nh.gov/sites/g/files/ehbemt736/files/documents/2025-municipal-and-village-district-tax-rates.xlsx,https://www.revenue.nh.gov/sites/g/files/ehbemt736/files/documents/ratio-median-ratio-cod-prd-ten-year-history.xlsx,https://www.revenue.nh.gov/sites/g/files/ehbemt736/files/documents/2025-tables-by-county.xlsx,2026-08-21,2025
Tilton,town,3.18,0.86,6.06,1.19,11.29,91.48,ESTIMATE (DRA 2025 official not yet published),10.33,10.15,"total_rate * equalization_ratio; +0.13 bias, median|err| 0.085 vs DRA 2024",1120810418,12438955,1225197221,https://www.revenue.nh.gov/sites/g/files/ehbemt736/files/documents/2025-municipal-and-village-district-tax-rates.xlsx,https://www.revenue.nh.gov/sites/g/files/ehbemt736/files/documents/ratio-median-ratio-cod-prd-ten-year-history.xlsx,https://www.revenue.nh.gov/sites/g/files/ehbemt736/files/documents/2025-tables-by-county.xlsx,2026-08-21,2025
Troy,town,8.9,2.44,9.03,1.17,21.54,85.87,ESTIMATE (DRA 2025 official not yet published),18.5,18.1,"total_rate * equalization_ratio; +0.13 bias, median|err| 0.085 vs DRA 2024",263387097,5552956,306727724,https://www.revenue.nh.gov/sites/g/files/ehbemt736/files/documents/2025-municipal-and-village-district-tax-rates.xlsx,https://www.revenue.nh.gov/sites/g/files/ehbemt736/files/documents/ratio-median-ratio-cod-prd-ten-year-history.xlsx,https://www.revenue.nh.gov/sites/g/files/ehbemt736/files/documents/2025-tables-by-county.xlsx,2026-08-21,2025
Tuftonboro,town,2.22,0.72,2.5,0.96,6.4,96.9,ESTIMATE (DRA 2025 official not yet published),6.2,6.13,"total_rate * equalization_ratio; +0.13 bias, median|err| 0.085 vs DRA 2024",2460413724,15577447,2539126650,https://www.revenue.nh.gov/sites/g/files/ehbemt736/files/documents/2025-municipal-and-village-district-tax-rates.xlsx,https://www.revenue.nh.gov/sites/g/files/ehbemt736/files/documents/ratio-median-ratio-cod-prd-ten-year-history.xlsx,https://www.revenue.nh.gov/sites/g/files/ehbemt736/files/documents/2025-tables-by-county.xlsx,2026-08-21,2025
Unity,town,6,1.96,10.7,0.99,19.65,87.99,ESTIMATE (DRA 2025 official not yet published),17.29,17.03,"total_rate * equalization_ratio; +0.13 bias, median|err| 0.085 vs DRA 2024",250805272,4853145,285038382,https://www.revenue.nh.gov/sites/g/files/ehbemt736/files/documents/2025-municipal-and-village-district-tax-rates.xlsx,https://www.revenue.nh.gov/sites/g/files/ehbemt736/files/documents/ratio-median-ratio-cod-prd-ten-year-history.xlsx,https://www.revenue.nh.gov/sites/g/files/ehbemt736/files/documents/2025-tables-by-county.xlsx,2026-08-21,2025
Wakefield,town,2.53,0.75,4.33,1.1,8.71,93.67,ESTIMATE (DRA 2025 official not yet published),8.16,8.02,"total_rate * equalization_ratio; +0.13 bias, median|err| 0.085 vs DRA 2024",2289331418,19607193,2444039093,https://www.revenue.nh.gov/sites/g/files/ehbemt736/files/documents/2025-municipal-and-village-district-tax-rates.xlsx,https://www.revenue.nh.gov/sites/g/files/ehbemt736/files/documents/ratio-median-ratio-cod-prd-ten-year-history.xlsx,https://www.revenue.nh.gov/sites/g/files/ehbemt736/files/documents/2025-tables-by-county.xlsx,2026-08-21,2025
Walpole,town,3.81,2.31,10,1.14,17.26,88.81,ESTIMATE (DRA 2025 official not yet published),15.33,15.17,"total_rate * equalization_ratio; +0.13 bias, median|err| 0.085 vs DRA 2024",751074584,12829995,845709474,https://www.revenue.nh.gov/sites/g/files/ehbemt736/files/documents/2025-municipal-and-village-district-tax-rates.xlsx,https://www.revenue.nh.gov/sites/g/files/ehbemt736/files/documents/ratio-median-ratio-cod-prd-ten-year-history.xlsx,https://www.revenue.nh.gov/sites/g/files/ehbemt736/files/documents/2025-tables-by-county.xlsx,2026-08-21,2025
Warner,town,5.53,1.49,9.37,0.93,17.32,100.93,ESTIMATE (DRA 2025 official not yet published),17.48,17.28,"total_rate * equalization_ratio; +0.13 bias, median|err| 0.085 vs DRA 2024",652868469,11179074,646852739,https://www.revenue.nh.gov/sites/g/files/ehbemt736/files/documents/2025-municipal-and-village-district-tax-rates.xlsx,https://www.revenue.nh.gov/sites/g/files/ehbemt736/files/documents/ratio-median-ratio-cod-prd-ten-year-history.xlsx,https://www.revenue.nh.gov/sites/g/files/ehbemt736/files/documents/2025-tables-by-county.xlsx,2026-08-21,2025
Warren,town,7.23,1.69,14.18,1.46,24.56,58.53,ESTIMATE (DRA 2025 official not yet published),14.37,14.16,"total_rate * equalization_ratio; +0.13 bias, median|err| 0.085 vs DRA 2024",107996895,2613624,184515454,https://www.revenue.nh.gov/sites/g/files/ehbemt736/files/documents/2025-municipal-and-village-district-tax-rates.xlsx,https://www.revenue.nh.gov/sites/g/files/ehbemt736/files/documents/ratio-median-ratio-cod-prd-ten-year-history.xlsx,https://www.revenue.nh.gov/sites/g/files/ehbemt736/files/documents/2025-tables-by-county.xlsx,2026-08-21,2025
Washington,town,5.75,2.63,6.34,1.23,15.95,74.12,ESTIMATE (DRA 2025 official not yet published),11.82,11.7,"total_rate * equalization_ratio; +0.13 bias, median|err| 0.085 vs DRA 2024",378758944,5980494,511007750,https://www.revenue.nh.gov/sites/g/files/ehbemt736/files/documents/2025-municipal-and-village-district-tax-rates.xlsx,https://www.revenue.nh.gov/sites/g/files/ehbemt736/files/documents/ratio-median-ratio-cod-prd-ten-year-history.xlsx,https://www.revenue.nh.gov/sites/g/files/ehbemt736/files/documents/2025-tables-by-county.xlsx,2026-08-21,2025
Waterville Valley,town,6.86,0.98,1.08,1.04,9.96,97.75,ESTIMATE (DRA 2025 official not yet published),9.74,9.72,"total_rate * equalization_ratio; +0.13 bias, median|err| 0.085 vs DRA 2024",742227744,7377000,759312270,https://www.revenue.nh.gov/sites/g/files/ehbemt736/files/documents/2025-municipal-and-village-district-tax-rates.xlsx,https://www.revenue.nh.gov/sites/g/files/ehbemt736/files/documents/ratio-median-ratio-cod-prd-ten-year-history.xlsx,https://www.revenue.nh.gov/sites/g/files/ehbemt736/files/documents/2025-tables-by-county.xlsx,2026-08-21,2025
Weare,town,3.9,1.3,15,1.44,21.64,67.49,ESTIMATE (DRA 2025 official not yet published),14.6,14.46,"total_rate * equalization_ratio; +0.13 bias, median|err| 0.085 vs DRA 2024",1315979717,28192192,1949888453,https://www.revenue.nh.gov/sites/g/files/ehbemt736/files/documents/2025-municipal-and-village-district-tax-rates.xlsx,https://www.revenue.nh.gov/sites/g/files/ehbemt736/files/documents/ratio-median-ratio-cod-prd-ten-year-history.xlsx,https://www.revenue.nh.gov/sites/g/files/ehbemt736/files/documents/2025-tables-by-county.xlsx,2026-08-21,2025
Webster,town,4.9,1.84,9,1.14,16.88,84.12,ESTIMATE (DRA 2025 official not yet published),14.2,13.91,"total_rate * equalization_ratio; +0.13 bias, median|err| 0.085 vs DRA 2024",376556394,6226835,447641933,https://www.revenue.nh.gov/sites/g/files/ehbemt736/files/documents/2025-municipal-and-village-district-tax-rates.xlsx,https://www.revenue.nh.gov/sites/g/files/ehbemt736/files/documents/ratio-median-ratio-cod-prd-ten-year-history.xlsx,https://www.revenue.nh.gov/sites/g/files/ehbemt736/files/documents/2025-tables-by-county.xlsx,2026-08-21,2025
Wentworth,town,10.49,1.89,14.57,1.59,28.54,50.36,ESTIMATE (DRA 2025 official not yet published),14.37,14.1,"total_rate * equalization_ratio; +0.13 bias, median|err| 0.085 vs DRA 2024",132483737,3709051,263073346,https://www.revenue.nh.gov/sites/g/files/ehbemt736/files/documents/2025-municipal-and-village-district-tax-rates.xlsx,https://www.revenue.nh.gov/sites/g/files/ehbemt736/files/documents/ratio-median-ratio-cod-prd-ten-year-history.xlsx,https://www.revenue.nh.gov/sites/g/files/ehbemt736/files/documents/2025-tables-by-county.xlsx,2026-08-21,2025
Wentworth's Location,unincorporated,1.09,4.19,1.43,1.06,7.77,77.38,ESTIMATE (DRA 2025 official not yet published),6.01,6.01,"total_rate * equalization_ratio; +0.13 bias, median|err| 0.085 vs DRA 2024",13785991,107045,17815961,https://www.revenue.nh.gov/sites/g/files/ehbemt736/files/documents/2025-municipal-and-village-district-tax-rates.xlsx,https://www.revenue.nh.gov/sites/g/files/ehbemt736/files/documents/ratio-median-ratio-cod-prd-ten-year-history.xlsx,https://www.revenue.nh.gov/sites/g/files/ehbemt736/files/documents/2025-tables-by-county.xlsx,2026-08-21,2025
Westmoreland,town,5.72,3,15.67,1.53,25.92,63.68,ESTIMATE (DRA 2025 official not yet published),16.51,16.36,"total_rate * equalization_ratio; +0.13 bias, median|err| 0.085 vs DRA 2024",204860361,5262308,321702828,https://www.revenue.nh.gov/sites/g/files/ehbemt736/files/documents/2025-municipal-and-village-district-tax-rates.xlsx,https://www.revenue.nh.gov/sites/g/files/ehbemt736/files/documents/ratio-median-ratio-cod-prd-ten-year-history.xlsx,https://www.revenue.nh.gov/sites/g/files/ehbemt736/files/documents/2025-tables-by-county.xlsx,2026-08-21,2025
Whitefield,town,5.31,2.5,7.33,1.07,16.21,92.11,ESTIMATE (DRA 2025 official not yet published),14.93,14.73,"total_rate * equalization_ratio; +0.13 bias, median|err| 0.085 vs DRA 2024",447664966,7156573,486011254,https://www.revenue.nh.gov/sites/g/files/ehbemt736/files/documents/2025-municipal-and-village-district-tax-rates.xlsx,https://www.revenue.nh.gov/sites/g/files/ehbemt736/files/documents/ratio-median-ratio-cod-prd-ten-year-history.xlsx,https://www.revenue.nh.gov/sites/g/files/ehbemt736/files/documents/2025-tables-by-county.xlsx,2026-08-21,2025
Wilmot,town,4.76,1.46,8.98,0.89,16.09,101.48,ESTIMATE (DRA 2025 official not yet published),16.33,16.23,"total_rate * equalization_ratio; +0.13 bias, median|err| 0.085 vs DRA 2024",413102116,6607564,407077371,https://www.revenue.nh.gov/sites/g/files/ehbemt736/files/documents/2025-municipal-and-village-district-tax-rates.xlsx,https://www.revenue.nh.gov/sites/g/files/ehbemt736/files/documents/ratio-median-ratio-cod-prd-ten-year-history.xlsx,https://www.revenue.nh.gov/sites/g/files/ehbemt736/files/documents/2025-tables-by-county.xlsx,2026-08-21,2025
Wilton,town,8.65,1.25,15.6,1.48,26.98,70.23,ESTIMATE (DRA 2025 official not yet published),18.95,18.67,"total_rate * equalization_ratio; +0.13 bias, median|err| 0.085 vs DRA 2024",576646762,15331642,821083244,https://www.revenue.nh.gov/sites/g/files/ehbemt736/files/documents/2025-municipal-and-village-district-tax-rates.xlsx,https://www.revenue.nh.gov/sites/g/files/ehbemt736/files/documents/ratio-median-ratio-cod-prd-ten-year-history.xlsx,https://www.revenue.nh.gov/sites/g/files/ehbemt736/files/documents/2025-tables-by-county.xlsx,2026-08-21,2025
Winchester,town,5.54,2.02,11.11,1,19.67,101.17,ESTIMATE (DRA 2025 official not yet published),19.9,19.59,"total_rate * equalization_ratio; +0.13 bias, median|err| 0.085 vs DRA 2024",616523277,11937462,609393375,https://www.revenue.nh.gov/sites/g/files/ehbemt736/files/documents/2025-municipal-and-village-district-tax-rates.xlsx,https://www.revenue.nh.gov/sites/g/files/ehbemt736/files/documents/ratio-median-ratio-cod-prd-ten-year-history.xlsx,https://www.revenue.nh.gov/sites/g/files/ehbemt736/files/documents/2025-tables-by-county.xlsx,2026-08-21,2025
Windham,town,2.48,0.57,10.07,1.03,14.15,96.36,ESTIMATE (DRA 2025 official not yet published),13.63,13.54,"total_rate * equalization_ratio; +0.13 bias, median|err| 0.085 vs DRA 2024",5335751566,74964603,5537309637,https://www.revenue.nh.gov/sites/g/files/ehbemt736/files/documents/2025-municipal-and-village-district-tax-rates.xlsx,https://www.revenue.nh.gov/sites/g/files/ehbemt736/files/documents/ratio-median-ratio-cod-prd-ten-year-history.xlsx,https://www.revenue.nh.gov/sites/g/files/ehbemt736/files/documents/2025-tables-by-county.xlsx,2026-08-21,2025
Windsor,town,3.67,1.4,4.08,1.39,10.54,57.09,ESTIMATE (DRA 2025 official not yet published),6.02,5.84,"total_rate * equalization_ratio; +0.13 bias, median|err| 0.085 vs DRA 2024",38713486,396173,67811326,https://www.revenue.nh.gov/sites/g/files/ehbemt736/files/documents/2025-municipal-and-village-district-tax-rates.xlsx,https://www.revenue.nh.gov/sites/g/files/ehbemt736/files/documents/ratio-median-ratio-cod-prd-ten-year-history.xlsx,https://www.revenue.nh.gov/sites/g/files/ehbemt736/files/documents/2025-tables-by-county.xlsx,2026-08-21,2025
Wolfeboro,town,3.21,0.71,3.37,1.07,8.36,95.95,ESTIMATE (DRA 2025 official not yet published),8.02,7.98,"total_rate * equalization_ratio; +0.13 bias, median|err| 0.085 vs DRA 2024",4806472174,39958500,5009350885,https://www.revenue.nh.gov/sites/g/files/ehbemt736/files/documents/2025-municipal-and-village-district-tax-rates.xlsx,https://www.revenue.nh.gov/sites/g/files/ehbemt736/files/documents/ratio-median-ratio-cod-prd-ten-year-history.xlsx,https://www.revenue.nh.gov/sites/g/files/ehbemt736/files/documents/2025-tables-by-county.xlsx,2026-08-21,2025
Woodstock,town,5.86,1.09,4.24,1.18,12.37,97.22,ESTIMATE (DRA 2025 official not yet published),12.03,11.93,"total_rate * equalization_ratio; +0.13 bias, median|err| 0.085 vs DRA 2024",584399229,7170093,601110089,https://www.revenue.nh.gov/sites/g/files/ehbemt736/files/documents/2025-municipal-and-village-district-tax-rates.xlsx,https://www.revenue.nh.gov/sites/g/files/ehbemt736/files/documents/ratio-median-ratio-cod-prd-ten-year-history.xlsx,https://www.revenue.nh.gov/sites/g/files/ehbemt736/files/documents/2025-tables-by-county.xlsx,2026-08-21,2025
