municipality,vintage,entity_type,modified_local_assessed_value,equalized_valuation_incl_util_rr,local_total_rate,equalization_ratio,full_value_rate_official,rank,source
Acworth,2019,town,98628456.0,101467749.0,29.07,97.2,28.15,213,2019-comparison-of-full-value-tax-rates-ranking-order.pdf
Acworth,2020,town,100262437.0,109018300.0,29.37,91.9,26.9,213,2020-comparison-of-full-value-tax-rates-ranking-order.pdf
Acworth,2021,town,120657600.0,158509549.0,22.93,75.9,17.4,138,2021-comparison-of-full-value-tax-rates-ranking-order.pdf
Acworth,2022,town,122182240.0,164192008.0,25.81,74.4,19.18,207,2022-comparison-of-full-value-tax-rates-ranking-order.pdf
Acworth,2023,town,123309660.0,186032007.0,25.33,66.2,16.73,171,2023-comparison-of-full-value-tax-rates-ranking-order.pdf
Acworth,2024,town,123846016.0,229696664.0,27.04,53.8,14.53,118,2024-comparison-of-full-value-tax-rates-ranking-order.pdf
Albany,2019,town,115818686.0,123473485.0,13.97,94.8,13.04,32,2019-comparison-of-full-value-tax-rates-ranking-order.pdf
Albany,2020,town,130292821.0,131710281.0,12.05,99.9,11.86,29,2020-comparison-of-full-value-tax-rates-ranking-order.pdf
Albany,2021,town,132348013.0,168991487.0,12.4,79.2,9.66,32,2021-comparison-of-full-value-tax-rates-ranking-order.pdf
Albany,2022,town,134348065.0,191650688.0,10.9,70.8,7.7,28,2022-comparison-of-full-value-tax-rates-ranking-order.pdf
Albany,2023,town,136433589.0,219844778.0,10.08,62.6,6.29,13,2023-comparison-of-full-value-tax-rates-ranking-order.pdf
Albany,2024,town,138614150.0,223771174.0,9.14,62.4,5.68,13,2024-comparison-of-full-value-tax-rates-ranking-order.pdf
Alexandria,2019,town,198167051.0,239230769.0,24.04,82.9,19.64,103,2019-comparison-of-full-value-tax-rates-ranking-order.pdf
Alexandria,2020,town,199093977.0,260368339.0,27.92,76.5,21.13,145,2020-comparison-of-full-value-tax-rates-ranking-order.pdf
Alexandria,2021,town,289665358.0,299526883.0,18.82,96.8,18.08,159,2021-comparison-of-full-value-tax-rates-ranking-order.pdf
Alexandria,2022,town,297361725.0,369943352.0,18.37,80.4,14.67,126,2022-comparison-of-full-value-tax-rates-ranking-order.pdf
Alexandria,2023,town,299368820.0,406991121.0,18.65,73.6,13.62,91,2023-comparison-of-full-value-tax-rates-ranking-order.pdf
Alexandria,2024,town,300733421.0,455216734.0,19.03,66.1,12.49,81,2024-comparison-of-full-value-tax-rates-ranking-order.pdf
Allenstown,2019,town,297490196.0,336900978.0,31.1,88.4,27.21,206,2019-comparison-of-full-value-tax-rates-ranking-order.pdf
Allenstown,2020,town,301454687.0,373946063.0,29.3,80.7,23.42,181,2020-comparison-of-full-value-tax-rates-ranking-order.pdf
Allenstown,2021,town,302228030.0,461588272.0,31.5,65.5,20.46,200,2021-comparison-of-full-value-tax-rates-ranking-order.pdf
Allenstown,2022,town,517977121.0,531993149.0,19.5,97.4,18.77,203,2022-comparison-of-full-value-tax-rates-ranking-order.pdf
Allenstown,2023,town,533191437.0,581007243.0,21.2,91.8,19.1,207,2023-comparison-of-full-value-tax-rates-ranking-order.pdf
Allenstown,2024,town,533970466.0,676949959.0,25.42,78.9,19.68,205,2024-comparison-of-full-value-tax-rates-ranking-order.pdf
Alstead,2019,town,163278593.0,187072434.0,27.85,87.3,24.24,175,2019-comparison-of-full-value-tax-rates-ranking-order.pdf
Alstead,2020,town,193699509.0,195250293.0,24.42,99.2,24.15,192,2020-comparison-of-full-value-tax-rates-ranking-order.pdf
Alstead,2021,town,194697531.0,220312712.0,23.25,88.3,20.46,200,2021-comparison-of-full-value-tax-rates-ranking-order.pdf
Alstead,2022,town,194502914.0,291524015.0,24.64,66.6,16.38,168,2022-comparison-of-full-value-tax-rates-ranking-order.pdf
Alstead,2023,town,194344850.0,294890764.0,25.43,65.9,16.69,170,2023-comparison-of-full-value-tax-rates-ranking-order.pdf
Alstead,2024,town,195339243.0,332574084.0,26.98,58.7,15.76,156,2024-comparison-of-full-value-tax-rates-ranking-order.pdf
Alton,2019,town,1752952350.0,1983379465.0,12.51,88.4,11.03,23,2019-comparison-of-full-value-tax-rates-ranking-order.pdf
Alton,2020,town,1771844610.0,2196157030.0,13.95,80.7,11.23,26,2020-comparison-of-full-value-tax-rates-ranking-order.pdf
Alton,2021,town,2183117632.0,2630566834.0,11.38,83.0,9.42,30,2021-comparison-of-full-value-tax-rates-ranking-order.pdf
Alton,2022,town,2179457249.0,3509643444.0,11.37,62.1,7.05,20,2022-comparison-of-full-value-tax-rates-ranking-order.pdf
Alton,2023,town,2189126416.0,3761895340.0,13.18,58.2,7.66,21,2023-comparison-of-full-value-tax-rates-ranking-order.pdf
Alton,2024,town,2242305615.0,3948472073.0,12.98,56.8,7.36,23,2024-comparison-of-full-value-tax-rates-ranking-order.pdf
Amherst,2019,town,1747592420.0,2070803455.0,26.96,84.4,22.57,150,2019-comparison-of-full-value-tax-rates-ranking-order.pdf
Amherst,2020,town,1755942400.0,2243454723.0,28.48,78.3,22.12,162,2020-comparison-of-full-value-tax-rates-ranking-order.pdf
Amherst,2021,town,2344377637.0,2546288153.0,21.31,92.1,19.5,183,2021-comparison-of-full-value-tax-rates-ranking-order.pdf
Amherst,2022,town,2376545797.0,3064881523.0,21.13,77.6,16.28,165,2022-comparison-of-full-value-tax-rates-ranking-order.pdf
Amherst,2023,town,2405935096.0,3231889974.0,21.88,74.5,16.16,157,2023-comparison-of-full-value-tax-rates-ranking-order.pdf
Amherst,2024,town,2431905276.0,3501616483.0,22.93,69.5,15.8,157,2024-comparison-of-full-value-tax-rates-ranking-order.pdf
Andover,2019,town,304208590.0,311035725.0,21.64,97.8,20.95,122,2019-comparison-of-full-value-tax-rates-ranking-order.pdf
Andover,2020,town,310402562.0,332294216.0,21.34,93.4,19.71,115,2020-comparison-of-full-value-tax-rates-ranking-order.pdf
Andover,2021,town,319322249.0,398479178.0,20.91,80.1,16.54,116,2021-comparison-of-full-value-tax-rates-ranking-order.pdf
Andover,2022,town,323914649.0,513042230.0,21.19,63.1,13.23,87,2022-comparison-of-full-value-tax-rates-ranking-order.pdf
Andover,2023,town,320403156.0,520115266.0,22.95,61.6,13.97,101,2023-comparison-of-full-value-tax-rates-ranking-order.pdf
Andover,2024,town,572729323.0,567078768.0,14.64,101.0,14.69,125,2024-comparison-of-full-value-tax-rates-ranking-order.pdf
Antrim,2019,town,249335950.0,284199452.0,26.97,89.4,23.52,166,2019-comparison-of-full-value-tax-rates-ranking-order.pdf
Antrim,2020,town,255797694.0,306479726.0,28.55,85.4,23.64,186,2020-comparison-of-full-value-tax-rates-ranking-order.pdf
Antrim,2021,town,264340911.0,382434078.0,26.07,70.8,17.85,152,2021-comparison-of-full-value-tax-rates-ranking-order.pdf
Antrim,2022,town,268552468.0,451787666.0,27.86,62.5,17.28,188,2022-comparison-of-full-value-tax-rates-ranking-order.pdf
Antrim,2023,town,434663720.0,496273387.0,18.74,91.9,17.1,180,2023-comparison-of-full-value-tax-rates-ranking-order.pdf
Antrim,2024,town,439025696.0,567112999.0,20.79,80.8,16.7,173,2024-comparison-of-full-value-tax-rates-ranking-order.pdf
Ashland,2019,town,247207364.0,259646463.0,27.95,96.0,26.53,198,2019-comparison-of-full-value-tax-rates-ranking-order.pdf
Ashland,2020,town,251341136.0,303422430.0,28.43,83.5,23.47,183,2020-comparison-of-full-value-tax-rates-ranking-order.pdf
Ashland,2021,town,254497678.0,387010889.0,27.47,65.9,18.0,157,2021-comparison-of-full-value-tax-rates-ranking-order.pdf
Ashland,2022,town,258235052.0,459603182.0,27.87,56.3,15.65,145,2022-comparison-of-full-value-tax-rates-ranking-order.pdf
Ashland,2023,town,442367158.0,454611880.0,17.3,97.5,16.78,173,2023-comparison-of-full-value-tax-rates-ranking-order.pdf
Ashland,2024,town,455151865.0,555767560.0,18.39,82.0,14.99,131,2024-comparison-of-full-value-tax-rates-ranking-order.pdf
Atkinson,2019,town,1004519575.0,1198704778.0,17.67,83.8,14.69,49,2019-comparison-of-full-value-tax-rates-ranking-order.pdf
Atkinson,2020,town,1024433933.0,1283747565.0,18.34,79.8,14.53,52,2020-comparison-of-full-value-tax-rates-ranking-order.pdf
Atkinson,2021,town,1549726443.0,1557517007.0,12.36,99.5,12.25,57,2021-comparison-of-full-value-tax-rates-ranking-order.pdf
Atkinson,2022,town,1575249636.0,1794119025.0,12.27,87.8,10.71,55,2022-comparison-of-full-value-tax-rates-ranking-order.pdf
Atkinson,2023,town,1595274109.0,1912795116.0,14.5,83.4,12.01,71,2023-comparison-of-full-value-tax-rates-ranking-order.pdf
Atkinson,2024,town,1609208023.0,2001497850.0,12.92,80.4,10.31,51,2024-comparison-of-full-value-tax-rates-ranking-order.pdf
Atkinson & Gilmanton,2019,unincorporated,818373.0,905340.0,0.0,86.5,0.0,N/A,2019-comparison-of-full-value-tax-rates-ranking-order.pdf
Atkinson & Gilmanton,2020,unincorporated,774325.0,891498.0,0.0,87.1,0.0,N/A,2020-comparison-of-full-value-tax-rates-ranking-order.pdf
Atkinson & Gilmanton,2021,unincorporated,846943.0,996035.0,0.0,83.4,0.0,N/A,2021-comparison-of-full-value-tax-rates-ranking-order.pdf
Atkinson & Gilmanton,2022,unincorporated,785376.0,1036200.0,0.0,71.3,0.0,N/A,2022-comparison-of-full-value-tax-rates-ranking-order.pdf
Atkinson & Gilmanton,2023,unincorporated,1005072.0,971216.0,0.0,105.7,0.0,N/A,2023-comparison-of-full-value-tax-rates-ranking-order.pdf
Atkinson & Gilmanton,2024,unincorporated,1035360.0,1425000.0,0.0,60.4,0.0,N/A,2024-comparison-of-full-value-tax-rates-ranking-order.pdf
Auburn,2019,town,863385428.0,954081692.0,18.81,92.2,16.93,64,2019-comparison-of-full-value-tax-rates-ranking-order.pdf
Auburn,2020,town,877468477.0,987108409.0,18.48,90.6,16.35,66,2020-comparison-of-full-value-tax-rates-ranking-order.pdf
Auburn,2021,town,888674630.0,1193449445.0,18.14,75.9,13.45,67,2021-comparison-of-full-value-tax-rates-ranking-order.pdf
Auburn,2022,town,896588208.0,1429251100.0,17.85,64.0,11.38,66,2022-comparison-of-full-value-tax-rates-ranking-order.pdf
Auburn,2023,town,1409990003.0,1471801013.0,12.61,97.6,12.27,73,2023-comparison-of-full-value-tax-rates-ranking-order.pdf
Auburn,2024,town,1433323607.0,1578041137.0,13.47,92.4,12.4,78,2024-comparison-of-full-value-tax-rates-ranking-order.pdf
Barnstead,2019,town,601557018.0,629786763.0,22.83,95.5,21.72,134,2019-comparison-of-full-value-tax-rates-ranking-order.pdf
Barnstead,2020,town,607636452.0,699868002.0,23.1,86.8,19.97,119,2020-comparison-of-full-value-tax-rates-ranking-order.pdf
Barnstead,2021,town,618566330.0,825578027.0,21.96,74.9,16.38,113,2021-comparison-of-full-value-tax-rates-ranking-order.pdf
Barnstead,2022,town,626034999.0,1067813024.0,21.6,58.6,12.62,78,2022-comparison-of-full-value-tax-rates-ranking-order.pdf
Barnstead,2023,town,1072224438.0,1101927132.0,14.35,97.3,13.93,99,2023-comparison-of-full-value-tax-rates-ranking-order.pdf
Barnstead,2024,town,1082374713.0,1209196428.0,16.31,89.5,14.56,121,2024-comparison-of-full-value-tax-rates-ranking-order.pdf
Barrington,2019,town,1150530325.0,1189359362.0,22.67,96.8,21.68,131,2019-comparison-of-full-value-tax-rates-ranking-order.pdf
Barrington,2020,town,1167857521.0,1295324811.0,22.77,90.2,20.32,127,2020-comparison-of-full-value-tax-rates-ranking-order.pdf
Barrington,2021,town,1402245160.0,1528161686.0,19.5,91.8,17.72,147,2021-comparison-of-full-value-tax-rates-ranking-order.pdf
Barrington,2022,town,1427275239.0,1791481649.0,19.85,79.7,15.67,146,2022-comparison-of-full-value-tax-rates-ranking-order.pdf
Barrington,2023,town,1854563652.0,1957092601.0,16.69,94.8,15.69,143,2023-comparison-of-full-value-tax-rates-ranking-order.pdf
Barrington,2024,town,1886546518.0,2169228848.0,17.59,87.0,15.15,140,2024-comparison-of-full-value-tax-rates-ranking-order.pdf
Bartlett,2019,town,1065028740.0,1249472584.0,9.34,85.3,7.94,13,2019-comparison-of-full-value-tax-rates-ranking-order.pdf
Bartlett,2020,town,1074317313.0,1421968200.0,9.66,75.6,7.28,11,2020-comparison-of-full-value-tax-rates-ranking-order.pdf
Bartlett,2021,town,1082827567.0,1758884640.0,9.53,61.6,5.85,12,2021-comparison-of-full-value-tax-rates-ranking-order.pdf
Bartlett,2022,town,2038499540.0,2039435437.0,4.97,100.0,4.96,11,2022-comparison-of-full-value-tax-rates-ranking-order.pdf
Bartlett,2023,town,2062420138.0,2279894958.0,5.16,90.5,4.66,9,2023-comparison-of-full-value-tax-rates-ranking-order.pdf
Bartlett,2024,town,2087845542.0,2451485086.0,5.58,85.2,4.74,10,2024-comparison-of-full-value-tax-rates-ranking-order.pdf
Bath,2019,town,125214976.0,140835195.0,21.4,95.0,18.72,90,2019-comparison-of-full-value-tax-rates-ranking-order.pdf
Bath,2020,town,125231843.0,153086903.0,22.86,87.2,18.46,95,2020-comparison-of-full-value-tax-rates-ranking-order.pdf
Bath,2021,town,149327704.0,168535971.0,20.08,93.2,17.56,142,2021-comparison-of-full-value-tax-rates-ranking-order.pdf
Bath,2022,town,151904825.0,211442797.0,20.1,74.1,14.79,128,2022-comparison-of-full-value-tax-rates-ranking-order.pdf
Bath,2023,town,150124412.0,198858268.0,23.0,77.9,17.73,192,2023-comparison-of-full-value-tax-rates-ranking-order.pdf
Bath,2024,town,155121479.0,253390885.0,23.43,64.7,15.02,134,2024-comparison-of-full-value-tax-rates-ranking-order.pdf
Bean's Grant,2019,unincorporated,0.0,0.0,0.0,86.5,0.0,N/A,2019-comparison-of-full-value-tax-rates-ranking-order.pdf
Bean's Grant,2020,unincorporated,0.0,0.0,0.0,87.1,0.0,N/A,2020-comparison-of-full-value-tax-rates-ranking-order.pdf
Bean's Grant,2021,unincorporated,0.0,0.0,0.0,83.4,0.0,N/A,2021-comparison-of-full-value-tax-rates-ranking-order.pdf
Bean's Grant,2022,unincorporated,0.0,0.0,0.0,71.3,0.0,N/A,2022-comparison-of-full-value-tax-rates-ranking-order.pdf
Bean's Grant,2023,unincorporated,0.0,0.0,0.0,105.7,0.0,N/A,2023-comparison-of-full-value-tax-rates-ranking-order.pdf
Bean's Grant,2024,unincorporated,0.0,0.0,0.0,60.4,0.0,N/A,2024-comparison-of-full-value-tax-rates-ranking-order.pdf
Bean's Purchase,2019,unincorporated,0.0,0.0,0.0,86.5,0.0,N/A,2019-comparison-of-full-value-tax-rates-ranking-order.pdf
Bean's Purchase,2020,unincorporated,0.0,0.0,0.0,87.1,0.0,N/A,2020-comparison-of-full-value-tax-rates-ranking-order.pdf
Bean's Purchase,2021,unincorporated,0.0,0.0,0.0,83.4,0.0,N/A,2021-comparison-of-full-value-tax-rates-ranking-order.pdf
Bean's Purchase,2022,unincorporated,0.0,0.0,0.0,71.3,0.0,N/A,2022-comparison-of-full-value-tax-rates-ranking-order.pdf
Bean's Purchase,2023,unincorporated,0.0,0.0,0.0,105.7,0.0,N/A,2023-comparison-of-full-value-tax-rates-ranking-order.pdf
Bean's Purchase,2024,unincorporated,0.0,0.0,0.0,60.4,0.0,N/A,2024-comparison-of-full-value-tax-rates-ranking-order.pdf
Bedford,2019,town,4095806840.0,4325031946.0,18.95,94.7,17.72,74,2019-comparison-of-full-value-tax-rates-ranking-order.pdf
Bedford,2020,town,4144261927.0,4574245728.0,20.02,90.6,17.88,84,2020-comparison-of-full-value-tax-rates-ranking-order.pdf
Bedford,2021,town,4837230876.0,5374110890.0,17.14,90.1,15.17,84,2021-comparison-of-full-value-tax-rates-ranking-order.pdf
Bedford,2022,town,4881327925.0,6169237848.0,17.6,79.2,13.73,96,2022-comparison-of-full-value-tax-rates-ranking-order.pdf
Bedford,2023,town,6205119702.0,6463015704.0,14.8,96.1,14.01,102,2023-comparison-of-full-value-tax-rates-ranking-order.pdf
Bedford,2024,town,6268838404.0,6962869576.0,15.81,90.1,14.15,111,2024-comparison-of-full-value-tax-rates-ranking-order.pdf
Belmont,2019,town,743222782.0,830378752.0,25.01,89.6,22.17,141,2019-comparison-of-full-value-tax-rates-ranking-order.pdf
Belmont,2020,town,741699078.0,873587662.0,25.34,85.0,21.28,147,2020-comparison-of-full-value-tax-rates-ranking-order.pdf
Belmont,2021,town,747898507.0,1132497557.0,26.67,66.1,17.44,140,2021-comparison-of-full-value-tax-rates-ranking-order.pdf
Belmont,2022,town,1135640336.0,1238375745.0,19.11,91.8,17.39,191,2022-comparison-of-full-value-tax-rates-ranking-order.pdf
Belmont,2023,town,1309964871.0,1481274504.0,17.47,88.5,15.3,134,2023-comparison-of-full-value-tax-rates-ranking-order.pdf
Belmont,2024,town,1502021206.0,1602422804.0,15.74,93.8,14.61,123,2024-comparison-of-full-value-tax-rates-ranking-order.pdf
Bennington,2019,town,127277077.0,130016520.0,28.93,97.9,28.13,212,2019-comparison-of-full-value-tax-rates-ranking-order.pdf
Bennington,2020,town,129457639.0,151906410.0,29.39,85.2,24.85,203,2020-comparison-of-full-value-tax-rates-ranking-order.pdf
Bennington,2021,town,132181723.0,182770144.0,30.34,72.3,21.77,211,2021-comparison-of-full-value-tax-rates-ranking-order.pdf
Bennington,2022,town,132374697.0,191849775.0,31.65,69.0,21.69,224,2022-comparison-of-full-value-tax-rates-ranking-order.pdf
Bennington,2023,town,132768031.0,233688487.0,32.15,56.8,18.14,195,2023-comparison-of-full-value-tax-rates-ranking-order.pdf
Bennington,2024,town,220703344.0,229189988.0,22.47,96.3,21.53,216,2024-comparison-of-full-value-tax-rates-ranking-order.pdf
Benton,2019,town,25499534.0,27823571.0,17.67,94.0,16.1,56,2019-comparison-of-full-value-tax-rates-ranking-order.pdf
Benton,2020,town,25677989.0,28267135.0,17.9,93.1,16.17,64,2020-comparison-of-full-value-tax-rates-ranking-order.pdf
Benton,2021,town,26306646.0,34722800.0,17.26,77.5,12.99,63,2021-comparison-of-full-value-tax-rates-ranking-order.pdf
Benton,2022,town,26596316.0,45980001.0,17.05,59.0,10.04,47,2022-comparison-of-full-value-tax-rates-ranking-order.pdf
Benton,2023,town,54353895.0,52723651.0,8.36,104.5,8.69,31,2023-comparison-of-full-value-tax-rates-ranking-order.pdf
Benton,2024,town,55110197.0,54083205.0,8.37,103.3,8.6,36,2024-comparison-of-full-value-tax-rates-ranking-order.pdf
Berlin,2019,city,412225868.0,504908695.0,39.82,89.5,31.77,222,2019-comparison-of-full-value-tax-rates-ranking-order.pdf
Berlin,2020,city,480023523.0,556897469.0,35.93,97.4,30.33,224,2020-comparison-of-full-value-tax-rates-ranking-order.pdf
Berlin,2021,city,481048675.0,768328755.0,36.54,73.2,22.43,218,2021-comparison-of-full-value-tax-rates-ranking-order.pdf
Berlin,2022,city,714833534.0,799172880.0,27.26,100.4,27.09,232,2022-comparison-of-full-value-tax-rates-ranking-order.pdf
Berlin,2023,city,732657816.0,905574723.0,26.9,90.4,23.98,226,2023-comparison-of-full-value-tax-rates-ranking-order.pdf
Berlin,2024,city,755423894.0,1047509060.0,30.89,76.8,23.42,219,2024-comparison-of-full-value-tax-rates-ranking-order.pdf
Bethlehem,2019,town,261286660.0,297616229.0,26.73,88.2,23.29,164,2019-comparison-of-full-value-tax-rates-ranking-order.pdf
Bethlehem,2020,town,278685124.0,358734422.0,25.2,78.0,19.45,111,2020-comparison-of-full-value-tax-rates-ranking-order.pdf
Bethlehem,2021,town,287026905.0,409335797.0,24.79,70.4,17.26,132,2021-comparison-of-full-value-tax-rates-ranking-order.pdf
Bethlehem,2022,town,292812597.0,534227142.0,23.89,55.0,13.07,82,2022-comparison-of-full-value-tax-rates-ranking-order.pdf
Bethlehem,2023,town,518239991.0,586742802.0,15.43,88.6,13.62,91,2023-comparison-of-full-value-tax-rates-ranking-order.pdf
Bethlehem,2024,town,526352069.0,640423392.0,17.18,82.5,14.09,108,2024-comparison-of-full-value-tax-rates-ranking-order.pdf
Boscawen,2019,town,288929864.0,305646694.0,28.12,95.9,26.44,197,2019-comparison-of-full-value-tax-rates-ranking-order.pdf
Boscawen,2020,town,295019455.0,330656097.0,26.79,90.6,23.77,187,2020-comparison-of-full-value-tax-rates-ranking-order.pdf
Boscawen,2021,town,301060487.0,386372813.0,28.38,78.6,22.0,214,2021-comparison-of-full-value-tax-rates-ranking-order.pdf
Boscawen,2022,town,302470473.0,451056422.0,30.97,68.0,20.98,222,2022-comparison-of-full-value-tax-rates-ranking-order.pdf
Boscawen,2023,town,517512181.0,524572656.0,19.43,100.9,19.54,210,2023-comparison-of-full-value-tax-rates-ranking-order.pdf
Boscawen,2024,town,530426960.0,591239475.0,19.26,91.1,17.48,185,2024-comparison-of-full-value-tax-rates-ranking-order.pdf
Bow,2019,town,1294517915.0,1318298872.0,26.21,98.2,25.18,186,2019-comparison-of-full-value-tax-rates-ranking-order.pdf
Bow,2020,town,1293527214.0,1384994273.0,25.58,93.4,23.36,178,2020-comparison-of-full-value-tax-rates-ranking-order.pdf
Bow,2021,town,1302712470.0,1598425798.0,25.49,81.5,20.32,198,2021-comparison-of-full-value-tax-rates-ranking-order.pdf
Bow,2022,town,1319902731.0,1996841785.0,26.52,66.1,17.2,186,2022-comparison-of-full-value-tax-rates-ranking-order.pdf
Bow,2023,town,1329077156.0,2126555630.0,27.81,62.5,17.05,179,2023-comparison-of-full-value-tax-rates-ranking-order.pdf
Bow,2024,town,2073175398.0,2117663889.0,19.78,97.9,18.24,193,2024-comparison-of-full-value-tax-rates-ranking-order.pdf
Bradford,2019,town,201269972.0,253020904.0,27.91,79.5,22.1,138,2019-comparison-of-full-value-tax-rates-ranking-order.pdf
Bradford,2020,town,250018480.0,255906220.0,23.86,97.7,23.23,176,2020-comparison-of-full-value-tax-rates-ranking-order.pdf
Bradford,2021,town,251235908.0,315397672.0,23.91,79.6,18.98,173,2021-comparison-of-full-value-tax-rates-ranking-order.pdf
Bradford,2022,town,252836512.0,366774923.0,24.69,68.9,16.97,179,2022-comparison-of-full-value-tax-rates-ranking-order.pdf
Bradford,2023,town,255951438.0,341392993.0,27.8,75.0,20.78,217,2023-comparison-of-full-value-tax-rates-ranking-order.pdf
Bradford,2024,town,459010544.0,466486971.0,15.73,98.4,15.44,146,2024-comparison-of-full-value-tax-rates-ranking-order.pdf
Brentwood,2019,town,582474006.0,702593087.0,27.7,82.9,22.84,156,2019-comparison-of-full-value-tax-rates-ranking-order.pdf
Brentwood,2020,town,709762990.0,759856273.0,23.19,93.4,21.54,151,2020-comparison-of-full-value-tax-rates-ranking-order.pdf
Brentwood,2021,town,722404449.0,921291902.0,22.24,78.4,17.35,135,2021-comparison-of-full-value-tax-rates-ranking-order.pdf
Brentwood,2022,town,731776705.0,1010668987.0,22.15,72.4,15.98,156,2022-comparison-of-full-value-tax-rates-ranking-order.pdf
Brentwood,2023,town,745934892.0,1126701188.0,23.53,66.2,15.48,140,2023-comparison-of-full-value-tax-rates-ranking-order.pdf
Brentwood,2024,town,759912876.0,1229560179.0,25.17,61.8,15.47,147,2024-comparison-of-full-value-tax-rates-ranking-order.pdf
Bridgewater,2019,town,350939300.0,425913059.0,9.76,82.4,8.0,15,2019-comparison-of-full-value-tax-rates-ranking-order.pdf
Bridgewater,2020,town,449293300.0,469943499.0,8.38,95.6,7.98,12,2020-comparison-of-full-value-tax-rates-ranking-order.pdf
Bridgewater,2021,town,454066000.0,636591869.0,8.27,71.3,5.88,14,2021-comparison-of-full-value-tax-rates-ranking-order.pdf
Bridgewater,2022,town,459298800.0,647807770.0,8.26,70.9,5.84,14,2022-comparison-of-full-value-tax-rates-ranking-order.pdf
Bridgewater,2023,town,465422300.0,827947258.0,8.06,56.2,4.51,7,2023-comparison-of-full-value-tax-rates-ranking-order.pdf
Bridgewater,2024,town,805161500.0,833474289.0,5.4,96.6,5.2,12,2024-comparison-of-full-value-tax-rates-ranking-order.pdf
Bristol,2019,town,471534473.0,572979062.0,22.8,82.5,18.65,87,2019-comparison-of-full-value-tax-rates-ranking-order.pdf
Bristol,2020,town,558761084.0,587115377.0,20.69,95.4,19.58,112,2020-comparison-of-full-value-tax-rates-ranking-order.pdf
Bristol,2021,town,559896618.0,788413094.0,20.21,71.2,14.28,73,2021-comparison-of-full-value-tax-rates-ranking-order.pdf
Bristol,2022,town,559987704.0,954821700.0,20.99,58.8,12.3,75,2022-comparison-of-full-value-tax-rates-ranking-order.pdf
Bristol,2023,town,561884570.0,1039356258.0,22.75,54.2,12.29,74,2023-comparison-of-full-value-tax-rates-ranking-order.pdf
Bristol,2024,town,565099492.0,1160895587.0,23.62,48.8,11.49,66,2024-comparison-of-full-value-tax-rates-ranking-order.pdf
Brookfield,2019,town,124312043.0,120021096.0,16.7,103.6,17.26,67,2019-comparison-of-full-value-tax-rates-ranking-order.pdf
Brookfield,2020,town,126932883.0,134383543.0,17.18,94.4,16.18,65,2020-comparison-of-full-value-tax-rates-ranking-order.pdf
Brookfield,2021,town,128726821.0,157809177.0,17.72,81.5,14.41,76,2021-comparison-of-full-value-tax-rates-ranking-order.pdf
Brookfield,2022,town,130962075.0,191569043.0,19.23,68.3,13.11,85,2022-comparison-of-full-value-tax-rates-ranking-order.pdf
Brookfield,2023,town,133179707.0,212324816.0,18.26,62.7,11.42,63,2023-comparison-of-full-value-tax-rates-ranking-order.pdf
Brookfield,2024,town,242558320.0,243285522.0,11.16,99.7,11.11,58,2024-comparison-of-full-value-tax-rates-ranking-order.pdf
Brookline,2019,town,667344153.0,701697513.0,29.87,95.1,28.09,211,2019-comparison-of-full-value-tax-rates-ranking-order.pdf
Brookline,2020,town,678434133.0,759692265.0,27.8,89.3,24.53,198,2020-comparison-of-full-value-tax-rates-ranking-order.pdf
Brookline,2021,town,692791072.0,889260490.0,28.58,77.9,21.98,213,2021-comparison-of-full-value-tax-rates-ranking-order.pdf
Brookline,2022,town,704003866.0,1066580753.0,29.72,66.0,19.35,209,2022-comparison-of-full-value-tax-rates-ranking-order.pdf
Brookline,2023,town,1153540646.0,1167560037.0,20.78,98.8,20.32,214,2023-comparison-of-full-value-tax-rates-ranking-order.pdf
Brookline,2024,town,1170518417.0,1221827780.0,22.61,95.8,21.41,214,2024-comparison-of-full-value-tax-rates-ranking-order.pdf
Cambridge,2019,unincorporated,9092072.0,10406181.0,0.0,86.5,0.0,N/A,2019-comparison-of-full-value-tax-rates-ranking-order.pdf
Cambridge,2020,unincorporated,9219051.0,10591124.0,0.0,87.1,0.0,N/A,2020-comparison-of-full-value-tax-rates-ranking-order.pdf
Cambridge,2021,unincorporated,9541027.0,11389277.0,3.73,83.4,3.08,5,2021-comparison-of-full-value-tax-rates-ranking-order.pdf
Cambridge,2022,unincorporated,9366075.0,12962472.0,3.2,71.3,2.29,3,2022-comparison-of-full-value-tax-rates-ranking-order.pdf
Cambridge,2023,unincorporated,12624531.0,11999878.0,3.53,105.7,3.68,6,2023-comparison-of-full-value-tax-rates-ranking-order.pdf
Cambridge,2024,unincorporated,12831740.0,20471581.0,2.81,60.4,1.74,2,2024-comparison-of-full-value-tax-rates-ranking-order.pdf
Campton,2019,town,436002836.0,443000880.0,23.21,98.6,22.63,152,2019-comparison-of-full-value-tax-rates-ranking-order.pdf
Campton,2020,town,442183240.0,482446907.0,24.27,91.8,22.03,161,2020-comparison-of-full-value-tax-rates-ranking-order.pdf
Campton,2021,town,449285398.0,683490641.0,24.97,65.8,16.27,108,2021-comparison-of-full-value-tax-rates-ranking-order.pdf
Campton,2022,town,452648482.0,816663684.0,25.27,55.5,13.92,104,2022-comparison-of-full-value-tax-rates-ranking-order.pdf
Campton,2023,town,457917695.0,1025030402.0,28.77,44.7,12.76,80,2023-comparison-of-full-value-tax-rates-ranking-order.pdf
Campton,2024,town,862452849.0,926006743.0,17.22,93.2,15.95,160,2024-comparison-of-full-value-tax-rates-ranking-order.pdf
Canaan,2019,town,348470142.0,412306281.0,32.93,84.5,27.48,207,2019-comparison-of-full-value-tax-rates-ranking-order.pdf
Canaan,2020,town,351318501.0,444134799.0,34.4,79.1,26.89,212,2020-comparison-of-full-value-tax-rates-ranking-order.pdf
Canaan,2021,town,448942710.0,476096446.0,26.7,94.3,24.96,229,2021-comparison-of-full-value-tax-rates-ranking-order.pdf
Canaan,2022,town,454068762.0,605104389.0,27.15,75.0,20.2,216,2022-comparison-of-full-value-tax-rates-ranking-order.pdf
Canaan,2023,town,460179721.0,626913660.0,27.15,73.4,19.76,212,2023-comparison-of-full-value-tax-rates-ranking-order.pdf
Canaan,2024,town,468048015.0,708052400.0,29.53,66.1,19.36,204,2024-comparison-of-full-value-tax-rates-ranking-order.pdf
Candia,2019,town,513604108.0,537788721.0,18.6,95.5,17.55,72,2019-comparison-of-full-value-tax-rates-ranking-order.pdf
Candia,2020,town,518128237.0,581461379.0,20.04,89.1,17.61,79,2020-comparison-of-full-value-tax-rates-ranking-order.pdf
Candia,2021,town,530999748.0,675473167.0,19.55,78.6,15.15,83,2021-comparison-of-full-value-tax-rates-ranking-order.pdf
Candia,2022,town,546370709.0,784938919.0,20.3,69.6,13.94,106,2022-comparison-of-full-value-tax-rates-ranking-order.pdf
Candia,2023,town,551707641.0,851370638.0,20.63,64.8,13.17,86,2023-comparison-of-full-value-tax-rates-ranking-order.pdf
Candia,2024,town,939436373.0,969481746.0,12.86,96.9,12.36,77,2024-comparison-of-full-value-tax-rates-ranking-order.pdf
Canterbury,2019,town,263980723.0,324226271.0,27.87,81.5,22.53,149,2019-comparison-of-full-value-tax-rates-ranking-order.pdf
Canterbury,2020,town,265145338.0,327764681.0,27.59,81.0,22.17,164,2020-comparison-of-full-value-tax-rates-ranking-order.pdf
Canterbury,2021,town,363147617.0,380272664.0,20.51,95.6,19.48,182,2021-comparison-of-full-value-tax-rates-ranking-order.pdf
Canterbury,2022,town,368113285.0,502952655.0,20.8,73.2,15.15,136,2022-comparison-of-full-value-tax-rates-ranking-order.pdf
Canterbury,2023,town,372667284.0,536005141.0,21.0,69.6,14.52,111,2023-comparison-of-full-value-tax-rates-ranking-order.pdf
Canterbury,2024,town,380735689.0,589665320.0,22.68,64.6,14.55,120,2024-comparison-of-full-value-tax-rates-ranking-order.pdf
Carroll,2019,town,329433801.0,384957932.0,20.0,85.9,17.06,65,2019-comparison-of-full-value-tax-rates-ranking-order.pdf
Carroll,2020,town,337775336.0,435602875.0,21.25,77.8,16.43,67,2020-comparison-of-full-value-tax-rates-ranking-order.pdf
Carroll,2021,town,366475529.0,645263172.0,19.13,57.0,10.84,42,2021-comparison-of-full-value-tax-rates-ranking-order.pdf
Carroll,2022,town,596543859.0,642161921.0,12.12,93.2,11.28,65,2022-comparison-of-full-value-tax-rates-ranking-order.pdf
Carroll,2023,town,618120921.0,723660684.0,12.33,85.6,10.53,55,2023-comparison-of-full-value-tax-rates-ranking-order.pdf
Carroll,2024,town,638511084.0,854248923.0,11.9,74.9,8.89,41,2024-comparison-of-full-value-tax-rates-ranking-order.pdf
Center Harbor,2019,town,434767397.0,513395718.0,15.22,84.7,12.87,31,2019-comparison-of-full-value-tax-rates-ranking-order.pdf
Center Harbor,2020,town,438186781.0,577268010.0,15.33,75.9,11.62,28,2020-comparison-of-full-value-tax-rates-ranking-order.pdf
Center Harbor,2021,town,441297451.0,720963148.0,15.27,61.2,9.33,28,2021-comparison-of-full-value-tax-rates-ranking-order.pdf
Center Harbor,2022,town,755344359.0,813038794.0,8.99,92.9,8.34,34,2022-comparison-of-full-value-tax-rates-ranking-order.pdf
Center Harbor,2023,town,761436277.0,963759490.0,9.8,79.0,7.73,22,2023-comparison-of-full-value-tax-rates-ranking-order.pdf
Center Harbor,2024,town,766500535.0,1038586902.0,10.69,73.8,7.88,27,2024-comparison-of-full-value-tax-rates-ranking-order.pdf
Chandler's Purchase,2019,unincorporated,41121.0,47538.0,0.0,86.5,0.0,N/A,2019-comparison-of-full-value-tax-rates-ranking-order.pdf
Chandler's Purchase,2020,unincorporated,44150.0,50689.0,0.0,87.1,0.0,N/A,2020-comparison-of-full-value-tax-rates-ranking-order.pdf
Chandler's Purchase,2021,unincorporated,39550.0,47422.0,0.0,83.4,0.0,N/A,2021-comparison-of-full-value-tax-rates-ranking-order.pdf
Chandler's Purchase,2022,unincorporated,43850.0,61501.0,0.0,71.3,0.0,N/A,2022-comparison-of-full-value-tax-rates-ranking-order.pdf
Chandler's Purchase,2023,unincorporated,48980.0,46338.0,0.0,105.7,0.0,N/A,2023-comparison-of-full-value-tax-rates-ranking-order.pdf
Chandler's Purchase,2024,unincorporated,46080.0,76291.0,0.0,60.4,0.0,N/A,2024-comparison-of-full-value-tax-rates-ranking-order.pdf
Charlestown,2019,town,282982237.0,332698928.0,39.11,85.2,32.98,223,2019-comparison-of-full-value-tax-rates-ranking-order.pdf
Charlestown,2020,town,281843233.0,346931590.0,38.65,81.4,31.1,225,2020-comparison-of-full-value-tax-rates-ranking-order.pdf
Charlestown,2021,town,346892661.0,399853970.0,31.61,86.9,27.2,232,2021-comparison-of-full-value-tax-rates-ranking-order.pdf
Charlestown,2022,town,344806033.0,486393410.0,32.27,71.3,22.86,227,2022-comparison-of-full-value-tax-rates-ranking-order.pdf
Charlestown,2023,town,345455442.0,548851100.0,34.31,63.3,21.58,221,2023-comparison-of-full-value-tax-rates-ranking-order.pdf
Charlestown,2024,town,346589286.0,600867891.0,36.36,58.0,20.94,211,2024-comparison-of-full-value-tax-rates-ranking-order.pdf
Chatham,2019,town,59500049.0,61052758.0,14.2,98.8,13.8,40,2019-comparison-of-full-value-tax-rates-ranking-order.pdf
Chatham,2020,town,60624358.0,63612952.0,13.42,96.6,12.74,33,2020-comparison-of-full-value-tax-rates-ranking-order.pdf
Chatham,2021,town,60967336.0,79398357.0,11.33,77.8,8.66,25,2021-comparison-of-full-value-tax-rates-ranking-order.pdf
Chatham,2022,town,60953338.0,82116510.0,13.37,75.1,10.02,46,2022-comparison-of-full-value-tax-rates-ranking-order.pdf
Chatham,2023,town,61062130.0,90255045.0,16.42,68.4,11.2,60,2023-comparison-of-full-value-tax-rates-ranking-order.pdf
Chatham,2024,town,106493228.0,109880009.0,7.09,97.7,6.91,19,2024-comparison-of-full-value-tax-rates-ranking-order.pdf
Chester,2019,town,724050973.0,775987379.0,20.8,93.3,18.94,94,2019-comparison-of-full-value-tax-rates-ranking-order.pdf
Chester,2020,town,738634790.0,835511799.0,20.53,88.4,17.68,80,2020-comparison-of-full-value-tax-rates-ranking-order.pdf
Chester,2021,town,751217374.0,946014946.0,20.84,79.4,16.14,103,2021-comparison-of-full-value-tax-rates-ranking-order.pdf
Chester,2022,town,755266186.0,1096025081.0,21.4,68.9,14.43,116,2022-comparison-of-full-value-tax-rates-ranking-order.pdf
Chester,2023,town,752280894.0,1192099639.0,23.2,63.1,14.34,105,2023-comparison-of-full-value-tax-rates-ranking-order.pdf
Chester,2024,town,1167919043.0,1254413026.0,16.36,93.1,14.95,130,2024-comparison-of-full-value-tax-rates-ranking-order.pdf
Chesterfield,2019,town,521216633.0,609693938.0,22.32,85.7,19.02,96,2019-comparison-of-full-value-tax-rates-ranking-order.pdf
Chesterfield,2020,town,526553107.0,625496129.0,22.61,84.4,18.96,102,2020-comparison-of-full-value-tax-rates-ranking-order.pdf
Chesterfield,2021,town,612467710.0,724786969.0,19.01,84.7,16.24,106,2021-comparison-of-full-value-tax-rates-ranking-order.pdf
Chesterfield,2022,town,613131538.0,811877203.0,19.42,75.7,14.65,124,2022-comparison-of-full-value-tax-rates-ranking-order.pdf
Chesterfield,2023,town,618349529.0,873508496.0,19.82,71.0,14.01,102,2023-comparison-of-full-value-tax-rates-ranking-order.pdf
Chesterfield,2024,town,623672545.0,1003301375.0,20.24,62.3,12.55,84,2024-comparison-of-full-value-tax-rates-ranking-order.pdf
Chichester,2019,town,323112390.0,345889885.0,23.4,93.4,21.7,133,2019-comparison-of-full-value-tax-rates-ranking-order.pdf
Chichester,2020,town,324484066.0,366186325.0,23.18,88.6,20.39,130,2020-comparison-of-full-value-tax-rates-ranking-order.pdf
Chichester,2021,town,331029196.0,437719903.0,23.1,75.6,17.34,134,2021-comparison-of-full-value-tax-rates-ranking-order.pdf
Chichester,2022,town,335973458.0,512804333.0,24.38,65.5,15.88,152,2022-comparison-of-full-value-tax-rates-ranking-order.pdf
Chichester,2023,town,548678894.0,550327271.0,16.42,99.7,16.31,161,2023-comparison-of-full-value-tax-rates-ranking-order.pdf
Chichester,2024,town,557770628.0,612850942.0,17.33,91.0,15.7,152,2024-comparison-of-full-value-tax-rates-ranking-order.pdf
Claremont,2019,city,767744816.0,787774620.0,40.26,97.8,38.2,226,2019-comparison-of-full-value-tax-rates-ranking-order.pdf
Claremont,2020,city,768212034.0,841755588.0,40.72,91.6,36.19,227,2020-comparison-of-full-value-tax-rates-ranking-order.pdf
Claremont,2021,city,771330954.0,1029771175.0,40.98,75.2,29.93,234,2021-comparison-of-full-value-tax-rates-ranking-order.pdf
Claremont,2022,city,763933030.0,1363781794.0,41.68,56.3,22.92,228,2022-comparison-of-full-value-tax-rates-ranking-order.pdf
Claremont,2023,city,1254139231.0,1365482104.0,27.8,92.3,25.1,227,2023-comparison-of-full-value-tax-rates-ranking-order.pdf
Claremont,2024,city,1260251377.0,1532606364.0,29.26,82.9,23.7,220,2024-comparison-of-full-value-tax-rates-ranking-order.pdf
Clarksville,2019,town,41957835.0,54018655.0,15.55,82.8,12.01,29,2019-comparison-of-full-value-tax-rates-ranking-order.pdf
Clarksville,2020,town,46895972.0,60296062.0,16.26,81.8,12.58,32,2020-comparison-of-full-value-tax-rates-ranking-order.pdf
Clarksville,2021,town,47779454.0,84740357.0,18.98,60.4,10.66,41,2021-comparison-of-full-value-tax-rates-ranking-order.pdf
Clarksville,2022,town,49271441.0,95458858.0,20.71,55.4,11.46,68,2022-comparison-of-full-value-tax-rates-ranking-order.pdf
Clarksville,2023,town,49357074.0,113184347.0,18.92,46.8,8.85,32,2023-comparison-of-full-value-tax-rates-ranking-order.pdf
Clarksville,2024,town,50121489.0,100024752.0,21.71,53.9,11.64,68,2024-comparison-of-full-value-tax-rates-ranking-order.pdf
Colebrook,2019,town,187543968.0,191334527.0,30.13,98.0,29.34,218,2019-comparison-of-full-value-tax-rates-ranking-order.pdf
Colebrook,2020,town,187188181.0,191304139.0,27.78,98.4,26.99,214,2020-comparison-of-full-value-tax-rates-ranking-order.pdf
Colebrook,2021,town,190693527.0,223953365.0,29.32,85.5,24.78,228,2021-comparison-of-full-value-tax-rates-ranking-order.pdf
Colebrook,2022,town,194805020.0,346916480.0,28.32,56.3,15.91,153,2022-comparison-of-full-value-tax-rates-ranking-order.pdf
Colebrook,2023,town,193804326.0,373165214.0,31.66,52.2,16.44,164,2023-comparison-of-full-value-tax-rates-ranking-order.pdf
Colebrook,2024,town,194222626.0,379708729.0,34.97,51.4,17.86,189,2024-comparison-of-full-value-tax-rates-ranking-order.pdf
Columbia,2019,town,86095164.0,108213586.0,18.92,79.5,14.53,48,2019-comparison-of-full-value-tax-rates-ranking-order.pdf
Columbia,2020,town,92127991.0,95224026.0,16.07,96.9,15.0,57,2020-comparison-of-full-value-tax-rates-ranking-order.pdf
Columbia,2021,town,93416151.0,125600635.0,15.31,74.2,10.94,45,2021-comparison-of-full-value-tax-rates-ranking-order.pdf
Columbia,2022,town,92784561.0,165364567.0,15.3,56.0,8.4,35,2022-comparison-of-full-value-tax-rates-ranking-order.pdf
Columbia,2023,town,89447617.0,164935844.0,16.84,54.3,8.89,34,2023-comparison-of-full-value-tax-rates-ranking-order.pdf
Columbia,2024,town,89149176.0,185101228.0,22.28,48.2,10.51,53,2024-comparison-of-full-value-tax-rates-ranking-order.pdf
Concord,2019,city,4433101874.0,4607017330.0,27.78,96.9,26.66,201,2019-comparison-of-full-value-tax-rates-ranking-order.pdf
Concord,2020,city,4720842242.0,5031850447.0,26.76,94.5,24.84,202,2020-comparison-of-full-value-tax-rates-ranking-order.pdf
Concord,2021,city,5197660692.0,5641808735.0,25.12,92.7,22.9,222,2021-comparison-of-full-value-tax-rates-ranking-order.pdf
Concord,2022,city,5260913690.0,6783536935.0,25.89,78.0,19.99,214,2022-comparison-of-full-value-tax-rates-ranking-order.pdf
Concord,2023,city,5307670392.0,7446633493.0,26.86,71.7,18.96,205,2023-comparison-of-full-value-tax-rates-ranking-order.pdf
Concord,2024,city,5407808354.0,8716671711.0,27.69,62.4,17.05,179,2024-comparison-of-full-value-tax-rates-ranking-order.pdf
Conway,2019,town,1747261353.0,1855949037.0,17.32,94.2,16.2,57,2019-comparison-of-full-value-tax-rates-ranking-order.pdf
Conway,2020,town,1757221100.0,2100384782.0,16.32,83.7,13.56,43,2020-comparison-of-full-value-tax-rates-ranking-order.pdf
Conway,2021,town,1817161495.0,2653677109.0,16.34,68.5,11.1,46,2021-comparison-of-full-value-tax-rates-ranking-order.pdf
Conway,2022,town,1824119005.0,3056995489.0,17.08,59.7,10.14,48,2022-comparison-of-full-value-tax-rates-ranking-order.pdf
Conway,2023,town,3202266290.0,3275360161.0,10.18,97.8,9.9,48,2023-comparison-of-full-value-tax-rates-ranking-order.pdf
Conway,2024,town,3244190600.0,3782415877.0,11.32,85.8,9.66,48,2024-comparison-of-full-value-tax-rates-ranking-order.pdf
Cornish,2019,town,197184183.0,200222307.0,19.52,98.7,19.12,97,2019-comparison-of-full-value-tax-rates-ranking-order.pdf
Cornish,2020,town,197860492.0,206266001.0,21.29,96.1,20.28,126,2020-comparison-of-full-value-tax-rates-ranking-order.pdf
Cornish,2021,town,198596337.0,245700863.0,22.71,80.8,18.23,162,2021-comparison-of-full-value-tax-rates-ranking-order.pdf
Cornish,2022,town,198890713.0,261277558.0,23.67,76.2,17.94,196,2022-comparison-of-full-value-tax-rates-ranking-order.pdf
Cornish,2023,town,200731930.0,331003666.0,26.23,60.6,15.82,147,2023-comparison-of-full-value-tax-rates-ranking-order.pdf
Cornish,2024,town,357444310.0,367066424.0,16.19,97.5,15.73,154,2024-comparison-of-full-value-tax-rates-ranking-order.pdf
Crawford's Purchase,2019,unincorporated,230072.0,265979.0,0.0,86.5,0.0,N/A,2019-comparison-of-full-value-tax-rates-ranking-order.pdf
Crawford's Purchase,2020,unincorporated,235430.0,270298.0,0.0,87.1,0.0,N/A,2020-comparison-of-full-value-tax-rates-ranking-order.pdf
Crawford's Purchase,2021,unincorporated,230230.0,276056.0,0.0,83.4,0.0,N/A,2021-comparison-of-full-value-tax-rates-ranking-order.pdf
Crawford's Purchase,2022,unincorporated,230130.0,322763.0,0.0,71.3,0.0,N/A,2022-comparison-of-full-value-tax-rates-ranking-order.pdf
Crawford's Purchase,2023,unincorporated,419690.0,397058.0,0.0,105.7,0.0,N/A,2023-comparison-of-full-value-tax-rates-ranking-order.pdf
Crawford's Purchase,2024,unincorporated,419790.0,695016.0,0.0,60.4,0.0,N/A,2024-comparison-of-full-value-tax-rates-ranking-order.pdf
Croydon,2019,town,91293462.0,99733307.0,19.56,91.5,17.83,75,2019-comparison-of-full-value-tax-rates-ranking-order.pdf
Croydon,2020,town,112955862.0,110869730.0,13.96,101.9,14.15,49,2020-comparison-of-full-value-tax-rates-ranking-order.pdf
Croydon,2021,town,117755940.0,127873771.0,14.22,92.0,13.0,64,2021-comparison-of-full-value-tax-rates-ranking-order.pdf
Croydon,2022,town,122989398.0,160644111.0,14.22,76.4,10.82,56,2022-comparison-of-full-value-tax-rates-ranking-order.pdf
Croydon,2023,town,122623450.0,167227447.0,13.42,73.3,9.77,45,2023-comparison-of-full-value-tax-rates-ranking-order.pdf
Croydon,2024,town,126226933.0,176502241.0,14.99,71.5,10.64,54,2024-comparison-of-full-value-tax-rates-ranking-order.pdf
Cutt's Grant,2019,unincorporated,0.0,0.0,0.0,86.5,0.0,N/A,2019-comparison-of-full-value-tax-rates-ranking-order.pdf
Cutt's Grant,2020,unincorporated,0.0,0.0,0.0,87.1,0.0,N/A,2020-comparison-of-full-value-tax-rates-ranking-order.pdf
Cutt's Grant,2021,unincorporated,0.0,0.0,0.0,83.4,0.0,N/A,2021-comparison-of-full-value-tax-rates-ranking-order.pdf
Cutt's Grant,2022,unincorporated,0.0,0.0,0.0,71.3,0.0,N/A,2022-comparison-of-full-value-tax-rates-ranking-order.pdf
Cutt's Grant,2023,unincorporated,0.0,0.0,0.0,105.7,0.0,N/A,2023-comparison-of-full-value-tax-rates-ranking-order.pdf
Cutt's Grant,2024,unincorporated,0.0,0.0,0.0,60.4,0.0,N/A,2024-comparison-of-full-value-tax-rates-ranking-order.pdf
Dalton,2019,town,83139661.0,106232726.0,23.86,83.9,18.53,85,2019-comparison-of-full-value-tax-rates-ranking-order.pdf
Dalton,2020,town,83559669.0,106042543.0,24.13,84.4,18.89,101,2020-comparison-of-full-value-tax-rates-ranking-order.pdf
Dalton,2021,town,84674595.0,137953072.0,25.15,65.4,15.33,88,2021-comparison-of-full-value-tax-rates-ranking-order.pdf
Dalton,2022,town,84366506.0,164568499.0,25.55,54.5,13.88,103,2022-comparison-of-full-value-tax-rates-ranking-order.pdf
Dalton,2023,town,143715363.0,173399680.0,14.75,88.4,12.99,82,2023-comparison-of-full-value-tax-rates-ranking-order.pdf
Dalton,2024,town,156249297.0,187755969.0,15.06,83.2,12.42,79,2024-comparison-of-full-value-tax-rates-ranking-order.pdf
Danbury,2019,town,111391938.0,136681078.0,24.0,81.4,19.48,102,2019-comparison-of-full-value-tax-rates-ranking-order.pdf
Danbury,2020,town,111972635.0,145725123.0,24.0,76.8,18.37,92,2020-comparison-of-full-value-tax-rates-ranking-order.pdf
Danbury,2021,town,168571630.0,175541064.0,18.0,96.0,17.22,130,2021-comparison-of-full-value-tax-rates-ranking-order.pdf
Danbury,2022,town,171273300.0,216780915.0,17.5,78.9,13.78,97,2022-comparison-of-full-value-tax-rates-ranking-order.pdf
Danbury,2023,town,173783733.0,231624910.0,20.0,75.0,14.96,125,2023-comparison-of-full-value-tax-rates-ranking-order.pdf
Danbury,2024,town,182626497.0,280326488.0,22.0,65.1,14.29,114,2024-comparison-of-full-value-tax-rates-ranking-order.pdf
Danville,2019,town,410510859.0,488117330.0,28.06,84.1,23.31,165,2019-comparison-of-full-value-tax-rates-ranking-order.pdf
Danville,2020,town,420335905.0,518925293.0,26.3,81.0,21.08,144,2020-comparison-of-full-value-tax-rates-ranking-order.pdf
Danville,2021,town,579548714.0,625170933.0,20.2,92.7,18.55,167,2021-comparison-of-full-value-tax-rates-ranking-order.pdf
Danville,2022,town,585446698.0,736376844.0,19.61,79.5,15.47,140,2022-comparison-of-full-value-tax-rates-ranking-order.pdf
Danville,2023,town,591928784.0,851661781.0,25.21,69.5,17.39,186,2023-comparison-of-full-value-tax-rates-ranking-order.pdf
Danville,2024,town,600497558.0,944161438.0,22.11,63.6,13.92,106,2024-comparison-of-full-value-tax-rates-ranking-order.pdf
Deerfield,2019,town,588306891.0,728984215.0,23.11,80.7,18.34,83,2019-comparison-of-full-value-tax-rates-ranking-order.pdf
Deerfield,2020,town,748219291.0,758888801.0,19.67,98.6,19.19,106,2020-comparison-of-full-value-tax-rates-ranking-order.pdf
Deerfield,2021,town,782673603.0,919510827.0,18.8,85.1,15.8,97,2021-comparison-of-full-value-tax-rates-ranking-order.pdf
Deerfield,2022,town,779529070.0,1105420690.0,18.32,70.5,12.78,80,2022-comparison-of-full-value-tax-rates-ranking-order.pdf
Deerfield,2023,town,786480922.0,1240337436.0,22.66,63.4,14.21,104,2023-comparison-of-full-value-tax-rates-ranking-order.pdf
Deerfield,2024,town,800809208.0,1295834589.0,24.61,61.8,15.04,135,2024-comparison-of-full-value-tax-rates-ranking-order.pdf
Deering,2019,town,186237910.0,227381255.0,30.62,81.9,24.56,177,2019-comparison-of-full-value-tax-rates-ranking-order.pdf
Deering,2020,town,242122400.0,252689370.0,24.81,95.8,23.38,179,2020-comparison-of-full-value-tax-rates-ranking-order.pdf
Deering,2021,town,246714475.0,307738286.0,22.56,80.1,17.8,148,2021-comparison-of-full-value-tax-rates-ranking-order.pdf
Deering,2022,town,246577351.0,378461475.0,22.75,65.1,14.64,123,2022-comparison-of-full-value-tax-rates-ranking-order.pdf
Deering,2023,town,247235282.0,393643093.0,25.98,62.8,16.11,155,2023-comparison-of-full-value-tax-rates-ranking-order.pdf
Deering,2024,town,249094612.0,438408995.0,28.1,56.8,15.76,156,2024-comparison-of-full-value-tax-rates-ranking-order.pdf
Derry,2019,town,3273854150.0,3677968779.0,26.12,89.1,22.76,154,2019-comparison-of-full-value-tax-rates-ranking-order.pdf
Derry,2020,town,3675393432.0,3947271034.0,24.34,93.2,21.9,158,2020-comparison-of-full-value-tax-rates-ranking-order.pdf
Derry,2021,town,3699838976.0,4723465741.0,24.76,78.4,18.96,172,2021-comparison-of-full-value-tax-rates-ranking-order.pdf
Derry,2022,town,4893682054.0,5289742213.0,19.04,92.6,17.16,184,2022-comparison-of-full-value-tax-rates-ranking-order.pdf
Derry,2023,town,4927607560.0,5728761998.0,20.68,86.1,17.34,184,2023-comparison-of-full-value-tax-rates-ranking-order.pdf
Derry,2024,town,5775178335.0,6256276413.0,18.69,92.4,16.75,174,2024-comparison-of-full-value-tax-rates-ranking-order.pdf
Dix's Grant,2019,unincorporated,1003919.0,1121552.0,0.0,86.5,0.0,N/A,2019-comparison-of-full-value-tax-rates-ranking-order.pdf
Dix's Grant,2020,unincorporated,1000284.0,1150818.0,0.0,87.1,0.0,N/A,2020-comparison-of-full-value-tax-rates-ranking-order.pdf
Dix's Grant,2021,unincorporated,1072502.0,1267209.0,0.0,83.4,0.0,N/A,2021-comparison-of-full-value-tax-rates-ranking-order.pdf
Dix's Grant,2022,unincorporated,1008318.0,1352285.0,0.0,71.3,0.0,N/A,2022-comparison-of-full-value-tax-rates-ranking-order.pdf
Dix's Grant,2023,unincorporated,1413477.0,1356557.0,0.0,105.7,0.0,N/A,2023-comparison-of-full-value-tax-rates-ranking-order.pdf
Dix's Grant,2024,unincorporated,1444030.0,2116123.0,0.0,60.4,0.0,N/A,2024-comparison-of-full-value-tax-rates-ranking-order.pdf
Dixville,2019,unincorporated,7969989.0,31885049.0,7.92,86.5,1.96,2,2019-comparison-of-full-value-tax-rates-ranking-order.pdf
Dixville,2020,unincorporated,8448784.0,32467978.0,6.6,87.1,1.71,1,2020-comparison-of-full-value-tax-rates-ranking-order.pdf
Dixville,2021,unincorporated,8649847.0,33091227.0,6.27,83.4,1.63,2,2021-comparison-of-full-value-tax-rates-ranking-order.pdf
Dixville,2022,unincorporated,31320810.0,43788977.0,0.25,71.3,0.18,1,2022-comparison-of-full-value-tax-rates-ranking-order.pdf
Dixville,2023,unincorporated,11025329.0,10481220.0,1.12,105.7,1.15,2,2023-comparison-of-full-value-tax-rates-ranking-order.pdf
Dixville,2024,unincorporated,11233238.0,17936311.0,0.0,60.4,0.0,N/A,2024-comparison-of-full-value-tax-rates-ranking-order.pdf
Dorchester,2019,town,44960312.0,44381080.0,20.88,101.4,21.06,124,2019-comparison-of-full-value-tax-rates-ranking-order.pdf
Dorchester,2020,town,44998503.0,49937620.0,20.86,89.9,18.73,99,2020-comparison-of-full-value-tax-rates-ranking-order.pdf
Dorchester,2021,town,45245310.0,61383018.0,22.16,73.4,16.28,109,2021-comparison-of-full-value-tax-rates-ranking-order.pdf
Dorchester,2022,town,46033048.0,68596654.0,23.13,67.0,15.48,141,2022-comparison-of-full-value-tax-rates-ranking-order.pdf
Dorchester,2023,town,46073987.0,72969951.0,25.82,63.1,16.26,160,2023-comparison-of-full-value-tax-rates-ranking-order.pdf
Dorchester,2024,town,90135345.0,87917796.0,14.9,102.6,15.25,141,2024-comparison-of-full-value-tax-rates-ranking-order.pdf
Dover,2019,city,3701359340.0,3965170464.0,25.19,93.5,22.97,159,2019-comparison-of-full-value-tax-rates-ranking-order.pdf
Dover,2020,city,3901154250.0,4224304577.0,24.85,92.5,22.4,168,2020-comparison-of-full-value-tax-rates-ranking-order.pdf
Dover,2021,city,4589317030.0,5051014117.0,21.7,91.0,19.18,176,2021-comparison-of-full-value-tax-rates-ranking-order.pdf
Dover,2022,city,5222397720.0,5798769650.0,19.84,90.2,17.34,189,2022-comparison-of-full-value-tax-rates-ranking-order.pdf
Dover,2023,city,5972315630.0,6683354493.0,18.7,89.5,16.14,156,2023-comparison-of-full-value-tax-rates-ranking-order.pdf
Dover,2024,city,6647139470.0,7157772360.0,18.17,93.0,16.31,168,2024-comparison-of-full-value-tax-rates-ranking-order.pdf
Dublin,2019,town,273073580.0,267826093.0,24.63,102.6,24.96,185,2019-comparison-of-full-value-tax-rates-ranking-order.pdf
Dublin,2020,town,275008426.0,274211550.0,24.63,100.9,24.55,199,2020-comparison-of-full-value-tax-rates-ranking-order.pdf
Dublin,2021,town,278787570.0,325449717.0,23.42,85.8,19.94,190,2021-comparison-of-full-value-tax-rates-ranking-order.pdf
Dublin,2022,town,281951590.0,432340433.0,24.97,65.3,16.22,163,2022-comparison-of-full-value-tax-rates-ranking-order.pdf
Dublin,2023,town,283795244.0,474568788.0,27.67,59.9,16.48,165,2023-comparison-of-full-value-tax-rates-ranking-order.pdf
Dublin,2024,town,478520652.0,479366432.0,17.99,100.0,17.94,190,2024-comparison-of-full-value-tax-rates-ranking-order.pdf
Dummer,2019,town,99082905.0,89435771.0,14.16,99.9,14.3,45,2019-comparison-of-full-value-tax-rates-ranking-order.pdf
Dummer,2020,town,99559420.0,90088664.0,16.33,97.5,16.72,69,2020-comparison-of-full-value-tax-rates-ranking-order.pdf
Dummer,2021,town,101947605.0,104632281.0,16.07,84.8,14.41,76,2021-comparison-of-full-value-tax-rates-ranking-order.pdf
Dummer,2022,town,99426898.0,151232679.0,16.8,65.6,10.46,52,2022-comparison-of-full-value-tax-rates-ranking-order.pdf
Dummer,2023,town,99055214.0,189433118.0,18.1,52.2,8.86,33,2023-comparison-of-full-value-tax-rates-ranking-order.pdf
Dummer,2024,town,185503822.0,163316758.0,8.72,113.7,9.39,46,2024-comparison-of-full-value-tax-rates-ranking-order.pdf
Dunbarton,2019,town,315735653.0,423324487.0,27.21,75.2,20.15,108,2019-comparison-of-full-value-tax-rates-ranking-order.pdf
Dunbarton,2020,town,394747668.0,441154324.0,22.28,90.2,19.8,116,2020-comparison-of-full-value-tax-rates-ranking-order.pdf
Dunbarton,2021,town,400371429.0,522283549.0,23.41,77.2,17.81,149,2021-comparison-of-full-value-tax-rates-ranking-order.pdf
Dunbarton,2022,town,406391937.0,609967822.0,22.98,67.1,15.33,138,2022-comparison-of-full-value-tax-rates-ranking-order.pdf
Dunbarton,2023,town,411409645.0,670130200.0,25.57,61.8,15.7,144,2023-comparison-of-full-value-tax-rates-ranking-order.pdf
Dunbarton,2024,town,426297249.0,760530241.0,26.38,56.4,14.79,126,2024-comparison-of-full-value-tax-rates-ranking-order.pdf
Durham,2019,town,1208806787.0,1312883720.0,27.43,92.8,24.93,183,2019-comparison-of-full-value-tax-rates-ranking-order.pdf
Durham,2020,town,1243655487.0,1545334632.0,27.73,81.5,22.0,160,2020-comparison-of-full-value-tax-rates-ranking-order.pdf
Durham,2021,town,1265232333.0,1799956129.0,27.91,71.8,19.33,179,2021-comparison-of-full-value-tax-rates-ranking-order.pdf
Durham,2022,town,1256985014.0,1843008917.0,29.04,70.1,20.09,215,2022-comparison-of-full-value-tax-rates-ranking-order.pdf
Durham,2023,town,1872968904.0,2057334965.0,20.48,93.5,18.91,203,2023-comparison-of-full-value-tax-rates-ranking-order.pdf
Durham,2024,town,1882902391.0,2489181140.0,20.33,77.6,15.58,149,2024-comparison-of-full-value-tax-rates-ranking-order.pdf
East Kingston,2019,town,396414793.0,404522164.0,22.52,98.0,21.96,136,2019-comparison-of-full-value-tax-rates-ranking-order.pdf
East Kingston,2020,town,400944627.0,427917128.0,22.4,93.7,20.84,140,2020-comparison-of-full-value-tax-rates-ranking-order.pdf
East Kingston,2021,town,401314666.0,488798971.0,22.01,82.1,17.94,154,2021-comparison-of-full-value-tax-rates-ranking-order.pdf
East Kingston,2022,town,402154402.0,567985531.0,22.8,70.8,16.05,160,2022-comparison-of-full-value-tax-rates-ranking-order.pdf
East Kingston,2023,town,400801427.0,575071034.0,25.19,69.7,17.45,188,2023-comparison-of-full-value-tax-rates-ranking-order.pdf
East Kingston,2024,town,622748864.0,614763921.0,16.13,101.3,16.26,167,2024-comparison-of-full-value-tax-rates-ranking-order.pdf
Easton,2019,town,64135162.0,76485099.0,12.99,84.3,10.86,21,2019-comparison-of-full-value-tax-rates-ranking-order.pdf
Easton,2020,town,75921478.0,82282258.0,11.86,92.7,10.92,24,2020-comparison-of-full-value-tax-rates-ranking-order.pdf
Easton,2021,town,76963510.0,106308229.0,12.26,72.7,8.85,26,2021-comparison-of-full-value-tax-rates-ranking-order.pdf
Easton,2022,town,77220099.0,126781630.0,11.96,61.1,7.3,23,2022-comparison-of-full-value-tax-rates-ranking-order.pdf
Easton,2023,town,77783741.0,126869963.0,12.89,61.5,7.91,25,2023-comparison-of-full-value-tax-rates-ranking-order.pdf
Easton,2024,town,78078765.0,141848155.0,13.91,55.2,7.66,25,2024-comparison-of-full-value-tax-rates-ranking-order.pdf
Eaton,2019,town,113400155.0,114476882.0,12.05,99.1,11.92,28,2019-comparison-of-full-value-tax-rates-ranking-order.pdf
Eaton,2020,town,114582083.0,118472535.0,14.26,96.7,13.77,45,2020-comparison-of-full-value-tax-rates-ranking-order.pdf
Eaton,2021,town,143226973.0,149780782.0,11.15,95.6,10.65,40,2021-comparison-of-full-value-tax-rates-ranking-order.pdf
Eaton,2022,town,144230316.0,158623879.0,10.76,90.9,9.77,44,2022-comparison-of-full-value-tax-rates-ranking-order.pdf
Eaton,2023,town,145713877.0,191047826.0,13.07,76.2,9.96,50,2023-comparison-of-full-value-tax-rates-ranking-order.pdf
Eaton,2024,town,147574711.0,223792984.0,12.81,65.9,8.44,33,2024-comparison-of-full-value-tax-rates-ranking-order.pdf
Effingham,2019,town,167519944.0,198500825.0,26.9,84.4,22.62,151,2019-comparison-of-full-value-tax-rates-ranking-order.pdf
Effingham,2020,town,210477016.0,211620075.0,21.25,99.5,21.08,144,2020-comparison-of-full-value-tax-rates-ranking-order.pdf
Effingham,2021,town,213219276.0,271477032.0,22.49,78.5,17.6,143,2021-comparison-of-full-value-tax-rates-ranking-order.pdf
Effingham,2022,town,214993667.0,361756288.0,23.57,59.4,13.98,108,2022-comparison-of-full-value-tax-rates-ranking-order.pdf
Effingham,2023,town,216517843.0,342756715.0,24.69,63.2,15.52,141,2023-comparison-of-full-value-tax-rates-ranking-order.pdf
Effingham,2024,town,218220842.0,360747113.0,27.52,60.5,16.58,171,2024-comparison-of-full-value-tax-rates-ranking-order.pdf
Ellsworth,2019,town,13708347.0,17392748.0,20.64,80.5,16.22,58,2019-comparison-of-full-value-tax-rates-ranking-order.pdf
Ellsworth,2020,town,19448628.0,18628402.0,15.06,106.2,15.69,61,2020-comparison-of-full-value-tax-rates-ranking-order.pdf
Ellsworth,2021,town,19452572.0,21625182.0,14.32,91.6,12.84,62,2021-comparison-of-full-value-tax-rates-ranking-order.pdf
Ellsworth,2022,town,19499899.0,29575921.0,15.18,67.0,10.16,49,2022-comparison-of-full-value-tax-rates-ranking-order.pdf
Ellsworth,2023,town,19479979.0,31291957.0,15.01,63.0,9.44,42,2023-comparison-of-full-value-tax-rates-ranking-order.pdf
Ellsworth,2024,town,20177094.0,36638939.0,15.21,55.7,8.46,34,2024-comparison-of-full-value-tax-rates-ranking-order.pdf
Enfield,2019,town,596772695.0,627474167.0,25.05,95.1,23.11,161,2019-comparison-of-full-value-tax-rates-ranking-order.pdf
Enfield,2020,town,599930986.0,685552818.0,25.45,87.5,21.6,153,2020-comparison-of-full-value-tax-rates-ranking-order.pdf
Enfield,2021,town,606640319.0,824053224.0,25.11,73.6,17.94,154,2021-comparison-of-full-value-tax-rates-ranking-order.pdf
Enfield,2022,town,611567680.0,972114584.0,25.75,62.9,15.72,148,2022-comparison-of-full-value-tax-rates-ranking-order.pdf
Enfield,2023,town,619097591.0,1078474141.0,27.16,57.4,15.11,130,2023-comparison-of-full-value-tax-rates-ranking-order.pdf
Enfield,2024,town,1074048992.0,1158550240.0,16.91,92.7,15.0,132,2024-comparison-of-full-value-tax-rates-ranking-order.pdf
Epping,2019,town,728317500.0,965201474.0,27.7,75.8,20.71,119,2019-comparison-of-full-value-tax-rates-ranking-order.pdf
Epping,2020,town,933583900.0,1022262662.0,23.64,91.7,21.4,150,2020-comparison-of-full-value-tax-rates-ranking-order.pdf
Epping,2021,town,951925300.0,1218722145.0,22.42,78.4,17.36,136,2021-comparison-of-full-value-tax-rates-ranking-order.pdf
Epping,2022,town,981780386.0,1436274318.0,22.49,69.3,15.47,140,2022-comparison-of-full-value-tax-rates-ranking-order.pdf
Epping,2023,town,1007659898.0,1620148020.0,23.4,63.0,14.65,114,2023-comparison-of-full-value-tax-rates-ranking-order.pdf
Epping,2024,town,1043374996.0,1756680313.0,25.23,60.2,15.08,139,2024-comparison-of-full-value-tax-rates-ranking-order.pdf
Epsom,2019,town,435271081.0,515468565.0,27.09,84.6,22.76,154,2019-comparison-of-full-value-tax-rates-ranking-order.pdf
Epsom,2020,town,509317729.0,533753658.0,21.83,95.6,20.74,139,2020-comparison-of-full-value-tax-rates-ranking-order.pdf
Epsom,2021,town,515895445.0,656354277.0,23.64,78.7,18.5,165,2021-comparison-of-full-value-tax-rates-ranking-order.pdf
Epsom,2022,town,520788691.0,697401214.0,23.84,74.8,17.76,194,2022-comparison-of-full-value-tax-rates-ranking-order.pdf
Epsom,2023,town,521769910.0,867850190.0,24.63,60.2,14.77,116,2023-comparison-of-full-value-tax-rates-ranking-order.pdf
Epsom,2024,town,524294606.0,983168401.0,26.64,53.4,14.16,112,2024-comparison-of-full-value-tax-rates-ranking-order.pdf
Errol,2019,town,88834525.0,89076350.0,13.43,101.6,13.15,34,2019-comparison-of-full-value-tax-rates-ranking-order.pdf
Errol,2020,town,90067236.0,98996895.0,13.25,92.8,11.87,30,2020-comparison-of-full-value-tax-rates-ranking-order.pdf
Errol,2021,town,90585368.0,126218134.0,13.86,72.7,9.82,33,2021-comparison-of-full-value-tax-rates-ranking-order.pdf
Errol,2022,town,92028622.0,150254687.0,13.15,62.1,8.1,31,2022-comparison-of-full-value-tax-rates-ranking-order.pdf
Errol,2023,town,136515070.0,145246334.0,9.56,95.4,9.03,36,2023-comparison-of-full-value-tax-rates-ranking-order.pdf
Errol,2024,town,140846397.0,166806731.0,9.22,85.6,7.81,26,2024-comparison-of-full-value-tax-rates-ranking-order.pdf
Erving's Grant,2019,unincorporated,51387.0,52867.0,0.0,86.5,0.0,N/A,2019-comparison-of-full-value-tax-rates-ranking-order.pdf
Erving's Grant,2020,unincorporated,50191.0,58024.0,0.0,87.1,0.0,N/A,2020-comparison-of-full-value-tax-rates-ranking-order.pdf
Erving's Grant,2021,unincorporated,60432.0,69382.0,5.07,83.4,4.41,6,2021-comparison-of-full-value-tax-rates-ranking-order.pdf
Erving's Grant,2022,unincorporated,50409.0,60442.0,9.01,71.3,7.51,25,2022-comparison-of-full-value-tax-rates-ranking-order.pdf
Erving's Grant,2023,unincorporated,58914.0,58914.0,0.0,105.7,0.0,N/A,2023-comparison-of-full-value-tax-rates-ranking-order.pdf
Erving's Grant,2024,unincorporated,63292.0,59879.0,0.0,60.4,0.0,N/A,2024-comparison-of-full-value-tax-rates-ranking-order.pdf
Exeter,2019,town,2250035117.0,2418717653.0,23.27,93.1,20.89,120,2019-comparison-of-full-value-tax-rates-ranking-order.pdf
Exeter,2020,town,2280209028.0,2638155410.0,24.49,86.5,20.35,128,2020-comparison-of-full-value-tax-rates-ranking-order.pdf
Exeter,2021,town,2322324298.0,2908870262.0,24.01,79.9,18.28,163,2021-comparison-of-full-value-tax-rates-ranking-order.pdf
Exeter,2022,town,2346784360.0,3585599864.0,24.75,65.5,15.44,139,2022-comparison-of-full-value-tax-rates-ranking-order.pdf
Exeter,2023,town,2352394597.0,3701263029.0,26.78,63.6,16.21,159,2023-comparison-of-full-value-tax-rates-ranking-order.pdf
Exeter,2024,town,3680184775.0,3929989978.0,17.79,93.7,15.75,155,2024-comparison-of-full-value-tax-rates-ranking-order.pdf
Farmington,2019,town,565856662.0,569969136.0,22.24,99.6,21.69,132,2019-comparison-of-full-value-tax-rates-ranking-order.pdf
Farmington,2020,town,569386156.0,649683137.0,22.92,87.8,19.61,114,2020-comparison-of-full-value-tax-rates-ranking-order.pdf
Farmington,2021,town,574308142.0,766078238.0,23.37,75.1,17.11,129,2021-comparison-of-full-value-tax-rates-ranking-order.pdf
Farmington,2022,town,578780324.0,951962035.0,24.18,60.9,14.4,115,2022-comparison-of-full-value-tax-rates-ranking-order.pdf
Farmington,2023,town,585421671.0,979223981.0,25.66,59.9,14.99,126,2023-comparison-of-full-value-tax-rates-ranking-order.pdf
Farmington,2024,town,1060890628.0,1097961021.0,14.88,96.8,14.0,107,2024-comparison-of-full-value-tax-rates-ranking-order.pdf
Fitzwilliam,2019,town,294598130.0,308170103.0,26.49,95.6,24.82,179,2019-comparison-of-full-value-tax-rates-ranking-order.pdf
Fitzwilliam,2020,town,300519850.0,362835531.0,25.76,82.8,20.91,142,2020-comparison-of-full-value-tax-rates-ranking-order.pdf
Fitzwilliam,2021,town,295475152.0,402470736.0,25.83,73.4,18.63,169,2021-comparison-of-full-value-tax-rates-ranking-order.pdf
Fitzwilliam,2022,town,499833810.0,502884695.0,16.41,99.4,16.13,162,2022-comparison-of-full-value-tax-rates-ranking-order.pdf
Fitzwilliam,2023,town,507907856.0,581041229.0,16.92,87.4,14.6,112,2023-comparison-of-full-value-tax-rates-ranking-order.pdf
Fitzwilliam,2024,town,503820581.0,563621919.0,18.27,89.4,16.13,164,2024-comparison-of-full-value-tax-rates-ranking-order.pdf
Francestown,2019,town,216883875.0,221062592.0,24.17,98.1,23.64,169,2019-comparison-of-full-value-tax-rates-ranking-order.pdf
Francestown,2020,town,218348599.0,227893705.0,25.86,95.8,24.7,200,2020-comparison-of-full-value-tax-rates-ranking-order.pdf
Francestown,2021,town,220277400.0,278925795.0,24.52,78.9,19.31,177,2021-comparison-of-full-value-tax-rates-ranking-order.pdf
Francestown,2022,town,223480185.0,361293670.0,25.84,61.8,15.93,154,2022-comparison-of-full-value-tax-rates-ranking-order.pdf
Francestown,2023,town,224238476.0,399588380.0,27.88,56.1,15.58,142,2023-comparison-of-full-value-tax-rates-ranking-order.pdf
Francestown,2024,town,410856706.0,409631401.0,16.06,100.3,16.07,163,2024-comparison-of-full-value-tax-rates-ranking-order.pdf
Franconia,2019,town,288323046.0,332217273.0,18.98,87.0,16.41,60,2019-comparison-of-full-value-tax-rates-ranking-order.pdf
Franconia,2020,town,291613149.0,361485645.0,18.5,80.8,14.87,54,2020-comparison-of-full-value-tax-rates-ranking-order.pdf
Franconia,2021,town,414995423.0,434700229.0,12.95,95.6,12.33,58,2021-comparison-of-full-value-tax-rates-ranking-order.pdf
Franconia,2022,town,420108701.0,567912069.0,12.2,74.1,9.02,41,2022-comparison-of-full-value-tax-rates-ranking-order.pdf
Franconia,2023,town,425542281.0,625768508.0,14.35,68.1,9.75,44,2023-comparison-of-full-value-tax-rates-ranking-order.pdf
Franconia,2024,town,431793949.0,753148979.0,15.98,57.4,9.16,45,2024-comparison-of-full-value-tax-rates-ranking-order.pdf
Franklin,2019,city,692746471.0,727398400.0,22.47,95.5,20.92,121,2019-comparison-of-full-value-tax-rates-ranking-order.pdf
Franklin,2020,city,702355276.0,808177885.0,22.84,87.1,19.39,110,2020-comparison-of-full-value-tax-rates-ranking-order.pdf
Franklin,2021,city,704274415.0,944868951.0,23.21,74.7,16.9,124,2021-comparison-of-full-value-tax-rates-ranking-order.pdf
Franklin,2022,city,700731397.0,1077068322.0,24.39,65.2,15.59,143,2022-comparison-of-full-value-tax-rates-ranking-order.pdf
Franklin,2023,city,1158347984.0,1244130438.0,16.26,93.3,14.79,118,2023-comparison-of-full-value-tax-rates-ranking-order.pdf
Franklin,2024,city,1162256462.0,1477866097.0,17.15,78.8,13.18,92,2024-comparison-of-full-value-tax-rates-ranking-order.pdf
Freedom,2019,town,495480054.0,604201127.0,13.56,82.0,11.1,24,2019-comparison-of-full-value-tax-rates-ranking-order.pdf
Freedom,2020,town,652266439.0,629632320.0,10.67,103.6,11.04,25,2020-comparison-of-full-value-tax-rates-ranking-order.pdf
Freedom,2021,town,658128874.0,884262982.0,10.85,74.4,8.06,21,2021-comparison-of-full-value-tax-rates-ranking-order.pdf
Freedom,2022,town,661812101.0,1051993595.0,10.23,62.9,6.43,17,2022-comparison-of-full-value-tax-rates-ranking-order.pdf
Freedom,2023,town,669405235.0,1154062798.0,10.98,58.0,6.36,14,2023-comparison-of-full-value-tax-rates-ranking-order.pdf
Freedom,2024,town,1183636840.0,1180099390.0,7.18,100.3,7.19,21,2024-comparison-of-full-value-tax-rates-ranking-order.pdf
Fremont,2019,town,412248368.0,557038486.0,31.05,74.0,22.87,157,2019-comparison-of-full-value-tax-rates-ranking-order.pdf
Fremont,2020,town,536847528.0,587947726.0,23.13,91.3,21.03,143,2020-comparison-of-full-value-tax-rates-ranking-order.pdf
Fremont,2021,town,543294555.0,709145741.0,22.32,76.6,17.01,128,2021-comparison-of-full-value-tax-rates-ranking-order.pdf
Fremont,2022,town,552698587.0,808831601.0,23.19,67.4,15.77,149,2022-comparison-of-full-value-tax-rates-ranking-order.pdf
Fremont,2023,town,560455732.0,881182922.0,23.59,63.6,14.92,123,2023-comparison-of-full-value-tax-rates-ranking-order.pdf
Fremont,2024,town,567613298.0,945984871.0,26.37,60.0,15.75,155,2024-comparison-of-full-value-tax-rates-ranking-order.pdf
Gilford,2019,town,2034027240.0,2127633134.0,15.86,95.7,15.14,52,2019-comparison-of-full-value-tax-rates-ranking-order.pdf
Gilford,2020,town,2151701218.0,2315996684.0,15.03,93.0,13.94,48,2020-comparison-of-full-value-tax-rates-ranking-order.pdf
Gilford,2021,town,2585634570.0,2914073079.0,12.28,88.8,10.88,44,2021-comparison-of-full-value-tax-rates-ranking-order.pdf
Gilford,2022,town,2603776320.0,3717053285.0,12.25,70.1,8.58,36,2022-comparison-of-full-value-tax-rates-ranking-order.pdf
Gilford,2023,town,3509240580.0,3658005112.0,10.3,96.0,9.87,47,2023-comparison-of-full-value-tax-rates-ranking-order.pdf
Gilford,2024,town,3535682840.0,4372112622.0,11.25,81.0,9.1,43,2024-comparison-of-full-value-tax-rates-ranking-order.pdf
Gilmanton,2019,town,540927875.0,546461031.0,22.79,99.0,22.43,146,2019-comparison-of-full-value-tax-rates-ranking-order.pdf
Gilmanton,2020,town,549825743.0,604102246.0,23.2,91.0,20.89,141,2020-comparison-of-full-value-tax-rates-ranking-order.pdf
Gilmanton,2021,town,554703400.0,721956877.0,23.5,76.8,17.97,155,2021-comparison-of-full-value-tax-rates-ranking-order.pdf
Gilmanton,2022,town,561374152.0,897794741.0,23.97,62.5,14.92,130,2022-comparison-of-full-value-tax-rates-ranking-order.pdf
Gilmanton,2023,town,567893174.0,962540313.0,23.39,59.0,13.74,93,2023-comparison-of-full-value-tax-rates-ranking-order.pdf
Gilmanton,2024,town,1060799201.0,1048342023.0,14.74,101.2,14.88,129,2024-comparison-of-full-value-tax-rates-ranking-order.pdf
Gilsum,2019,town,70932123.0,69551007.0,28.01,102.0,28.45,214,2019-comparison-of-full-value-tax-rates-ranking-order.pdf
Gilsum,2020,town,72155174.0,77125765.0,25.75,93.5,23.95,190,2020-comparison-of-full-value-tax-rates-ranking-order.pdf
Gilsum,2021,town,72862304.0,84775591.0,23.2,85.9,19.84,186,2021-comparison-of-full-value-tax-rates-ranking-order.pdf
Gilsum,2022,town,72902800.0,100872490.0,23.57,72.2,16.72,176,2022-comparison-of-full-value-tax-rates-ranking-order.pdf
Gilsum,2023,town,72999003.0,110219612.0,26.03,66.2,16.92,178,2023-comparison-of-full-value-tax-rates-ranking-order.pdf
Gilsum,2024,town,138733135.0,137636168.0,14.54,100.8,14.54,119,2024-comparison-of-full-value-tax-rates-ranking-order.pdf
Goffstown,2019,town,1726526400.0,1929008574.0,24.58,89.5,21.72,134,2019-comparison-of-full-value-tax-rates-ranking-order.pdf
Goffstown,2020,town,1748506200.0,2086450848.0,24.82,83.8,20.54,134,2020-comparison-of-full-value-tax-rates-ranking-order.pdf
Goffstown,2021,town,1761340800.0,2477515368.0,24.82,71.1,17.42,139,2021-comparison-of-full-value-tax-rates-ranking-order.pdf
Goffstown,2022,town,1774116900.0,2794287030.0,26.31,63.5,16.53,172,2022-comparison-of-full-value-tax-rates-ranking-order.pdf
Goffstown,2023,town,2727758500.0,2913056061.0,18.86,93.8,17.5,189,2023-comparison-of-full-value-tax-rates-ranking-order.pdf
Goffstown,2024,town,2766513000.0,3214362283.0,20.44,86.2,17.42,184,2024-comparison-of-full-value-tax-rates-ranking-order.pdf
Gorham,2019,town,272793185.0,295653777.0,33.77,92.4,30.58,221,2019-comparison-of-full-value-tax-rates-ranking-order.pdf
Gorham,2020,town,275679909.0,319288996.0,31.85,86.5,27.0,215,2020-comparison-of-full-value-tax-rates-ranking-order.pdf
Gorham,2021,town,260604118.0,355591259.0,35.6,75.1,25.68,231,2021-comparison-of-full-value-tax-rates-ranking-order.pdf
Gorham,2022,town,385493545.0,432198535.0,24.25,91.0,21.87,225,2022-comparison-of-full-value-tax-rates-ranking-order.pdf
Gorham,2023,town,390603707.0,455407907.0,24.55,87.0,21.11,218,2023-comparison-of-full-value-tax-rates-ranking-order.pdf
Gorham,2024,town,386895955.0,512725453.0,28.29,76.4,21.4,213,2024-comparison-of-full-value-tax-rates-ranking-order.pdf
Goshen,2019,town,72865087.0,81192807.0,27.88,89.7,24.94,184,2019-comparison-of-full-value-tax-rates-ranking-order.pdf
Goshen,2020,town,83090721.0,85917145.0,22.97,96.7,22.13,163,2020-comparison-of-full-value-tax-rates-ranking-order.pdf
Goshen,2021,town,83086531.0,104739768.0,25.29,79.2,19.98,193,2021-comparison-of-full-value-tax-rates-ranking-order.pdf
Goshen,2022,town,83229142.0,132520815.0,22.03,62.7,13.8,99,2022-comparison-of-full-value-tax-rates-ranking-order.pdf
Goshen,2023,town,85175571.0,146301763.0,21.57,58.2,12.52,78,2023-comparison-of-full-value-tax-rates-ranking-order.pdf
Goshen,2024,town,85329277.0,157962507.0,23.32,54.0,12.56,85,2024-comparison-of-full-value-tax-rates-ranking-order.pdf
Grafton,2019,town,117663108.0,138317565.0,31.77,85.0,26.93,203,2019-comparison-of-full-value-tax-rates-ranking-order.pdf
Grafton,2020,town,141364909.0,140807508.0,26.85,100.4,26.86,211,2020-comparison-of-full-value-tax-rates-ranking-order.pdf
Grafton,2021,town,141551894.0,173328394.0,25.88,81.5,21.04,206,2021-comparison-of-full-value-tax-rates-ranking-order.pdf
Grafton,2022,town,142432460.0,221075373.0,26.5,64.3,17.0,181,2022-comparison-of-full-value-tax-rates-ranking-order.pdf
Grafton,2023,town,142818832.0,231032727.0,27.3,61.8,16.8,174,2023-comparison-of-full-value-tax-rates-ranking-order.pdf
Grafton,2024,town,143280266.0,258902441.0,30.6,55.3,16.86,176,2024-comparison-of-full-value-tax-rates-ranking-order.pdf
Grantham,2019,town,469595533.0,555710225.0,25.86,84.5,21.78,135,2019-comparison-of-full-value-tax-rates-ranking-order.pdf
Grantham,2020,town,541725686.0,571415652.0,23.46,94.8,22.17,164,2020-comparison-of-full-value-tax-rates-ranking-order.pdf
Grantham,2021,town,544064165.0,706458100.0,22.92,77.0,17.6,143,2021-comparison-of-full-value-tax-rates-ranking-order.pdf
Grantham,2022,town,761261991.0,855299366.0,16.44,89.0,14.61,122,2022-comparison-of-full-value-tax-rates-ranking-order.pdf
Grantham,2023,town,767430846.0,971372471.0,17.59,79.0,13.86,97,2023-comparison-of-full-value-tax-rates-ranking-order.pdf
Grantham,2024,town,767953252.0,1049072054.0,19.61,73.2,14.32,115,2024-comparison-of-full-value-tax-rates-ranking-order.pdf
Green's Grant,2019,unincorporated,7886494.0,9185126.0,5.25,86.5,4.5,7,2019-comparison-of-full-value-tax-rates-ranking-order.pdf
Green's Grant,2020,unincorporated,8057510.0,9316633.0,5.13,87.1,4.42,5,2020-comparison-of-full-value-tax-rates-ranking-order.pdf
Green's Grant,2021,unincorporated,8085010.0,9776092.0,6.68,83.4,5.49,11,2021-comparison-of-full-value-tax-rates-ranking-order.pdf
Green's Grant,2022,unincorporated,8188910.0,11564215.0,7.59,71.3,5.39,12,2022-comparison-of-full-value-tax-rates-ranking-order.pdf
Green's Grant,2023,unincorporated,9125290.0,8694928.0,7.57,105.7,7.97,26,2023-comparison-of-full-value-tax-rates-ranking-order.pdf
Green's Grant,2024,unincorporated,9155890.0,15273703.0,6.69,60.4,4.02,7,2024-comparison-of-full-value-tax-rates-ranking-order.pdf
Greenfield,2019,town,168900207.0,178972295.0,27.27,99.8,25.63,190,2019-comparison-of-full-value-tax-rates-ranking-order.pdf
Greenfield,2020,town,170784285.0,186071388.0,27.15,96.0,24.8,201,2020-comparison-of-full-value-tax-rates-ranking-order.pdf
Greenfield,2021,town,173350426.0,228272782.0,26.8,79.5,20.2,196,2021-comparison-of-full-value-tax-rates-ranking-order.pdf
Greenfield,2022,town,183049258.0,282320505.0,30.42,65.8,19.89,212,2022-comparison-of-full-value-tax-rates-ranking-order.pdf
Greenfield,2023,town,178479393.0,312918973.0,33.9,58.9,19.82,213,2023-comparison-of-full-value-tax-rates-ranking-order.pdf
Greenfield,2024,town,319523745.0,329484428.0,22.25,99.8,22.1,218,2024-comparison-of-full-value-tax-rates-ranking-order.pdf
Greenland,2019,town,864588999.0,954307897.0,16.4,90.6,14.76,50,2019-comparison-of-full-value-tax-rates-ranking-order.pdf
Greenland,2020,town,875605800.0,1047385955.0,16.58,83.6,13.76,44,2020-comparison-of-full-value-tax-rates-ranking-order.pdf
Greenland,2021,town,883454800.0,1200327257.0,18.72,73.6,13.69,69,2021-comparison-of-full-value-tax-rates-ranking-order.pdf
Greenland,2022,town,887307165.0,1471394338.0,18.09,60.3,10.85,58,2022-comparison-of-full-value-tax-rates-ranking-order.pdf
Greenland,2023,town,1401431000.0,1453811387.0,12.27,96.4,11.77,68,2023-comparison-of-full-value-tax-rates-ranking-order.pdf
Greenland,2024,town,1417775500.0,1656203552.0,12.99,85.6,11.06,57,2024-comparison-of-full-value-tax-rates-ranking-order.pdf
Greenville,2019,town,116590681.0,119406870.0,27.39,98.9,26.6,199,2019-comparison-of-full-value-tax-rates-ranking-order.pdf
Greenville,2020,town,120660969.0,144994793.0,23.17,84.4,19.14,104,2020-comparison-of-full-value-tax-rates-ranking-order.pdf
Greenville,2021,town,120145055.0,172897335.0,25.15,70.4,17.38,137,2021-comparison-of-full-value-tax-rates-ranking-order.pdf
Greenville,2022,town,120911144.0,202580224.0,27.79,60.4,16.71,175,2022-comparison-of-full-value-tax-rates-ranking-order.pdf
Greenville,2023,town,226741430.0,225274335.0,17.48,101.7,17.71,191,2023-comparison-of-full-value-tax-rates-ranking-order.pdf
Greenville,2024,town,228384322.0,255566065.0,16.73,90.4,15.07,138,2024-comparison-of-full-value-tax-rates-ranking-order.pdf
Groton,2019,town,81894309.0,131229195.0,16.83,96.9,10.14,20,2019-comparison-of-full-value-tax-rates-ranking-order.pdf
Groton,2020,town,83743715.0,140786119.0,18.16,90.3,10.41,22,2020-comparison-of-full-value-tax-rates-ranking-order.pdf
Groton,2021,town,106714264.0,207437078.0,8.97,97.8,4.46,7,2021-comparison-of-full-value-tax-rates-ranking-order.pdf
Groton,2022,town,110192051.0,229170312.0,9.09,85.5,7.58,26,2022-comparison-of-full-value-tax-rates-ranking-order.pdf
Groton,2023,town,108657837.0,223279215.0,10.0,83.8,8.23,27,2023-comparison-of-full-value-tax-rates-ranking-order.pdf
Groton,2024,town,110511069.0,281608174.0,9.69,68.7,6.54,18,2024-comparison-of-full-value-tax-rates-ranking-order.pdf
Hadley's Purchase,2019,unincorporated,0.0,0.0,0.0,86.5,0.0,N/A,2019-comparison-of-full-value-tax-rates-ranking-order.pdf
Hadley's Purchase,2020,unincorporated,0.0,0.0,0.0,87.1,0.0,N/A,2020-comparison-of-full-value-tax-rates-ranking-order.pdf
Hadley's Purchase,2021,unincorporated,0.0,0.0,0.0,83.4,0.0,N/A,2021-comparison-of-full-value-tax-rates-ranking-order.pdf
Hadley's Purchase,2022,unincorporated,0.0,0.0,0.0,71.3,0.0,N/A,2022-comparison-of-full-value-tax-rates-ranking-order.pdf
Hadley's Purchase,2023,unincorporated,0.0,0.0,0.0,105.7,0.0,N/A,2023-comparison-of-full-value-tax-rates-ranking-order.pdf
Hadley's Purchase,2024,unincorporated,0.0,0.0,0.0,60.4,0.0,N/A,2024-comparison-of-full-value-tax-rates-ranking-order.pdf
Hale's Location,2019,unincorporated,75828600.0,81050972.0,4.18,93.6,3.9,6,2019-comparison-of-full-value-tax-rates-ranking-order.pdf
Hale's Location,2020,unincorporated,80524100.0,83743795.0,3.6,96.2,3.45,4,2020-comparison-of-full-value-tax-rates-ranking-order.pdf
Hale's Location,2021,unincorporated,81214400.0,96730763.0,3.51,84.0,2.94,4,2021-comparison-of-full-value-tax-rates-ranking-order.pdf
Hale's Location,2022,unincorporated,82052400.0,102738351.0,3.47,79.9,2.77,4,2022-comparison-of-full-value-tax-rates-ranking-order.pdf
Hale's Location,2023,unincorporated,83111500.0,118272019.0,3.88,70.3,2.72,3,2023-comparison-of-full-value-tax-rates-ranking-order.pdf
Hale's Location,2024,unincorporated,83709800.0,151701278.0,3.53,55.2,1.94,3,2024-comparison-of-full-value-tax-rates-ranking-order.pdf
Hampstead,2019,town,1338558889.0,1390644090.0,20.99,96.4,20.04,106,2019-comparison-of-full-value-tax-rates-ranking-order.pdf
Hampstead,2020,town,1343367253.0,1498144879.0,21.55,89.8,19.14,104,2020-comparison-of-full-value-tax-rates-ranking-order.pdf
Hampstead,2021,town,1351856570.0,1728882958.0,22.75,78.3,17.62,144,2021-comparison-of-full-value-tax-rates-ranking-order.pdf
Hampstead,2022,town,1366312314.0,1971323952.0,23.68,69.4,16.28,165,2022-comparison-of-full-value-tax-rates-ranking-order.pdf
Hampstead,2023,town,1377997821.0,2122559793.0,25.44,65.0,16.38,163,2023-comparison-of-full-value-tax-rates-ranking-order.pdf
Hampstead,2024,town,2099742709.0,2257818987.0,18.54,93.1,17.08,180,2024-comparison-of-full-value-tax-rates-ranking-order.pdf
Hampton,2019,town,3793066700.0,4057698779.0,16.01,93.9,14.79,51,2019-comparison-of-full-value-tax-rates-ranking-order.pdf
Hampton,2020,town,3819952623.0,4340696854.0,15.93,88.4,13.86,46,2020-comparison-of-full-value-tax-rates-ranking-order.pdf
Hampton,2021,town,3881094800.0,5147321858.0,15.84,75.4,11.8,52,2021-comparison-of-full-value-tax-rates-ranking-order.pdf
Hampton,2022,town,3951561800.0,5854150572.0,15.84,67.5,10.57,53,2022-comparison-of-full-value-tax-rates-ranking-order.pdf
Hampton,2023,town,3981506100.0,6360222126.0,16.75,62.6,10.36,53,2023-comparison-of-full-value-tax-rates-ranking-order.pdf
Hampton,2024,town,6120420200.0,6659861442.0,12.32,91.9,11.22,61,2024-comparison-of-full-value-tax-rates-ranking-order.pdf
Hampton Falls,2019,town,488908644.0,549417101.0,22.11,89.1,19.48,102,2019-comparison-of-full-value-tax-rates-ranking-order.pdf
Hampton Falls,2020,town,492375302.0,568549031.0,21.35,86.7,18.31,91,2020-comparison-of-full-value-tax-rates-ranking-order.pdf
Hampton Falls,2021,town,502053749.0,662884049.0,21.12,75.8,15.84,99,2021-comparison-of-full-value-tax-rates-ranking-order.pdf
Hampton Falls,2022,town,507386816.0,782419307.0,20.99,64.9,13.51,92,2022-comparison-of-full-value-tax-rates-ranking-order.pdf
Hampton Falls,2023,town,878276187.0,896190140.0,12.95,98.0,12.63,79,2023-comparison-of-full-value-tax-rates-ranking-order.pdf
Hampton Falls,2024,town,880240835.0,981522586.0,14.32,89.7,12.79,88,2024-comparison-of-full-value-tax-rates-ranking-order.pdf
Hancock,2019,town,250355841.0,282972606.0,24.6,89.1,21.69,132,2019-comparison-of-full-value-tax-rates-ranking-order.pdf
Hancock,2020,town,251668278.0,296668640.0,26.22,85.4,22.12,162,2020-comparison-of-full-value-tax-rates-ranking-order.pdf
Hancock,2021,town,294800306.0,323312139.0,21.96,91.8,19.91,189,2021-comparison-of-full-value-tax-rates-ranking-order.pdf
Hancock,2022,town,298380372.0,417563199.0,21.81,71.9,15.61,144,2022-comparison-of-full-value-tax-rates-ranking-order.pdf
Hancock,2023,town,301481928.0,424837131.0,24.15,71.4,17.13,181,2023-comparison-of-full-value-tax-rates-ranking-order.pdf
Hancock,2024,town,303610865.0,513028888.0,25.11,59.5,14.84,128,2024-comparison-of-full-value-tax-rates-ranking-order.pdf
Hanover,2019,town,2286110080.0,2525982954.0,18.45,90.6,16.68,63,2019-comparison-of-full-value-tax-rates-ranking-order.pdf
Hanover,2020,town,2301551395.0,2800581070.0,18.68,82.2,15.34,60,2020-comparison-of-full-value-tax-rates-ranking-order.pdf
Hanover,2021,town,2679653219.0,2870474277.0,16.27,93.4,15.15,83,2021-comparison-of-full-value-tax-rates-ranking-order.pdf
Hanover,2022,town,2705800844.0,3618874000.0,16.41,74.8,12.26,74,2022-comparison-of-full-value-tax-rates-ranking-order.pdf
Hanover,2023,town,2723159787.0,3948130444.0,17.06,69.0,11.76,67,2023-comparison-of-full-value-tax-rates-ranking-order.pdf
Hanover,2024,town,2736203395.0,4372617585.0,17.68,62.6,11.06,57,2024-comparison-of-full-value-tax-rates-ranking-order.pdf
Harrisville,2019,town,206669695.0,219299435.0,17.4,94.3,16.38,59,2019-comparison-of-full-value-tax-rates-ranking-order.pdf
Harrisville,2020,town,207786836.0,246017385.0,17.68,84.5,14.91,55,2020-comparison-of-full-value-tax-rates-ranking-order.pdf
Harrisville,2021,town,209008521.0,322601375.0,17.61,64.8,11.39,49,2021-comparison-of-full-value-tax-rates-ranking-order.pdf
Harrisville,2022,town,209114434.0,356446538.0,18.6,58.7,10.91,60,2022-comparison-of-full-value-tax-rates-ranking-order.pdf
Harrisville,2023,town,346509785.0,338984495.0,12.56,102.3,12.84,81,2023-comparison-of-full-value-tax-rates-ranking-order.pdf
Harrisville,2024,town,350084516.0,376247143.0,12.04,93.1,11.2,60,2024-comparison-of-full-value-tax-rates-ranking-order.pdf
Hart's Location,2019,town,16816271.0,19315395.0,4.0,88.6,3.45,5,2019-comparison-of-full-value-tax-rates-ranking-order.pdf
Hart's Location,2020,town,20706153.0,21746654.0,7.0,96.6,6.62,10,2020-comparison-of-full-value-tax-rates-ranking-order.pdf
Hart's Location,2021,town,20988093.0,24365706.0,9.93,87.4,8.51,24,2021-comparison-of-full-value-tax-rates-ranking-order.pdf
Hart's Location,2022,town,21096407.0,24466114.0,4.19,87.4,3.63,7,2022-comparison-of-full-value-tax-rates-ranking-order.pdf
Hart's Location,2023,town,21158956.0,24537685.0,0.51,87.4,0.4,1,2023-comparison-of-full-value-tax-rates-ranking-order.pdf
Hart's Location,2024,town,21405197.0,25223383.0,2.81,86.0,2.37,4,2024-comparison-of-full-value-tax-rates-ranking-order.pdf
Haverhill,2019,town,346334871.0,384640648.0,30.3,90.1,27.08,204,2019-comparison-of-full-value-tax-rates-ranking-order.pdf
Haverhill,2020,town,348557801.0,401030357.0,28.41,87.0,24.5,197,2020-comparison-of-full-value-tax-rates-ranking-order.pdf
Haverhill,2021,town,413782233.0,463292553.0,24.89,89.6,22.09,216,2021-comparison-of-full-value-tax-rates-ranking-order.pdf
Haverhill,2022,town,417532934.0,618901562.0,25.19,67.6,16.98,180,2022-comparison-of-full-value-tax-rates-ranking-order.pdf
Haverhill,2023,town,410506823.0,711242643.0,28.92,57.9,16.69,170,2023-comparison-of-full-value-tax-rates-ranking-order.pdf
Haverhill,2024,town,704980962.0,747491598.0,19.44,94.6,18.34,194,2024-comparison-of-full-value-tax-rates-ranking-order.pdf
Hebron,2019,town,264874060.0,320159924.0,9.69,84.3,7.98,14,2019-comparison-of-full-value-tax-rates-ranking-order.pdf
Hebron,2020,town,268527765.0,311407972.0,9.6,88.3,8.24,14,2020-comparison-of-full-value-tax-rates-ranking-order.pdf
Hebron,2021,town,400512067.0,415788143.0,6.52,98.5,6.26,15,2021-comparison-of-full-value-tax-rates-ranking-order.pdf
Hebron,2022,town,405148661.0,447070403.0,6.83,92.4,6.3,16,2022-comparison-of-full-value-tax-rates-ranking-order.pdf
Hebron,2023,town,408647491.0,576237764.0,6.38,72.7,4.62,8,2023-comparison-of-full-value-tax-rates-ranking-order.pdf
Hebron,2024,town,413357466.0,666619186.0,6.99,63.2,4.41,8,2024-comparison-of-full-value-tax-rates-ranking-order.pdf
Henniker,2019,town,407955887.0,493668123.0,35.34,83.2,28.68,217,2019-comparison-of-full-value-tax-rates-ranking-order.pdf
Henniker,2020,town,479769143.0,524799011.0,31.24,92.0,28.04,218,2020-comparison-of-full-value-tax-rates-ranking-order.pdf
Henniker,2021,town,482757197.0,657499651.0,32.56,73.8,23.5,225,2021-comparison-of-full-value-tax-rates-ranking-order.pdf
Henniker,2022,town,731855457.0,745753630.0,21.44,98.7,20.9,220,2022-comparison-of-full-value-tax-rates-ranking-order.pdf
Henniker,2023,town,744784186.0,813163930.0,22.38,92.0,20.37,216,2023-comparison-of-full-value-tax-rates-ranking-order.pdf
Henniker,2024,town,753826574.0,879140612.0,23.9,86.1,20.34,208,2024-comparison-of-full-value-tax-rates-ranking-order.pdf
Hill,2019,town,93049183.0,97555735.0,25.41,97.0,24.16,174,2019-comparison-of-full-value-tax-rates-ranking-order.pdf
Hill,2020,town,94630552.0,110615781.0,25.69,86.9,21.88,157,2020-comparison-of-full-value-tax-rates-ranking-order.pdf
Hill,2021,town,95518279.0,126305391.0,25.65,76.6,19.32,178,2021-comparison-of-full-value-tax-rates-ranking-order.pdf
Hill,2022,town,96126259.0,158458145.0,26.03,61.4,15.96,155,2022-comparison-of-full-value-tax-rates-ranking-order.pdf
Hill,2023,town,96113305.0,182117002.0,28.24,53.4,15.04,129,2023-comparison-of-full-value-tax-rates-ranking-order.pdf
Hill,2024,town,203365970.0,201869063.0,13.46,102.0,13.68,101,2024-comparison-of-full-value-tax-rates-ranking-order.pdf
Hillsborough,2019,town,522122031.0,600220539.0,31.56,87.0,27.19,205,2019-comparison-of-full-value-tax-rates-ranking-order.pdf
Hillsborough,2020,town,597598515.0,617496186.0,28.73,96.8,27.56,217,2020-comparison-of-full-value-tax-rates-ranking-order.pdf
Hillsborough,2021,town,605401180.0,794346079.0,28.92,76.2,21.84,212,2021-comparison-of-full-value-tax-rates-ranking-order.pdf
Hillsborough,2022,town,602409549.0,897800082.0,26.69,67.1,17.78,195,2022-comparison-of-full-value-tax-rates-ranking-order.pdf
Hillsborough,2023,town,603029157.0,1011875479.0,31.22,59.6,18.46,199,2023-comparison-of-full-value-tax-rates-ranking-order.pdf
Hillsborough,2024,town,605057258.0,1141697614.0,33.44,53.0,17.58,186,2024-comparison-of-full-value-tax-rates-ranking-order.pdf
Hinsdale,2019,town,338832842.0,402362648.0,34.07,84.2,27.95,210,2019-comparison-of-full-value-tax-rates-ranking-order.pdf
Hinsdale,2020,town,347389864.0,401669577.0,34.15,86.5,28.77,221,2020-comparison-of-full-value-tax-rates-ranking-order.pdf
Hinsdale,2021,town,352612232.0,507913972.0,32.65,69.4,22.05,215,2021-comparison-of-full-value-tax-rates-ranking-order.pdf
Hinsdale,2022,town,440817162.0,529714714.0,27.98,83.2,22.97,229,2022-comparison-of-full-value-tax-rates-ranking-order.pdf
Hinsdale,2023,town,442964471.0,535018525.0,28.06,82.8,22.78,223,2023-comparison-of-full-value-tax-rates-ranking-order.pdf
Hinsdale,2024,town,442142860.0,595005772.0,29.39,74.3,21.47,215,2024-comparison-of-full-value-tax-rates-ranking-order.pdf
Holderness,2019,town,756914454.0,859052706.0,13.17,88.1,11.56,26,2019-comparison-of-full-value-tax-rates-ranking-order.pdf
Holderness,2020,town,760099514.0,1026957421.0,13.58,74.0,10.01,20,2020-comparison-of-full-value-tax-rates-ranking-order.pdf
Holderness,2021,town,976339156.0,1081105979.0,11.31,90.3,10.18,36,2021-comparison-of-full-value-tax-rates-ranking-order.pdf
Holderness,2022,town,979545635.0,1328865779.0,11.22,73.7,8.24,33,2022-comparison-of-full-value-tax-rates-ranking-order.pdf
Holderness,2023,town,1395282520.0,1422284631.0,8.59,98.1,8.39,28,2023-comparison-of-full-value-tax-rates-ranking-order.pdf
Holderness,2024,town,1417814770.0,1897636307.0,8.65,74.7,6.42,16,2024-comparison-of-full-value-tax-rates-ranking-order.pdf
Hollis,2019,town,1370754864.0,1554092744.0,23.1,88.2,20.22,112,2019-comparison-of-full-value-tax-rates-ranking-order.pdf
Hollis,2020,town,1396599543.0,1605275213.0,23.18,87.0,20.02,121,2020-comparison-of-full-value-tax-rates-ranking-order.pdf
Hollis,2021,town,1424960319.0,1970705675.0,22.7,72.3,16.3,110,2021-comparison-of-full-value-tax-rates-ranking-order.pdf
Hollis,2022,town,1458199861.0,2347987742.0,22.57,62.1,13.93,105,2022-comparison-of-full-value-tax-rates-ranking-order.pdf
Hollis,2023,town,2304667789.0,2510457024.0,16.66,91.8,15.22,132,2023-comparison-of-full-value-tax-rates-ranking-order.pdf
Hollis,2024,town,2325855286.0,2822539225.0,17.73,82.4,14.5,117,2024-comparison-of-full-value-tax-rates-ranking-order.pdf
Hooksett,2019,town,2069214564.0,2466340975.0,21.55,83.9,17.64,73,2019-comparison-of-full-value-tax-rates-ranking-order.pdf
Hooksett,2020,town,2083704726.0,2378786948.0,22.51,87.6,19.28,109,2020-comparison-of-full-value-tax-rates-ranking-order.pdf
Hooksett,2021,town,2077826376.0,2770520004.0,22.22,75.0,16.39,114,2021-comparison-of-full-value-tax-rates-ranking-order.pdf
Hooksett,2022,town,2103845584.0,3116885746.0,24.05,67.5,16.01,157,2022-comparison-of-full-value-tax-rates-ranking-order.pdf
Hooksett,2023,town,3230060417.0,3302845391.0,15.98,97.8,15.28,133,2023-comparison-of-full-value-tax-rates-ranking-order.pdf
Hooksett,2024,town,3247172893.0,3698491946.0,16.96,87.9,14.59,122,2024-comparison-of-full-value-tax-rates-ranking-order.pdf
Hopkinton,2019,town,786955671.0,817155489.0,29.12,97.9,27.62,208,2019-comparison-of-full-value-tax-rates-ranking-order.pdf
Hopkinton,2020,town,794440292.0,867408150.0,29.25,93.0,26.26,209,2020-comparison-of-full-value-tax-rates-ranking-order.pdf
Hopkinton,2021,town,803532606.0,1007373582.0,30.87,80.7,24.1,227,2021-comparison-of-full-value-tax-rates-ranking-order.pdf
Hopkinton,2022,town,805763828.0,1173487939.0,32.25,69.4,21.94,226,2022-comparison-of-full-value-tax-rates-ranking-order.pdf
Hopkinton,2023,town,810562367.0,1308589819.0,35.02,62.6,21.45,220,2023-comparison-of-full-value-tax-rates-ranking-order.pdf
Hopkinton,2024,town,1445822564.0,1451916855.0,21.89,100.4,21.18,212,2024-comparison-of-full-value-tax-rates-ranking-order.pdf
Hudson,2019,town,3165897567.0,3610615802.0,20.28,87.7,17.49,70,2019-comparison-of-full-value-tax-rates-ranking-order.pdf
Hudson,2020,town,3215986929.0,3975971611.0,21.37,80.9,17.0,71,2020-comparison-of-full-value-tax-rates-ranking-order.pdf
Hudson,2021,town,3254648120.0,4453139078.0,21.67,73.1,15.6,93,2021-comparison-of-full-value-tax-rates-ranking-order.pdf
Hudson,2022,town,4799117501.0,5117302853.0,14.69,93.8,13.65,94,2022-comparison-of-full-value-tax-rates-ranking-order.pdf
Hudson,2023,town,4960512056.0,5722184641.0,15.68,86.7,13.46,87,2023-comparison-of-full-value-tax-rates-ranking-order.pdf
Hudson,2024,town,5057101711.0,6213444156.0,16.45,81.4,13.24,93,2024-comparison-of-full-value-tax-rates-ranking-order.pdf
Jackson,2019,town,460108729.0,475735649.0,11.26,96.9,10.87,22,2019-comparison-of-full-value-tax-rates-ranking-order.pdf
Jackson,2020,town,466160986.0,507078582.0,10.99,92.1,10.09,21,2020-comparison-of-full-value-tax-rates-ranking-order.pdf
Jackson,2021,town,473532439.0,631597360.0,11.26,75.1,8.43,22,2021-comparison-of-full-value-tax-rates-ranking-order.pdf
Jackson,2022,town,480594105.0,724807675.0,10.9,66.4,7.23,22,2022-comparison-of-full-value-tax-rates-ranking-order.pdf
Jackson,2023,town,487033181.0,809929414.0,12.36,60.2,7.43,19,2023-comparison-of-full-value-tax-rates-ranking-order.pdf
Jackson,2024,town,846579937.0,886510933.0,6.75,95.6,6.44,17,2024-comparison-of-full-value-tax-rates-ranking-order.pdf
Jaffrey,2019,town,428291780.0,536749754.0,34.8,79.8,26.64,200,2019-comparison-of-full-value-tax-rates-ranking-order.pdf
Jaffrey,2020,town,545260565.0,586219751.0,27.53,93.0,24.42,195,2020-comparison-of-full-value-tax-rates-ranking-order.pdf
Jaffrey,2021,town,551426677.0,734944087.0,27.89,75.0,19.96,192,2021-comparison-of-full-value-tax-rates-ranking-order.pdf
Jaffrey,2022,town,555748372.0,876345790.0,30.98,63.4,18.76,202,2022-comparison-of-full-value-tax-rates-ranking-order.pdf
Jaffrey,2023,town,559775405.0,980178825.0,33.35,57.1,18.15,196,2023-comparison-of-full-value-tax-rates-ranking-order.pdf
Jaffrey,2024,town,563034742.0,1048388875.0,32.8,53.7,16.77,175,2024-comparison-of-full-value-tax-rates-ranking-order.pdf
Jefferson,2019,town,129256071.0,149239396.0,21.99,87.0,18.87,93,2019-comparison-of-full-value-tax-rates-ranking-order.pdf
Jefferson,2020,town,130475970.0,166049374.0,22.55,78.9,17.56,78,2020-comparison-of-full-value-tax-rates-ranking-order.pdf
Jefferson,2021,town,164156619.0,174804444.0,17.82,94.0,16.62,120,2021-comparison-of-full-value-tax-rates-ranking-order.pdf
Jefferson,2022,town,164412759.0,201090356.0,18.56,81.8,15.1,134,2022-comparison-of-full-value-tax-rates-ranking-order.pdf
Jefferson,2023,town,165164793.0,248392434.0,17.94,66.5,11.86,69,2023-comparison-of-full-value-tax-rates-ranking-order.pdf
Jefferson,2024,town,165549711.0,262994953.0,19.99,63.0,12.52,83,2024-comparison-of-full-value-tax-rates-ranking-order.pdf
Keene,2019,city,1862926070.0,1992795421.0,37.6,95.0,34.17,225,2019-comparison-of-full-value-tax-rates-ranking-order.pdf
Keene,2020,city,1893148080.0,2181146207.0,37.28,88.2,31.52,226,2020-comparison-of-full-value-tax-rates-ranking-order.pdf
Keene,2021,city,2253023420.0,2430594340.0,31.28,94.2,28.25,233,2021-comparison-of-full-value-tax-rates-ranking-order.pdf
Keene,2022,city,2269431500.0,2836839865.0,31.03,81.3,24.61,231,2022-comparison-of-full-value-tax-rates-ranking-order.pdf
Keene,2023,city,2281938657.0,3158132311.0,31.89,73.4,22.87,225,2023-comparison-of-full-value-tax-rates-ranking-order.pdf
Keene,2024,city,2304848831.0,3502617450.0,33.07,66.8,21.6,217,2024-comparison-of-full-value-tax-rates-ranking-order.pdf
Kensington,2019,town,394890436.0,415210258.0,19.46,95.1,18.27,80,2019-comparison-of-full-value-tax-rates-ranking-order.pdf
Kensington,2020,town,396060116.0,450521543.0,20.55,87.9,17.83,83,2020-comparison-of-full-value-tax-rates-ranking-order.pdf
Kensington,2021,town,404786901.0,519527957.0,18.72,77.9,14.36,74,2021-comparison-of-full-value-tax-rates-ranking-order.pdf
Kensington,2022,town,408271760.0,598536462.0,19.86,68.2,13.36,90,2022-comparison-of-full-value-tax-rates-ranking-order.pdf
Kensington,2023,town,683642820.0,678222869.0,13.15,100.8,13.14,85,2023-comparison-of-full-value-tax-rates-ranking-order.pdf
Kensington,2024,town,691276772.0,713362325.0,13.21,96.9,12.68,87,2024-comparison-of-full-value-tax-rates-ranking-order.pdf
Kilkenny,2019,unincorporated,11199.0,12947.0,0.0,86.5,0.0,N/A,2019-comparison-of-full-value-tax-rates-ranking-order.pdf
Kilkenny,2020,unincorporated,19000.0,21814.0,0.0,87.1,0.0,N/A,2020-comparison-of-full-value-tax-rates-ranking-order.pdf
Kilkenny,2021,unincorporated,26000.0,31175.0,0.0,83.4,0.0,N/A,2021-comparison-of-full-value-tax-rates-ranking-order.pdf
Kilkenny,2022,unincorporated,25100.0,35203.0,0.0,71.3,0.0,N/A,2022-comparison-of-full-value-tax-rates-ranking-order.pdf
Kilkenny,2023,unincorporated,33500.0,31693.0,0.0,105.7,0.0,N/A,2023-comparison-of-full-value-tax-rates-ranking-order.pdf
Kilkenny,2024,unincorporated,36600.0,60596.0,0.0,60.4,0.0,N/A,2024-comparison-of-full-value-tax-rates-ranking-order.pdf
Kingston,2019,town,849085329.0,916941662.0,22.0,92.6,20.18,109,2019-comparison-of-full-value-tax-rates-ranking-order.pdf
Kingston,2020,town,853617794.0,998383606.0,20.88,85.5,17.68,80,2020-comparison-of-full-value-tax-rates-ranking-order.pdf
Kingston,2021,town,863772238.0,1151688253.0,21.28,75.0,15.81,98,2021-comparison-of-full-value-tax-rates-ranking-order.pdf
Kingston,2022,town,872141353.0,1402112423.0,22.71,62.2,14.02,109,2022-comparison-of-full-value-tax-rates-ranking-order.pdf
Kingston,2023,town,1369560246.0,1449284138.0,15.78,94.5,14.82,120,2023-comparison-of-full-value-tax-rates-ranking-order.pdf
Kingston,2024,town,1391170426.0,1523871630.0,16.61,91.3,15.01,133,2024-comparison-of-full-value-tax-rates-ranking-order.pdf
Laconia,2019,city,2286284164.0,2555416889.0,20.59,90.2,18.06,77,2019-comparison-of-full-value-tax-rates-ranking-order.pdf
Laconia,2020,city,2405661491.0,2732379185.0,19.72,88.8,17.16,74,2020-comparison-of-full-value-tax-rates-ranking-order.pdf
Laconia,2021,city,2595815863.0,3316220628.0,18.86,79.0,14.57,79,2021-comparison-of-full-value-tax-rates-ranking-order.pdf
Laconia,2022,city,3479601113.0,4152773343.0,14.85,84.5,12.4,76,2022-comparison-of-full-value-tax-rates-ranking-order.pdf
Laconia,2023,city,4007966974.0,4763493256.0,13.91,84.8,11.64,66,2023-comparison-of-full-value-tax-rates-ranking-order.pdf
Laconia,2024,city,4464657531.0,5091989954.0,13.63,88.3,11.88,71,2024-comparison-of-full-value-tax-rates-ranking-order.pdf
Lancaster,2019,town,276020642.0,298621783.0,24.9,93.4,22.88,158,2019-comparison-of-full-value-tax-rates-ranking-order.pdf
Lancaster,2020,town,279711139.0,298051731.0,24.74,94.9,23.07,175,2020-comparison-of-full-value-tax-rates-ranking-order.pdf
Lancaster,2021,town,282816032.0,387578319.0,26.19,73.6,19.0,174,2021-comparison-of-full-value-tax-rates-ranking-order.pdf
Lancaster,2022,town,284973228.0,424745700.0,24.29,67.8,16.4,169,2022-comparison-of-full-value-tax-rates-ranking-order.pdf
Lancaster,2023,town,445492667.0,459958051.0,17.31,97.8,16.84,175,2023-comparison-of-full-value-tax-rates-ranking-order.pdf
Lancaster,2024,town,450736614.0,542522426.0,19.18,83.8,16.0,161,2024-comparison-of-full-value-tax-rates-ranking-order.pdf
Landaff,2019,town,50720789.0,56289603.0,22.47,90.2,20.19,110,2019-comparison-of-full-value-tax-rates-ranking-order.pdf
Landaff,2020,town,51335582.0,55470241.0,23.14,92.8,21.34,149,2020-comparison-of-full-value-tax-rates-ranking-order.pdf
Landaff,2021,town,60387413.0,61428980.0,18.49,98.5,18.12,160,2021-comparison-of-full-value-tax-rates-ranking-order.pdf
Landaff,2022,town,60455778.0,83471838.0,22.73,72.3,16.47,170,2022-comparison-of-full-value-tax-rates-ranking-order.pdf
Landaff,2023,town,60502649.0,138180340.0,22.0,43.6,9.63,43,2023-comparison-of-full-value-tax-rates-ranking-order.pdf
Landaff,2024,town,60796298.0,102645646.0,25.87,59.5,15.32,143,2024-comparison-of-full-value-tax-rates-ranking-order.pdf
Langdon,2019,town,57445871.0,61442357.0,27.8,93.5,25.83,192,2019-comparison-of-full-value-tax-rates-ranking-order.pdf
Langdon,2020,town,58340852.0,71038054.0,26.94,82.0,21.99,159,2020-comparison-of-full-value-tax-rates-ranking-order.pdf
Langdon,2021,town,73535082.0,75335509.0,21.89,97.6,21.26,210,2021-comparison-of-full-value-tax-rates-ranking-order.pdf
Langdon,2022,town,75857098.0,85064876.0,22.42,89.1,19.92,213,2022-comparison-of-full-value-tax-rates-ranking-order.pdf
Langdon,2023,town,78283085.0,114672616.0,22.11,68.1,15.02,128,2023-comparison-of-full-value-tax-rates-ranking-order.pdf
Langdon,2024,town,77433129.0,116259783.0,28.12,66.6,18.66,198,2024-comparison-of-full-value-tax-rates-ranking-order.pdf
Lebanon,2019,city,1924729556.0,2514260093.0,30.37,79.0,23.07,160,2019-comparison-of-full-value-tax-rates-ranking-order.pdf
Lebanon,2020,city,2262057477.0,2535942242.0,27.09,91.9,23.82,188,2020-comparison-of-full-value-tax-rates-ranking-order.pdf
Lebanon,2021,city,2304385724.0,2886260516.0,26.98,82.2,21.24,209,2021-comparison-of-full-value-tax-rates-ranking-order.pdf
Lebanon,2022,city,2786784004.0,3331429382.0,23.04,86.1,19.44,210,2022-comparison-of-full-value-tax-rates-ranking-order.pdf
Lebanon,2023,city,2794107539.0,3574473518.0,24.28,80.4,19.12,208,2023-comparison-of-full-value-tax-rates-ranking-order.pdf
Lebanon,2024,city,2780468345.0,3938963591.0,26.28,72.9,18.75,199,2024-comparison-of-full-value-tax-rates-ranking-order.pdf
Lee,2019,town,466894155.0,603422994.0,31.49,77.4,23.89,171,2019-comparison-of-full-value-tax-rates-ranking-order.pdf
Lee,2020,town,474638336.0,659412759.0,31.86,72.0,22.51,169,2020-comparison-of-full-value-tax-rates-ranking-order.pdf
Lee,2021,town,738971151.0,765244402.0,21.77,96.6,20.73,202,2021-comparison-of-full-value-tax-rates-ranking-order.pdf
Lee,2022,town,746694980.0,926583074.0,21.72,80.6,17.24,187,2022-comparison-of-full-value-tax-rates-ranking-order.pdf
Lee,2023,town,742779616.0,1037459517.0,23.63,71.6,16.69,170,2023-comparison-of-full-value-tax-rates-ranking-order.pdf
Lee,2024,town,746347621.0,1028205671.0,25.77,72.6,18.44,197,2024-comparison-of-full-value-tax-rates-ranking-order.pdf
Lempster,2019,town,110335129.0,156269040.0,27.31,88.4,19.19,98,2019-comparison-of-full-value-tax-rates-ranking-order.pdf
Lempster,2020,town,126678369.0,153707918.0,24.84,101.3,20.37,129,2020-comparison-of-full-value-tax-rates-ranking-order.pdf
Lempster,2021,town,128087703.0,198583909.0,23.76,79.7,15.24,85,2021-comparison-of-full-value-tax-rates-ranking-order.pdf
Lempster,2022,town,130365710.0,251907362.0,23.65,62.1,14.64,123,2022-comparison-of-full-value-tax-rates-ranking-order.pdf
Lempster,2023,town,128535587.0,257777317.0,27.11,58.6,15.83,148,2023-comparison-of-full-value-tax-rates-ranking-order.pdf
Lempster,2024,town,133359238.0,281546138.0,28.86,54.0,15.51,148,2024-comparison-of-full-value-tax-rates-ranking-order.pdf
Lincoln,2019,town,851531664.0,1040831599.0,14.58,82.0,11.86,27,2019-comparison-of-full-value-tax-rates-ranking-order.pdf
Lincoln,2020,town,854664109.0,1148101483.0,15.45,74.6,11.44,27,2020-comparison-of-full-value-tax-rates-ranking-order.pdf
Lincoln,2021,town,1251370024.0,1288529539.0,10.54,97.3,10.2,37,2021-comparison-of-full-value-tax-rates-ranking-order.pdf
Lincoln,2022,town,1258798024.0,1876665499.0,10.55,67.2,7.07,21,2022-comparison-of-full-value-tax-rates-ranking-order.pdf
Lincoln,2023,town,1276685574.0,2032460848.0,11.68,62.9,7.33,18,2023-comparison-of-full-value-tax-rates-ranking-order.pdf
Lincoln,2024,town,1320660324.0,2095327806.0,11.68,63.1,7.35,22,2024-comparison-of-full-value-tax-rates-ranking-order.pdf
Lisbon,2019,town,118207984.0,120471035.0,30.67,98.1,29.92,220,2019-comparison-of-full-value-tax-rates-ranking-order.pdf
Lisbon,2020,town,120224496.0,136306615.0,33.92,88.1,29.72,222,2020-comparison-of-full-value-tax-rates-ranking-order.pdf
Lisbon,2021,town,120837118.0,187932903.0,32.43,64.1,20.7,201,2021-comparison-of-full-value-tax-rates-ranking-order.pdf
Lisbon,2022,town,120333422.0,167790359.0,34.28,71.8,24.4,230,2022-comparison-of-full-value-tax-rates-ranking-order.pdf
Lisbon,2023,town,121681485.0,225214797.0,34.26,53.9,18.34,197,2023-comparison-of-full-value-tax-rates-ranking-order.pdf
Lisbon,2024,town,229194194.0,242704911.0,19.98,94.4,18.77,200,2024-comparison-of-full-value-tax-rates-ranking-order.pdf
Litchfield,2019,town,918017317.0,1115576791.0,23.65,82.4,19.29,100,2019-comparison-of-full-value-tax-rates-ranking-order.pdf
Litchfield,2020,town,1177674941.0,1202132411.0,18.58,98.1,18.04,88,2020-comparison-of-full-value-tax-rates-ranking-order.pdf
Litchfield,2021,town,1215624089.0,1452191067.0,18.44,83.8,15.28,87,2021-comparison-of-full-value-tax-rates-ranking-order.pdf
Litchfield,2022,town,1217797795.0,1667723488.0,19.03,73.1,13.79,98,2022-comparison-of-full-value-tax-rates-ranking-order.pdf
Litchfield,2023,town,1217200292.0,1711261208.0,20.94,71.2,14.78,117,2023-comparison-of-full-value-tax-rates-ranking-order.pdf
Litchfield,2024,town,1230631320.0,1898061434.0,20.78,64.9,13.37,95,2024-comparison-of-full-value-tax-rates-ranking-order.pdf
Littleton,2019,town,645224898.0,922401875.0,23.1,91.4,15.89,54,2019-comparison-of-full-value-tax-rates-ranking-order.pdf
Littleton,2020,town,752079458.0,1013715697.0,21.65,94.8,15.85,62,2020-comparison-of-full-value-tax-rates-ranking-order.pdf
Littleton,2021,town,741371526.0,1161407411.0,23.06,81.2,14.49,78,2021-comparison-of-full-value-tax-rates-ranking-order.pdf
Littleton,2022,town,724578233.0,1443679148.0,23.06,63.8,14.53,119,2022-comparison-of-full-value-tax-rates-ranking-order.pdf
Littleton,2023,town,730964266.0,1540639977.0,22.54,60.6,13.48,88,2023-comparison-of-full-value-tax-rates-ranking-order.pdf
Littleton,2024,town,875693086.0,1577577858.0,24.94,55.9,13.63,99,2024-comparison-of-full-value-tax-rates-ranking-order.pdf
Livermore,2019,unincorporated,136600.0,136600.0,0.0,100.0,0.0,N/A,2019-comparison-of-full-value-tax-rates-ranking-order.pdf
Livermore,2020,unincorporated,136600.0,136600.0,0.0,100.0,0.0,N/A,2020-comparison-of-full-value-tax-rates-ranking-order.pdf
Livermore,2021,unincorporated,136600.0,136600.0,0.0,100.0,0.0,N/A,2021-comparison-of-full-value-tax-rates-ranking-order.pdf
Livermore,2022,unincorporated,136600.0,136600.0,0.0,100.0,0.0,N/A,2022-comparison-of-full-value-tax-rates-ranking-order.pdf
Livermore,2023,unincorporated,189600.0,189600.0,0.0,100.0,0.0,N/A,2023-comparison-of-full-value-tax-rates-ranking-order.pdf
Livermore,2024,unincorporated,189600.0,189600.0,0.0,100.0,0.0,N/A,2024-comparison-of-full-value-tax-rates-ranking-order.pdf
Londonderry,2019,town,4670184650.0,4816326189.0,19.39,97.7,18.39,84,2019-comparison-of-full-value-tax-rates-ranking-order.pdf
Londonderry,2020,town,4693011172.0,5150058410.0,20.11,91.8,17.92,86,2020-comparison-of-full-value-tax-rates-ranking-order.pdf
Londonderry,2021,town,5122325821.0,5591606381.0,18.38,92.3,16.55,117,2021-comparison-of-full-value-tax-rates-ranking-order.pdf
Londonderry,2022,town,5172651485.0,7149120732.0,18.48,72.9,13.27,88,2022-comparison-of-full-value-tax-rates-ranking-order.pdf
Londonderry,2023,town,6356712176.0,7091917874.0,15.65,90.3,13.92,98,2023-comparison-of-full-value-tax-rates-ranking-order.pdf
Londonderry,2024,town,6437647763.0,7522892794.0,16.14,86.3,13.72,103,2024-comparison-of-full-value-tax-rates-ranking-order.pdf
Loudon,2019,town,572045229.0,693320024.0,22.98,83.1,18.77,91,2019-comparison-of-full-value-tax-rates-ranking-order.pdf
Loudon,2020,town,575259971.0,716959843.0,22.99,80.9,18.27,90,2020-comparison-of-full-value-tax-rates-ranking-order.pdf
Loudon,2021,town,710515483.0,784518605.0,19.2,91.2,17.25,131,2021-comparison-of-full-value-tax-rates-ranking-order.pdf
Loudon,2022,town,721953950.0,1024286267.0,18.55,71.0,13.09,84,2022-comparison-of-full-value-tax-rates-ranking-order.pdf
Loudon,2023,town,724827432.0,1018037734.0,20.84,71.7,14.84,121,2023-comparison-of-full-value-tax-rates-ranking-order.pdf
Loudon,2024,town,729104703.0,1264552232.0,23.25,58.0,13.4,96,2024-comparison-of-full-value-tax-rates-ranking-order.pdf
Low & Burbank's Grant,2019,unincorporated,0.0,0.0,0.0,86.5,0.0,N/A,2019-comparison-of-full-value-tax-rates-ranking-order.pdf
Low & Burbank's Grant,2020,unincorporated,0.0,0.0,0.0,87.1,0.0,N/A,2020-comparison-of-full-value-tax-rates-ranking-order.pdf
Low & Burbank's Grant,2021,unincorporated,0.0,0.0,0.0,83.4,0.0,N/A,2021-comparison-of-full-value-tax-rates-ranking-order.pdf
Low & Burbank's Grant,2022,unincorporated,0.0,0.0,0.0,71.3,0.0,N/A,2022-comparison-of-full-value-tax-rates-ranking-order.pdf
Low & Burbank's Grant,2023,unincorporated,0.0,0.0,0.0,105.7,0.0,N/A,2023-comparison-of-full-value-tax-rates-ranking-order.pdf
Low & Burbank's Grant,2024,unincorporated,0.0,0.0,0.0,60.4,0.0,N/A,2024-comparison-of-full-value-tax-rates-ranking-order.pdf
Lyman,2019,town,59655524.0,75898375.0,24.13,78.4,18.86,92,2019-comparison-of-full-value-tax-rates-ranking-order.pdf
Lyman,2020,town,75044915.0,77171041.0,21.42,97.2,20.71,137,2020-comparison-of-full-value-tax-rates-ranking-order.pdf
Lyman,2021,town,76094234.0,98104171.0,19.22,77.3,14.81,80,2021-comparison-of-full-value-tax-rates-ranking-order.pdf
Lyman,2022,town,76824404.0,107486729.0,19.45,71.4,13.83,101,2022-comparison-of-full-value-tax-rates-ranking-order.pdf
Lyman,2023,town,77302270.0,127325795.0,21.6,60.6,13.04,83,2023-comparison-of-full-value-tax-rates-ranking-order.pdf
Lyman,2024,town,77914042.0,149901246.0,21.65,51.9,11.19,59,2024-comparison-of-full-value-tax-rates-ranking-order.pdf
Lyme,2019,town,355058800.0,377098674.0,27.19,94.2,25.18,186,2019-comparison-of-full-value-tax-rates-ranking-order.pdf
Lyme,2020,town,359429300.0,401220557.0,26.66,89.6,23.5,184,2020-comparison-of-full-value-tax-rates-ranking-order.pdf
Lyme,2021,town,412543300.0,462523294.0,24.07,89.4,21.19,208,2021-comparison-of-full-value-tax-rates-ranking-order.pdf
Lyme,2022,town,417735100.0,512197408.0,23.98,81.7,19.27,208,2022-comparison-of-full-value-tax-rates-ranking-order.pdf
Lyme,2023,town,416620400.0,630970110.0,25.35,66.1,16.53,168,2023-comparison-of-full-value-tax-rates-ranking-order.pdf
Lyme,2024,town,419589800.0,619315892.0,27.5,67.9,18.36,195,2024-comparison-of-full-value-tax-rates-ranking-order.pdf
Lyndeborough,2019,town,169559380.0,219318875.0,29.14,77.2,22.45,147,2019-comparison-of-full-value-tax-rates-ranking-order.pdf
Lyndeborough,2020,town,212586187.0,224417467.0,21.34,94.7,20.15,122,2020-comparison-of-full-value-tax-rates-ranking-order.pdf
Lyndeborough,2021,town,214987197.0,262622425.0,22.1,81.8,17.98,156,2021-comparison-of-full-value-tax-rates-ranking-order.pdf
Lyndeborough,2022,town,218697397.0,287671274.0,22.1,76.0,16.69,174,2022-comparison-of-full-value-tax-rates-ranking-order.pdf
Lyndeborough,2023,town,222182598.0,327083007.0,23.77,67.9,16.04,153,2023-comparison-of-full-value-tax-rates-ranking-order.pdf
Lyndeborough,2024,town,225705282.0,390940553.0,25.86,57.7,14.84,128,2024-comparison-of-full-value-tax-rates-ranking-order.pdf
Madbury,2019,town,247076568.0,294845323.0,29.86,83.8,24.67,178,2019-comparison-of-full-value-tax-rates-ranking-order.pdf
Madbury,2020,town,298862483.0,308111883.0,25.25,97.0,24.16,193,2020-comparison-of-full-value-tax-rates-ranking-order.pdf
Madbury,2021,town,306863410.0,383968500.0,25.4,79.9,19.99,194,2021-comparison-of-full-value-tax-rates-ranking-order.pdf
Madbury,2022,town,308807286.0,450086126.0,25.27,68.6,17.08,183,2022-comparison-of-full-value-tax-rates-ranking-order.pdf
Madbury,2023,town,306746889.0,464778711.0,26.97,66.0,17.53,190,2023-comparison-of-full-value-tax-rates-ranking-order.pdf
Madbury,2024,town,311867769.0,486516161.0,29.19,64.1,18.41,196,2024-comparison-of-full-value-tax-rates-ranking-order.pdf
Madison,2019,town,486062946.0,601827914.0,18.26,80.9,14.69,49,2019-comparison-of-full-value-tax-rates-ranking-order.pdf
Madison,2020,town,588380421.0,617730687.0,15.3,95.4,14.5,51,2020-comparison-of-full-value-tax-rates-ranking-order.pdf
Madison,2021,town,598638525.0,820046748.0,13.77,73.1,9.99,34,2021-comparison-of-full-value-tax-rates-ranking-order.pdf
Madison,2022,town,600552081.0,993983458.0,15.49,60.5,9.34,42,2022-comparison-of-full-value-tax-rates-ranking-order.pdf
Madison,2023,town,606732587.0,1036958674.0,16.98,58.6,9.91,49,2023-comparison-of-full-value-tax-rates-ranking-order.pdf
Madison,2024,town,613061561.0,1185297325.0,15.77,51.8,8.14,30,2024-comparison-of-full-value-tax-rates-ranking-order.pdf
Manchester,2019,city,9250663613.0,11750583030.0,24.32,79.0,18.86,92,2019-comparison-of-full-value-tax-rates-ranking-order.pdf
Manchester,2020,city,9285499629.0,12929074115.0,24.66,72.1,17.45,76,2020-comparison-of-full-value-tax-rates-ranking-order.pdf
Manchester,2021,city,13259818209.0,14044461160.0,17.68,94.8,16.48,115,2021-comparison-of-full-value-tax-rates-ranking-order.pdf
Manchester,2022,city,13394778186.0,16537392342.0,18.24,81.3,14.66,125,2022-comparison-of-full-value-tax-rates-ranking-order.pdf
Manchester,2023,city,13431726974.0,18025313533.0,18.86,74.8,13.94,100,2023-comparison-of-full-value-tax-rates-ranking-order.pdf
Manchester,2024,city,13401719267.0,19582348514.0,19.58,68.7,13.3,94,2024-comparison-of-full-value-tax-rates-ranking-order.pdf
Marlborough,2019,town,175634358.0,208635961.0,31.47,84.5,26.44,197,2019-comparison-of-full-value-tax-rates-ranking-order.pdf
Marlborough,2020,town,176487277.0,185861686.0,31.47,95.3,29.81,223,2020-comparison-of-full-value-tax-rates-ranking-order.pdf
Marlborough,2021,town,217330501.0,229804665.0,24.9,94.8,23.48,224,2021-comparison-of-full-value-tax-rates-ranking-order.pdf
Marlborough,2022,town,219372367.0,273558682.0,26.11,80.4,20.95,221,2022-comparison-of-full-value-tax-rates-ranking-order.pdf
Marlborough,2023,town,222583146.0,294902692.0,24.58,75.8,18.57,201,2023-comparison-of-full-value-tax-rates-ranking-order.pdf
Marlborough,2024,town,223948743.0,357979754.0,28.73,62.9,18.02,191,2024-comparison-of-full-value-tax-rates-ranking-order.pdf
Marlow,2019,town,65176460.0,74531472.0,31.92,87.5,27.73,209,2019-comparison-of-full-value-tax-rates-ranking-order.pdf
Marlow,2020,town,74106807.0,76817166.0,29.71,96.6,28.54,220,2020-comparison-of-full-value-tax-rates-ranking-order.pdf
Marlow,2021,town,74429260.0,87241377.0,24.71,85.3,21.01,205,2021-comparison-of-full-value-tax-rates-ranking-order.pdf
Marlow,2022,town,75244332.0,120916909.0,25.83,62.1,16.05,160,2022-comparison-of-full-value-tax-rates-ranking-order.pdf
Marlow,2023,town,74609821.0,124626623.0,28.82,59.9,17.2,182,2023-comparison-of-full-value-tax-rates-ranking-order.pdf
Marlow,2024,town,75208325.0,121161254.0,31.0,62.2,19.2,203,2024-comparison-of-full-value-tax-rates-ranking-order.pdf
Martin's Location,2019,unincorporated,210718.0,243605.0,0.0,86.5,0.0,N/A,2019-comparison-of-full-value-tax-rates-ranking-order.pdf
Martin's Location,2020,unincorporated,271400.0,311596.0,0.0,87.1,0.0,N/A,2020-comparison-of-full-value-tax-rates-ranking-order.pdf
Martin's Location,2021,unincorporated,295500.0,354317.0,0.0,83.4,0.0,N/A,2021-comparison-of-full-value-tax-rates-ranking-order.pdf
Martin's Location,2022,unincorporated,433500.0,693751.0,15.65,71.3,11.16,63,2022-comparison-of-full-value-tax-rates-ranking-order.pdf
Martin's Location,2023,unincorporated,532000.0,570265.0,33.56,105.7,35.47,228,2023-comparison-of-full-value-tax-rates-ranking-order.pdf
Martin's Location,2024,unincorporated,591900.0,1104635.0,26.07,60.4,15.75,155,2024-comparison-of-full-value-tax-rates-ranking-order.pdf
Mason,2019,town,156353288.0,184383606.0,26.24,84.8,22.16,140,2019-comparison-of-full-value-tax-rates-ranking-order.pdf
Mason,2020,town,159604892.0,207227645.0,27.01,77.0,20.69,136,2020-comparison-of-full-value-tax-rates-ranking-order.pdf
Mason,2021,town,212673525.0,240244985.0,19.84,88.5,17.49,141,2021-comparison-of-full-value-tax-rates-ranking-order.pdf
Mason,2022,town,213781880.0,274002234.0,20.33,78.0,15.8,151,2022-comparison-of-full-value-tax-rates-ranking-order.pdf
Mason,2023,town,215217849.0,313636697.0,23.72,68.6,16.21,159,2023-comparison-of-full-value-tax-rates-ranking-order.pdf
Mason,2024,town,217799086.0,360521332.0,25.55,60.4,15.38,145,2024-comparison-of-full-value-tax-rates-ranking-order.pdf
Meredith,2019,town,1959831924.0,2335103686.0,15.89,84.3,13.3,35,2019-comparison-of-full-value-tax-rates-ranking-order.pdf
Meredith,2020,town,2306354154.0,2446491365.0,14.02,94.7,13.18,38,2020-comparison-of-full-value-tax-rates-ranking-order.pdf
Meredith,2021,town,2334265231.0,3304910548.0,13.43,70.9,9.46,31,2021-comparison-of-full-value-tax-rates-ranking-order.pdf
Meredith,2022,town,2360218508.0,4191337583.0,13.97,56.5,7.87,29,2022-comparison-of-full-value-tax-rates-ranking-order.pdf
Meredith,2023,town,3854265726.0,4218151736.0,9.89,91.7,9.05,38,2023-comparison-of-full-value-tax-rates-ranking-order.pdf
Meredith,2024,town,3916259153.0,4670382751.0,10.26,84.1,8.61,37,2024-comparison-of-full-value-tax-rates-ranking-order.pdf
Merrimack,2019,town,3482841238.0,4097905748.0,24.13,85.0,20.26,114,2019-comparison-of-full-value-tax-rates-ranking-order.pdf
Merrimack,2020,town,3576171552.0,4561951724.0,24.06,78.4,18.64,98,2020-comparison-of-full-value-tax-rates-ranking-order.pdf
Merrimack,2021,town,4928800463.0,5140096931.0,17.17,95.9,16.33,111,2021-comparison-of-full-value-tax-rates-ranking-order.pdf
Merrimack,2022,town,5069572068.0,6043013806.0,17.38,83.9,14.46,117,2022-comparison-of-full-value-tax-rates-ranking-order.pdf
Merrimack,2023,town,4994987259.0,6454050825.0,19.45,77.4,14.93,124,2023-comparison-of-full-value-tax-rates-ranking-order.pdf
Merrimack,2024,town,5007941464.0,7206230416.0,20.69,69.5,14.27,113,2024-comparison-of-full-value-tax-rates-ranking-order.pdf
Middleton,2019,town,184392082.0,200824040.0,26.28,91.8,24.04,173,2019-comparison-of-full-value-tax-rates-ranking-order.pdf
Middleton,2020,town,187014302.0,232252154.0,28.27,80.5,22.69,171,2020-comparison-of-full-value-tax-rates-ranking-order.pdf
Middleton,2021,town,187898361.0,312484885.0,27.46,60.1,16.26,107,2021-comparison-of-full-value-tax-rates-ranking-order.pdf
Middleton,2022,town,189343200.0,323098460.0,26.09,58.6,15.07,133,2022-comparison-of-full-value-tax-rates-ranking-order.pdf
Middleton,2023,town,363607833.0,366905002.0,15.04,99.1,14.81,119,2023-comparison-of-full-value-tax-rates-ranking-order.pdf
Middleton,2024,town,368503699.0,416790941.0,15.54,88.4,13.66,100,2024-comparison-of-full-value-tax-rates-ranking-order.pdf
Milan,2019,town,127851379.0,140248853.0,23.69,91.3,21.18,126,2019-comparison-of-full-value-tax-rates-ranking-order.pdf
Milan,2020,town,151371888.0,146417843.0,20.08,103.6,20.42,131,2020-comparison-of-full-value-tax-rates-ranking-order.pdf
Milan,2021,town,153426148.0,191300660.0,21.08,80.2,16.64,121,2021-comparison-of-full-value-tax-rates-ranking-order.pdf
Milan,2022,town,154482456.0,234145776.0,20.37,66.0,13.3,89,2022-comparison-of-full-value-tax-rates-ranking-order.pdf
Milan,2023,town,151897942.0,225711220.0,21.82,67.4,14.5,109,2023-comparison-of-full-value-tax-rates-ranking-order.pdf
Milan,2024,town,153579186.0,259537014.0,23.33,59.2,13.63,99,2024-comparison-of-full-value-tax-rates-ranking-order.pdf
Milford,2019,town,1609567432.0,1790063077.0,25.97,90.0,23.19,163,2019-comparison-of-full-value-tax-rates-ranking-order.pdf
Milford,2020,town,1667917257.0,1888774681.0,25.37,88.4,22.21,165,2020-comparison-of-full-value-tax-rates-ranking-order.pdf
Milford,2021,town,2059181112.0,2200422372.0,20.15,93.7,18.72,170,2021-comparison-of-full-value-tax-rates-ranking-order.pdf
Milford,2022,town,2083394170.0,2748369507.0,20.79,75.9,15.67,146,2022-comparison-of-full-value-tax-rates-ranking-order.pdf
Milford,2023,town,2082587741.0,2810231950.0,22.17,74.2,16.32,162,2023-comparison-of-full-value-tax-rates-ranking-order.pdf
Milford,2024,town,2094412219.0,3106656496.0,23.67,67.5,15.86,158,2024-comparison-of-full-value-tax-rates-ranking-order.pdf
Millsfield,2019,unincorporated,8939653.0,94828130.0,7.13,86.5,0.67,1,2019-comparison-of-full-value-tax-rates-ranking-order.pdf
Millsfield,2020,unincorporated,8394563.0,94235667.0,6.68,87.1,0.0,N/A,2020-comparison-of-full-value-tax-rates-ranking-order.pdf
Millsfield,2021,unincorporated,8909070.0,95226986.0,6.37,83.4,0.59,1,2021-comparison-of-full-value-tax-rates-ranking-order.pdf
Millsfield,2022,unincorporated,79721422.0,111654590.0,0.0,71.3,0.0,N/A,2022-comparison-of-full-value-tax-rates-ranking-order.pdf
Millsfield,2023,unincorporated,12566275.0,11937255.0,0.0,105.7,0.0,N/A,2023-comparison-of-full-value-tax-rates-ranking-order.pdf
Millsfield,2024,unincorporated,13331658.0,21381801.0,0.0,60.4,0.0,N/A,2024-comparison-of-full-value-tax-rates-ranking-order.pdf
Milton,2019,town,493984746.0,511927925.0,23.56,96.6,22.49,148,2019-comparison-of-full-value-tax-rates-ranking-order.pdf
Milton,2020,town,498817654.0,532394229.0,22.16,93.8,20.53,133,2020-comparison-of-full-value-tax-rates-ranking-order.pdf
Milton,2021,town,505644660.0,744077153.0,22.86,68.0,15.37,89,2021-comparison-of-full-value-tax-rates-ranking-order.pdf
Milton,2022,town,504541522.0,838912444.0,24.48,60.2,14.6,121,2022-comparison-of-full-value-tax-rates-ranking-order.pdf
Milton,2023,town,508169918.0,852136942.0,24.54,59.7,14.51,110,2023-comparison-of-full-value-tax-rates-ranking-order.pdf
Milton,2024,town,958833884.0,970442754.0,13.95,98.9,13.69,102,2024-comparison-of-full-value-tax-rates-ranking-order.pdf
Monroe,2019,town,440960126.0,472062380.0,11.34,93.4,9.07,18,2019-comparison-of-full-value-tax-rates-ranking-order.pdf
Monroe,2020,town,449522087.0,511930337.0,11.98,87.8,9.16,17,2020-comparison-of-full-value-tax-rates-ranking-order.pdf
Monroe,2021,town,425166221.0,582237056.0,13.11,73.0,8.46,23,2021-comparison-of-full-value-tax-rates-ranking-order.pdf
Monroe,2022,town,422531034.0,723269944.0,12.19,58.4,6.49,18,2022-comparison-of-full-value-tax-rates-ranking-order.pdf
Monroe,2023,town,570905344.0,562481126.0,9.73,101.5,8.95,35,2023-comparison-of-full-value-tax-rates-ranking-order.pdf
Monroe,2024,town,597283893.0,717701568.0,10.66,83.2,8.07,29,2024-comparison-of-full-value-tax-rates-ranking-order.pdf
Mont Vernon,2019,town,311583244.0,317931355.0,25.82,98.0,25.21,187,2019-comparison-of-full-value-tax-rates-ranking-order.pdf
Mont Vernon,2020,town,318165824.0,353470462.0,26.58,90.0,23.84,189,2020-comparison-of-full-value-tax-rates-ranking-order.pdf
Mont Vernon,2021,town,323039649.0,458709922.0,28.44,70.4,19.95,191,2021-comparison-of-full-value-tax-rates-ranking-order.pdf
Mont Vernon,2022,town,325895267.0,534169743.0,28.03,61.0,17.05,182,2022-comparison-of-full-value-tax-rates-ranking-order.pdf
Mont Vernon,2023,town,331804616.0,553920528.0,29.04,59.9,17.34,184,2023-comparison-of-full-value-tax-rates-ranking-order.pdf
Mont Vernon,2024,town,563539226.0,578567812.0,19.76,97.4,19.15,202,2024-comparison-of-full-value-tax-rates-ranking-order.pdf
Moultonborough,2019,town,3378763912.0,3610712814.0,7.15,93.7,6.67,11,2019-comparison-of-full-value-tax-rates-ranking-order.pdf
Moultonborough,2020,town,3575537740.0,3857743355.0,7.13,92.8,6.59,9,2020-comparison-of-full-value-tax-rates-ranking-order.pdf
Moultonborough,2021,town,3944997576.0,4680123535.0,6.98,84.4,5.87,13,2021-comparison-of-full-value-tax-rates-ranking-order.pdf
Moultonborough,2022,town,4893293518.0,5962725937.0,4.78,82.2,3.92,8,2022-comparison-of-full-value-tax-rates-ranking-order.pdf
Moultonborough,2023,town,5646657121.0,6422469185.0,5.7,88.0,5.01,11,2023-comparison-of-full-value-tax-rates-ranking-order.pdf
Moultonborough,2024,town,6336332532.0,7224593510.0,5.65,87.8,4.95,11,2024-comparison-of-full-value-tax-rates-ranking-order.pdf
Nashua,2019,city,10454581767.0,11880404376.0,21.76,88.0,18.69,89,2019-comparison-of-full-value-tax-rates-ranking-order.pdf
Nashua,2020,city,10543704419.0,12656155318.0,22.61,83.4,18.4,93,2020-comparison-of-full-value-tax-rates-ranking-order.pdf
Nashua,2021,city,10468538339.0,15188910975.0,23.22,69.0,15.64,94,2021-comparison-of-full-value-tax-rates-ranking-order.pdf
Nashua,2022,city,14096994609.0,15601670357.0,18.07,90.8,16.09,161,2022-comparison-of-full-value-tax-rates-ranking-order.pdf
Nashua,2023,city,14134761806.0,17065655319.0,18.23,83.2,14.86,122,2023-comparison-of-full-value-tax-rates-ranking-order.pdf
Nashua,2024,city,16806394706.0,17997701987.0,15.9,93.8,14.62,124,2024-comparison-of-full-value-tax-rates-ranking-order.pdf
Nelson,2019,town,124541062.0,129804578.0,17.25,96.1,16.47,62,2019-comparison-of-full-value-tax-rates-ranking-order.pdf
Nelson,2020,town,126075068.0,141492017.0,18.87,89.2,16.73,70,2020-comparison-of-full-value-tax-rates-ranking-order.pdf
Nelson,2021,town,164678922.0,155325304.0,15.21,106.2,16.07,102,2021-comparison-of-full-value-tax-rates-ranking-order.pdf
Nelson,2022,town,165792117.0,166358742.0,14.12,99.8,14.04,110,2022-comparison-of-full-value-tax-rates-ranking-order.pdf
Nelson,2023,town,167698284.0,180521031.0,14.92,93.0,13.81,94,2023-comparison-of-full-value-tax-rates-ranking-order.pdf
Nelson,2024,town,169228481.0,227053515.0,17.71,74.6,13.17,91,2024-comparison-of-full-value-tax-rates-ranking-order.pdf
New Boston,2019,town,672562782.0,751423402.0,25.05,89.5,22.23,143,2019-comparison-of-full-value-tax-rates-ranking-order.pdf
New Boston,2020,town,688112614.0,822016736.0,24.09,83.7,20.0,120,2020-comparison-of-full-value-tax-rates-ranking-order.pdf
New Boston,2021,town,931550992.0,968290521.0,18.5,96.2,17.7,146,2021-comparison-of-full-value-tax-rates-ranking-order.pdf
New Boston,2022,town,942931779.0,1138542063.0,19.18,82.8,15.79,150,2022-comparison-of-full-value-tax-rates-ranking-order.pdf
New Boston,2023,town,952955594.0,1203156414.0,20.35,79.2,16.03,152,2023-comparison-of-full-value-tax-rates-ranking-order.pdf
New Boston,2024,town,963327741.0,1339653896.0,23.79,71.9,17.02,178,2024-comparison-of-full-value-tax-rates-ranking-order.pdf
New Castle,2019,town,732102223.0,802742782.0,6.19,91.2,5.64,8,2019-comparison-of-full-value-tax-rates-ranking-order.pdf
New Castle,2020,town,735550493.0,928723828.0,6.3,79.2,4.98,6,2020-comparison-of-full-value-tax-rates-ranking-order.pdf
New Castle,2021,town,1072491781.0,1116015968.0,4.78,96.1,4.59,8,2021-comparison-of-full-value-tax-rates-ranking-order.pdf
New Castle,2022,town,1075376896.0,1212374324.0,4.5,88.7,3.99,9,2022-comparison-of-full-value-tax-rates-ranking-order.pdf
New Castle,2023,town,1075898379.0,1490161131.0,4.98,72.2,3.59,4,2023-comparison-of-full-value-tax-rates-ranking-order.pdf
New Castle,2024,town,1082355929.0,1603489529.0,5.39,67.5,3.64,5,2024-comparison-of-full-value-tax-rates-ranking-order.pdf
New Durham,2019,town,417902198.0,541924712.0,23.72,77.1,18.21,78,2019-comparison-of-full-value-tax-rates-ranking-order.pdf
New Durham,2020,town,595822148.0,608581566.0,16.88,97.9,16.48,68,2020-comparison-of-full-value-tax-rates-ranking-order.pdf
New Durham,2021,town,602968777.0,746034426.0,17.86,80.8,14.39,75,2021-comparison-of-full-value-tax-rates-ranking-order.pdf
New Durham,2022,town,611360910.0,851320734.0,17.92,71.8,12.83,81,2022-comparison-of-full-value-tax-rates-ranking-order.pdf
New Durham,2023,town,621387081.0,807099789.0,20.0,77.0,15.35,136,2023-comparison-of-full-value-tax-rates-ranking-order.pdf
New Durham,2024,town,639977460.0,1057460303.0,19.43,60.5,11.73,69,2024-comparison-of-full-value-tax-rates-ranking-order.pdf
New Hampton,2019,town,334352402.0,361939285.0,19.24,92.7,17.52,71,2019-comparison-of-full-value-tax-rates-ranking-order.pdf
New Hampton,2020,town,339318022.0,401571385.0,17.95,84.8,14.95,56,2020-comparison-of-full-value-tax-rates-ranking-order.pdf
New Hampton,2021,town,343287181.0,507098069.0,18.74,67.9,12.52,60,2021-comparison-of-full-value-tax-rates-ranking-order.pdf
New Hampton,2022,town,340164113.0,575481142.0,19.39,59.3,11.4,67,2022-comparison-of-full-value-tax-rates-ranking-order.pdf
New Hampton,2023,town,577330762.0,610513755.0,12.21,94.9,11.48,64,2023-comparison-of-full-value-tax-rates-ranking-order.pdf
New Hampton,2024,town,591895576.0,680109257.0,13.25,87.3,11.46,64,2024-comparison-of-full-value-tax-rates-ranking-order.pdf
New Ipswich,2019,town,478737830.0,490479298.0,21.73,97.6,21.06,124,2019-comparison-of-full-value-tax-rates-ranking-order.pdf
New Ipswich,2020,town,486223211.0,532462523.0,21.25,91.3,19.25,107,2020-comparison-of-full-value-tax-rates-ranking-order.pdf
New Ipswich,2021,town,494177245.0,642357393.0,22.22,76.9,16.97,127,2021-comparison-of-full-value-tax-rates-ranking-order.pdf
New Ipswich,2022,town,500087708.0,777476142.0,23.51,64.3,15.03,131,2022-comparison-of-full-value-tax-rates-ranking-order.pdf
New Ipswich,2023,town,509901982.0,826366375.0,25.7,61.7,15.76,146,2023-comparison-of-full-value-tax-rates-ranking-order.pdf
New Ipswich,2024,town,875350506.0,913667343.0,15.22,95.8,14.5,117,2024-comparison-of-full-value-tax-rates-ranking-order.pdf
New London,2019,town,1249778651.0,1321078870.0,14.71,94.6,13.88,42,2019-comparison-of-full-value-tax-rates-ranking-order.pdf
New London,2020,town,1267582273.0,1451925400.0,14.94,87.3,13.0,37,2020-comparison-of-full-value-tax-rates-ranking-order.pdf
New London,2021,town,1286292838.0,1703584807.0,15.39,75.5,11.58,50,2021-comparison-of-full-value-tax-rates-ranking-order.pdf
New London,2022,town,1296164305.0,2138706463.0,15.86,60.6,9.58,43,2022-comparison-of-full-value-tax-rates-ranking-order.pdf
New London,2023,town,2051937907.0,2124132903.0,10.81,96.6,10.42,54,2023-comparison-of-full-value-tax-rates-ranking-order.pdf
New London,2024,town,2069211739.0,2676664592.0,11.61,77.3,8.95,42,2024-comparison-of-full-value-tax-rates-ranking-order.pdf
Newbury,2019,town,752603611.0,913248475.0,15.88,82.6,13.07,33,2019-comparison-of-full-value-tax-rates-ranking-order.pdf
Newbury,2020,town,761875361.0,975256641.0,16.52,78.3,12.89,36,2020-comparison-of-full-value-tax-rates-ranking-order.pdf
Newbury,2021,town,1096207061.0,1103195988.0,11.38,99.6,11.3,47,2021-comparison-of-full-value-tax-rates-ranking-order.pdf
Newbury,2022,town,1108623413.0,1535326757.0,11.38,72.4,8.23,32,2022-comparison-of-full-value-tax-rates-ranking-order.pdf
Newbury,2023,town,1124701380.0,1888837321.0,13.05,59.7,7.78,23,2023-comparison-of-full-value-tax-rates-ranking-order.pdf
Newbury,2024,town,1677549480.0,1729942035.0,10.02,97.2,9.73,49,2024-comparison-of-full-value-tax-rates-ranking-order.pdf
Newfields,2019,town,302132457.0,291658003.0,20.59,103.6,21.08,125,2019-comparison-of-full-value-tax-rates-ranking-order.pdf
Newfields,2020,town,304756257.0,321817215.0,21.24,94.7,19.87,118,2020-comparison-of-full-value-tax-rates-ranking-order.pdf
Newfields,2021,town,305957796.0,389746149.0,20.55,78.5,15.95,100,2021-comparison-of-full-value-tax-rates-ranking-order.pdf
Newfields,2022,town,309056908.0,434077854.0,20.96,71.2,14.79,128,2022-comparison-of-full-value-tax-rates-ranking-order.pdf
Newfields,2023,town,453952688.0,451727979.0,15.79,100.5,15.76,146,2023-comparison-of-full-value-tax-rates-ranking-order.pdf
Newfields,2024,town,459551015.0,514010756.0,16.09,89.4,14.29,114,2024-comparison-of-full-value-tax-rates-ranking-order.pdf
Newington,2019,town,1064343323.0,1073222127.0,9.34,99.4,8.32,16,2019-comparison-of-full-value-tax-rates-ranking-order.pdf
Newington,2020,town,1026917380.0,1094913472.0,9.89,94.0,8.52,15,2020-comparison-of-full-value-tax-rates-ranking-order.pdf
Newington,2021,town,972679455.0,1204627731.0,9.98,80.9,7.51,18,2021-comparison-of-full-value-tax-rates-ranking-order.pdf
Newington,2022,town,962356671.0,1282795460.0,9.88,75.2,7.07,21,2022-comparison-of-full-value-tax-rates-ranking-order.pdf
Newington,2023,town,922787591.0,1306534505.0,10.18,70.8,6.73,16,2023-comparison-of-full-value-tax-rates-ranking-order.pdf
Newington,2024,town,1271862730.0,1284727165.0,7.88,99.2,7.44,24,2024-comparison-of-full-value-tax-rates-ranking-order.pdf
Newmarket,2019,town,983825628.0,1071729412.0,24.26,91.9,22.11,139,2019-comparison-of-full-value-tax-rates-ranking-order.pdf
Newmarket,2020,town,988355273.0,1151817960.0,25.46,85.9,21.68,154,2020-comparison-of-full-value-tax-rates-ranking-order.pdf
Newmarket,2021,town,995485671.0,1380155586.0,26.36,72.2,18.86,171,2021-comparison-of-full-value-tax-rates-ranking-order.pdf
Newmarket,2022,town,1003168948.0,1547173739.0,26.99,64.9,17.37,190,2022-comparison-of-full-value-tax-rates-ranking-order.pdf
Newmarket,2023,town,1014140199.0,1703106287.0,29.49,59.6,17.44,187,2023-comparison-of-full-value-tax-rates-ranking-order.pdf
Newmarket,2024,town,1723310237.0,1819315034.0,17.2,94.8,16.21,165,2024-comparison-of-full-value-tax-rates-ranking-order.pdf
Newport,2019,town,437053279.0,477089001.0,32.53,92.2,29.46,219,2019-comparison-of-full-value-tax-rates-ranking-order.pdf
Newport,2020,town,442112520.0,514872664.0,33.1,86.4,28.09,219,2020-comparison-of-full-value-tax-rates-ranking-order.pdf
Newport,2021,town,446319460.0,644896415.0,33.0,69.6,22.57,219,2021-comparison-of-full-value-tax-rates-ranking-order.pdf
Newport,2022,town,749773897.0,765303752.0,20.9,98.5,20.43,219,2022-comparison-of-full-value-tax-rates-ranking-order.pdf
Newport,2023,town,752775433.0,833022456.0,23.58,90.8,21.2,219,2023-comparison-of-full-value-tax-rates-ranking-order.pdf
Newport,2024,town,747430965.0,863235086.0,24.31,87.0,20.93,210,2024-comparison-of-full-value-tax-rates-ranking-order.pdf
Newton,2019,town,514618068.0,624554035.0,26.38,82.4,21.56,130,2019-comparison-of-full-value-tax-rates-ranking-order.pdf
Newton,2020,town,646283453.0,664244541.0,20.9,97.3,20.18,123,2020-comparison-of-full-value-tax-rates-ranking-order.pdf
Newton,2021,town,654543077.0,866938288.0,20.9,75.5,15.67,95,2021-comparison-of-full-value-tax-rates-ranking-order.pdf
Newton,2022,town,655914945.0,914830752.0,22.49,71.7,16.03,158,2022-comparison-of-full-value-tax-rates-ranking-order.pdf
Newton,2023,town,658123077.0,994164358.0,24.61,66.2,16.2,158,2023-comparison-of-full-value-tax-rates-ranking-order.pdf
Newton,2024,town,661492348.0,1063477634.0,25.37,62.2,15.69,151,2024-comparison-of-full-value-tax-rates-ranking-order.pdf
North Hampton,2019,town,1199745350.0,1290053186.0,16.7,93.0,15.39,53,2019-comparison-of-full-value-tax-rates-ranking-order.pdf
North Hampton,2020,town,1204780272.0,1380034154.0,16.91,87.3,14.62,53,2020-comparison-of-full-value-tax-rates-ranking-order.pdf
North Hampton,2021,town,1208389893.0,1659818330.0,16.57,72.8,11.94,54,2021-comparison-of-full-value-tax-rates-ranking-order.pdf
North Hampton,2022,town,1210605093.0,2017612578.0,17.17,60.0,10.21,50,2022-comparison-of-full-value-tax-rates-ranking-order.pdf
North Hampton,2023,town,1805931100.0,1962948127.0,12.45,92.0,11.37,62,2023-comparison-of-full-value-tax-rates-ranking-order.pdf
North Hampton,2024,town,1806185400.0,2191943053.0,12.8,82.4,10.46,52,2024-comparison-of-full-value-tax-rates-ranking-order.pdf
Northfield,2019,town,350585432.0,400800928.0,23.8,88.2,20.2,111,2019-comparison-of-full-value-tax-rates-ranking-order.pdf
Northfield,2020,town,351575135.0,445541526.0,22.77,79.6,17.44,75,2020-comparison-of-full-value-tax-rates-ranking-order.pdf
Northfield,2021,town,352595815.0,534205180.0,22.21,66.6,14.23,71,2021-comparison-of-full-value-tax-rates-ranking-order.pdf
Northfield,2022,town,611253735.0,625687970.0,14.55,98.5,13.82,100,2022-comparison-of-full-value-tax-rates-ranking-order.pdf
Northfield,2023,town,616632861.0,690051443.0,14.05,90.0,12.06,72,2023-comparison-of-full-value-tax-rates-ranking-order.pdf
Northfield,2024,town,622489717.0,740103789.0,14.77,84.7,11.92,72,2024-comparison-of-full-value-tax-rates-ranking-order.pdf
Northumberland,2019,town,128212155.0,141725905.0,32.44,91.3,28.59,215,2019-comparison-of-full-value-tax-rates-ranking-order.pdf
Northumberland,2020,town,130224971.0,156146536.0,33.01,84.4,26.89,212,2020-comparison-of-full-value-tax-rates-ranking-order.pdf
Northumberland,2021,town,129590294.0,214341652.0,35.31,61.0,20.88,204,2021-comparison-of-full-value-tax-rates-ranking-order.pdf
Northumberland,2022,town,135515314.0,282771776.0,33.06,48.4,15.71,147,2022-comparison-of-full-value-tax-rates-ranking-order.pdf
Northumberland,2023,town,232237972.0,264472456.0,21.38,88.6,18.54,200,2023-comparison-of-full-value-tax-rates-ranking-order.pdf
Northumberland,2024,town,239492158.0,327834358.0,22.44,73.6,16.13,164,2024-comparison-of-full-value-tax-rates-ranking-order.pdf
Northwood,2019,town,488223889.0,616971708.0,22.52,79.2,17.55,72,2019-comparison-of-full-value-tax-rates-ranking-order.pdf
Northwood,2020,town,691945642.0,695283440.0,17.77,99.6,17.47,77,2020-comparison-of-full-value-tax-rates-ranking-order.pdf
Northwood,2021,town,705540872.0,899373418.0,15.47,78.5,11.96,55,2021-comparison-of-full-value-tax-rates-ranking-order.pdf
Northwood,2022,town,945634823.0,947366031.0,12.58,99.9,12.43,77,2022-comparison-of-full-value-tax-rates-ranking-order.pdf
Northwood,2023,town,969547105.0,1061478701.0,13.8,91.4,12.45,76,2023-comparison-of-full-value-tax-rates-ranking-order.pdf
Northwood,2024,town,973050227.0,1185593387.0,15.57,82.1,12.62,86,2024-comparison-of-full-value-tax-rates-ranking-order.pdf
Nottingham,2019,town,632340550.0,766623927.0,22.5,82.5,18.29,82,2019-comparison-of-full-value-tax-rates-ranking-order.pdf
Nottingham,2020,town,804512843.0,809591114.0,18.76,99.4,18.42,94,2020-comparison-of-full-value-tax-rates-ranking-order.pdf
Nottingham,2021,town,820589403.0,1003121708.0,19.42,81.8,15.68,96,2021-comparison-of-full-value-tax-rates-ranking-order.pdf
Nottingham,2022,town,835772157.0,1173888089.0,19.11,71.2,13.45,91,2022-comparison-of-full-value-tax-rates-ranking-order.pdf
Nottingham,2023,town,840604348.0,1315611784.0,21.44,63.9,13.53,89,2023-comparison-of-full-value-tax-rates-ranking-order.pdf
Nottingham,2024,town,852533701.0,1386462671.0,20.46,61.5,12.43,80,2024-comparison-of-full-value-tax-rates-ranking-order.pdf
Odell,2019,unincorporated,2265573.0,3162927.0,3.16,86.5,2.26,3,2019-comparison-of-full-value-tax-rates-ranking-order.pdf
Odell,2020,unincorporated,2260555.0,3154511.0,3.54,87.1,2.54,3,2020-comparison-of-full-value-tax-rates-ranking-order.pdf
Odell,2021,unincorporated,2310995.0,3450091.0,7.39,83.4,4.95,10,2021-comparison-of-full-value-tax-rates-ranking-order.pdf
Odell,2022,unincorporated,2266318.0,3800697.0,6.03,71.3,4.36,10,2022-comparison-of-full-value-tax-rates-ranking-order.pdf
Odell,2023,unincorporated,3440431.0,3792866.0,6.05,105.7,6.36,14,2023-comparison-of-full-value-tax-rates-ranking-order.pdf
Odell,2024,unincorporated,3470646.0,6510974.0,6.07,60.4,3.8,6,2024-comparison-of-full-value-tax-rates-ranking-order.pdf
Orange,2019,town,32793535.0,34076367.0,26.6,96.7,25.45,189,2019-comparison-of-full-value-tax-rates-ranking-order.pdf
Orange,2020,town,36459314.0,34595485.0,24.81,105.9,26.01,208,2020-comparison-of-full-value-tax-rates-ranking-order.pdf
Orange,2021,town,36729806.0,37517226.0,23.35,98.2,22.74,220,2021-comparison-of-full-value-tax-rates-ranking-order.pdf
Orange,2022,town,37309912.0,40676484.0,22.23,92.0,20.38,218,2022-comparison-of-full-value-tax-rates-ranking-order.pdf
Orange,2023,town,37325383.0,51861569.0,23.47,72.0,16.87,176,2023-comparison-of-full-value-tax-rates-ranking-order.pdf
Orange,2024,town,37343574.0,58271331.0,26.0,64.2,16.64,172,2024-comparison-of-full-value-tax-rates-ranking-order.pdf
Orford,2019,town,137342151.0,159875158.0,29.98,86.0,25.71,191,2019-comparison-of-full-value-tax-rates-ranking-order.pdf
Orford,2020,town,154332148.0,167388437.0,26.13,92.2,24.05,191,2020-comparison-of-full-value-tax-rates-ranking-order.pdf
Orford,2021,town,157411931.0,181186382.0,26.46,86.9,22.94,223,2021-comparison-of-full-value-tax-rates-ranking-order.pdf
Orford,2022,town,160091164.0,241119253.0,28.25,66.3,18.74,201,2022-comparison-of-full-value-tax-rates-ranking-order.pdf
Orford,2023,town,160480904.0,257673971.0,32.7,62.3,20.36,215,2023-comparison-of-full-value-tax-rates-ranking-order.pdf
Orford,2024,town,162748550.0,282117349.0,34.75,57.7,20.03,206,2024-comparison-of-full-value-tax-rates-ranking-order.pdf
Ossipee,2019,town,775433608.0,813747945.0,17.11,95.3,16.2,57,2019-comparison-of-full-value-tax-rates-ranking-order.pdf
Ossipee,2020,town,779847615.0,925032733.0,17.05,84.3,14.28,50,2020-comparison-of-full-value-tax-rates-ranking-order.pdf
Ossipee,2021,town,789077518.0,1061976127.0,18.33,74.3,13.53,68,2021-comparison-of-full-value-tax-rates-ranking-order.pdf
Ossipee,2022,town,799659409.0,1343756195.0,18.38,59.5,10.87,59,2022-comparison-of-full-value-tax-rates-ranking-order.pdf
Ossipee,2023,town,1533975841.0,1552796549.0,10.37,98.8,10.2,52,2023-comparison-of-full-value-tax-rates-ranking-order.pdf
Ossipee,2024,town,1540153570.0,1616220412.0,11.6,95.3,11.01,56,2024-comparison-of-full-value-tax-rates-ranking-order.pdf
Pelham,2019,town,1981194460.0,2045901922.0,19.4,96.9,18.68,88,2019-comparison-of-full-value-tax-rates-ranking-order.pdf
Pelham,2020,town,2009199610.0,2256426642.0,20.2,89.1,17.89,85,2020-comparison-of-full-value-tax-rates-ranking-order.pdf
Pelham,2021,town,2639049740.0,2630982604.0,15.96,100.4,15.95,100,2021-comparison-of-full-value-tax-rates-ranking-order.pdf
Pelham,2022,town,2706310239.0,3092001291.0,17.42,87.6,15.19,137,2022-comparison-of-full-value-tax-rates-ranking-order.pdf
Pelham,2023,town,2751447147.0,3266738424.0,18.19,84.3,15.22,132,2023-comparison-of-full-value-tax-rates-ranking-order.pdf
Pelham,2024,town,2805058543.0,3618001320.0,18.34,77.6,14.11,109,2024-comparison-of-full-value-tax-rates-ranking-order.pdf
Pembroke,2019,town,762260478.0,782812532.0,23.58,97.6,22.88,158,2019-comparison-of-full-value-tax-rates-ranking-order.pdf
Pembroke,2020,town,771279044.0,832909941.0,24.6,92.8,22.7,172,2020-comparison-of-full-value-tax-rates-ranking-order.pdf
Pembroke,2021,town,789709047.0,1019750352.0,24.0,77.6,18.52,166,2021-comparison-of-full-value-tax-rates-ranking-order.pdf
Pembroke,2022,town,794940722.0,1186970593.0,24.9,67.1,16.67,173,2022-comparison-of-full-value-tax-rates-ranking-order.pdf
Pembroke,2023,town,795168298.0,1221843799.0,27.88,65.2,18.13,194,2023-comparison-of-full-value-tax-rates-ranking-order.pdf
Pembroke,2024,town,1234171195.0,1285029122.0,19.64,96.5,18.9,201,2024-comparison-of-full-value-tax-rates-ranking-order.pdf
Peterborough,2019,town,734135996.0,798193602.0,29.75,92.4,26.11,194,2019-comparison-of-full-value-tax-rates-ranking-order.pdf
Peterborough,2020,town,743075856.0,870716087.0,30.84,85.7,25.07,204,2020-comparison-of-full-value-tax-rates-ranking-order.pdf
Peterborough,2021,town,919803788.0,984669535.0,25.76,93.8,22.86,221,2021-comparison-of-full-value-tax-rates-ranking-order.pdf
Peterborough,2022,town,929911500.0,1206344158.0,25.86,77.4,19.0,205,2022-comparison-of-full-value-tax-rates-ranking-order.pdf
Peterborough,2023,town,939346290.0,1287331223.0,28.19,73.3,18.83,202,2023-comparison-of-full-value-tax-rates-ranking-order.pdf
Peterborough,2024,town,952384175.0,1353883827.0,32.5,70.6,20.86,209,2024-comparison-of-full-value-tax-rates-ranking-order.pdf
Piermont,2019,town,97137103.0,101179064.0,26.5,96.1,25.34,188,2019-comparison-of-full-value-tax-rates-ranking-order.pdf
Piermont,2020,town,98163682.0,104681997.0,19.79,93.8,18.46,95,2020-comparison-of-full-value-tax-rates-ranking-order.pdf
Piermont,2021,town,131004930.0,126458668.0,18.72,103.7,19.31,177,2021-comparison-of-full-value-tax-rates-ranking-order.pdf
Piermont,2022,town,132309837.0,146511314.0,19.99,90.2,17.99,197,2022-comparison-of-full-value-tax-rates-ranking-order.pdf
Piermont,2023,town,133393120.0,171253191.0,22.92,77.8,17.78,193,2023-comparison-of-full-value-tax-rates-ranking-order.pdf
Piermont,2024,town,133068176.0,173314584.0,22.48,76.8,17.2,181,2024-comparison-of-full-value-tax-rates-ranking-order.pdf
Pinkham's Grant,2019,unincorporated,2934826.0,4790247.0,11.51,86.5,6.93,12,2019-comparison-of-full-value-tax-rates-ranking-order.pdf
Pinkham's Grant,2020,unincorporated,2971730.0,4562897.0,14.6,87.1,9.38,18,2020-comparison-of-full-value-tax-rates-ranking-order.pdf
Pinkham's Grant,2021,unincorporated,3011030.0,5245377.0,16.08,83.4,9.1,27,2021-comparison-of-full-value-tax-rates-ranking-order.pdf
Pinkham's Grant,2022,unincorporated,3021130.0,6412147.0,15.33,71.3,10.84,57,2022-comparison-of-full-value-tax-rates-ranking-order.pdf
Pinkham's Grant,2023,unincorporated,2885630.0,4089163.0,15.84,105.7,16.49,166,2023-comparison-of-full-value-tax-rates-ranking-order.pdf
Pinkham's Grant,2024,unincorporated,2961230.0,8333553.0,13.66,60.4,8.06,28,2024-comparison-of-full-value-tax-rates-ranking-order.pdf
Pittsburg,2019,town,290151481.0,330355095.0,16.0,88.9,13.98,43,2019-comparison-of-full-value-tax-rates-ranking-order.pdf
Pittsburg,2020,town,292968356.0,345519607.0,15.75,85.9,13.28,39,2020-comparison-of-full-value-tax-rates-ranking-order.pdf
Pittsburg,2021,town,299302143.0,460069505.0,15.56,65.7,10.06,35,2021-comparison-of-full-value-tax-rates-ranking-order.pdf
Pittsburg,2022,town,303487440.0,554941616.0,15.9,55.3,8.78,39,2022-comparison-of-full-value-tax-rates-ranking-order.pdf
Pittsburg,2023,town,593470846.0,621766587.0,9.6,96.3,9.22,39,2023-comparison-of-full-value-tax-rates-ranking-order.pdf
Pittsburg,2024,town,601104455.0,657678126.0,9.6,92.5,8.85,40,2024-comparison-of-full-value-tax-rates-ranking-order.pdf
Pittsfield,2019,town,267351692.0,332793723.0,32.86,80.4,26.08,193,2019-comparison-of-full-value-tax-rates-ranking-order.pdf
Pittsfield,2020,town,347871929.0,346925257.0,24.72,100.4,24.55,199,2020-comparison-of-full-value-tax-rates-ranking-order.pdf
Pittsfield,2021,town,353079254.0,422940688.0,23.99,83.6,19.85,187,2021-comparison-of-full-value-tax-rates-ranking-order.pdf
Pittsfield,2022,town,356991191.0,516648023.0,23.78,69.2,16.35,167,2022-comparison-of-full-value-tax-rates-ranking-order.pdf
Pittsfield,2023,town,363156213.0,567481738.0,24.97,64.1,15.91,150,2023-comparison-of-full-value-tax-rates-ranking-order.pdf
Pittsfield,2024,town,365939847.0,640645287.0,29.87,57.2,16.99,177,2024-comparison-of-full-value-tax-rates-ranking-order.pdf
Plainfield,2019,town,307682486.0,316793849.0,26.0,97.1,24.89,182,2019-comparison-of-full-value-tax-rates-ranking-order.pdf
Plainfield,2020,town,312377199.0,355528131.0,25.4,87.8,21.99,159,2020-comparison-of-full-value-tax-rates-ranking-order.pdf
Plainfield,2021,town,313105648.0,421520919.0,26.55,74.2,19.42,181,2021-comparison-of-full-value-tax-rates-ranking-order.pdf
Plainfield,2022,town,316210651.0,483170873.0,24.9,65.4,16.04,159,2022-comparison-of-full-value-tax-rates-ranking-order.pdf
Plainfield,2023,town,545352984.0,536355216.0,15.75,101.7,15.9,149,2023-comparison-of-full-value-tax-rates-ranking-order.pdf
Plainfield,2024,town,551666633.0,546779815.0,17.6,100.9,17.58,186,2024-comparison-of-full-value-tax-rates-ranking-order.pdf
Plaistow,2019,town,1192542632.0,1233269910.0,21.31,96.7,20.37,117,2019-comparison-of-full-value-tax-rates-ranking-order.pdf
Plaistow,2020,town,1211977326.0,1351183825.0,21.65,89.7,19.18,105,2020-comparison-of-full-value-tax-rates-ranking-order.pdf
Plaistow,2021,town,1361320869.0,1433023181.0,18.96,95.0,17.82,150,2021-comparison-of-full-value-tax-rates-ranking-order.pdf
Plaistow,2022,town,1379023046.0,1768018681.0,19.01,78.0,14.68,127,2022-comparison-of-full-value-tax-rates-ranking-order.pdf
Plaistow,2023,town,1382200310.0,1823531313.0,22.34,75.8,16.77,172,2023-comparison-of-full-value-tax-rates-ranking-order.pdf
Plaistow,2024,town,1403630456.0,1876510247.0,20.72,74.8,15.35,144,2024-comparison-of-full-value-tax-rates-ranking-order.pdf
Plymouth,2019,town,481301108.0,543400586.0,28.19,88.9,24.84,180,2019-comparison-of-full-value-tax-rates-ranking-order.pdf
Plymouth,2020,town,496208985.0,553397944.0,28.49,90.0,25.42,205,2020-comparison-of-full-value-tax-rates-ranking-order.pdf
Plymouth,2021,town,497548411.0,635104573.0,30.49,78.6,23.77,226,2021-comparison-of-full-value-tax-rates-ranking-order.pdf
Plymouth,2022,town,496059143.0,831408057.0,31.44,59.9,18.78,204,2022-comparison-of-full-value-tax-rates-ranking-order.pdf
Plymouth,2023,town,739935570.0,805439178.0,24.38,92.2,22.42,222,2023-comparison-of-full-value-tax-rates-ranking-order.pdf
Plymouth,2024,town,747740068.0,935554262.0,25.12,80.2,20.09,207,2024-comparison-of-full-value-tax-rates-ranking-order.pdf
Portsmouth,2019,city,6170543376.0,6784387454.0,14.86,91.9,13.43,37,2019-comparison-of-full-value-tax-rates-ranking-order.pdf
Portsmouth,2020,city,6329596965.0,7194930723.0,14.7,88.9,12.83,35,2020-comparison-of-full-value-tax-rates-ranking-order.pdf
Portsmouth,2021,city,6425834917.0,8166077195.0,15.03,79.5,11.73,51,2021-comparison-of-full-value-tax-rates-ranking-order.pdf
Portsmouth,2022,city,6524594579.0,9336287605.0,15.2,70.6,10.65,54,2022-comparison-of-full-value-tax-rates-ranking-order.pdf
Portsmouth,2023,city,6611423932.0,10118760813.0,16.13,66.0,10.56,56,2023-comparison-of-full-value-tax-rates-ranking-order.pdf
Portsmouth,2024,city,10137278797.0,10657151131.0,11.18,96.0,10.64,54,2024-comparison-of-full-value-tax-rates-ranking-order.pdf
Randolph,2019,town,71499816.0,72086669.0,14.8,101.6,14.5,47,2019-comparison-of-full-value-tax-rates-ranking-order.pdf
Randolph,2020,town,73316897.0,78514813.0,15.1,94.7,13.87,47,2020-comparison-of-full-value-tax-rates-ranking-order.pdf
Randolph,2021,town,77342820.0,93079431.0,15.46,84.2,12.58,61,2021-comparison-of-full-value-tax-rates-ranking-order.pdf
Randolph,2022,town,78101878.0,117543442.0,16.92,67.2,11.2,64,2022-comparison-of-full-value-tax-rates-ranking-order.pdf
Randolph,2023,town,76159651.0,131981424.0,19.54,58.1,11.18,59,2023-comparison-of-full-value-tax-rates-ranking-order.pdf
Randolph,2024,town,137554191.0,128044516.0,11.14,108.1,11.93,73,2024-comparison-of-full-value-tax-rates-ranking-order.pdf
Raymond,2019,town,954638228.0,1192260746.0,26.59,80.1,20.97,123,2019-comparison-of-full-value-tax-rates-ranking-order.pdf
Raymond,2020,town,969196894.0,1275739744.0,26.2,76.0,19.6,113,2020-comparison-of-full-value-tax-rates-ranking-order.pdf
Raymond,2021,town,1330345509.0,1432571817.0,18.51,92.9,16.96,126,2021-comparison-of-full-value-tax-rates-ranking-order.pdf
Raymond,2022,town,1362273789.0,1714174647.0,18.29,79.5,14.34,113,2022-comparison-of-full-value-tax-rates-ranking-order.pdf
Raymond,2023,town,1371590153.0,1954460865.0,20.72,70.2,14.34,105,2023-comparison-of-full-value-tax-rates-ranking-order.pdf
Raymond,2024,town,1379910566.0,2072596187.0,21.91,66.6,14.39,116,2024-comparison-of-full-value-tax-rates-ranking-order.pdf
Richmond,2019,town,101083354.0,109449935.0,24.19,92.3,22.22,142,2019-comparison-of-full-value-tax-rates-ranking-order.pdf
Richmond,2020,town,107618539.0,124755313.0,23.71,86.2,20.26,125,2020-comparison-of-full-value-tax-rates-ranking-order.pdf
Richmond,2021,town,108868284.0,139606588.0,23.45,77.9,18.13,161,2021-comparison-of-full-value-tax-rates-ranking-order.pdf
Richmond,2022,town,171493744.0,180257553.0,14.74,95.1,13.95,107,2022-comparison-of-full-value-tax-rates-ranking-order.pdf
Richmond,2023,town,172930754.0,203509965.0,14.69,84.9,12.39,75,2023-comparison-of-full-value-tax-rates-ranking-order.pdf
Richmond,2024,town,173033425.0,225732093.0,17.86,76.6,13.61,98,2024-comparison-of-full-value-tax-rates-ranking-order.pdf
Rindge,2019,town,557397684.0,699949144.0,27.76,79.7,21.56,130,2019-comparison-of-full-value-tax-rates-ranking-order.pdf
Rindge,2020,town,702330670.0,766328505.0,22.45,91.7,20.15,122,2020-comparison-of-full-value-tax-rates-ranking-order.pdf
Rindge,2021,town,713449721.0,934332997.0,22.65,76.4,16.94,125,2021-comparison-of-full-value-tax-rates-ranking-order.pdf
Rindge,2022,town,737055840.0,1152021544.0,23.03,64.0,14.46,117,2022-comparison-of-full-value-tax-rates-ranking-order.pdf
Rindge,2023,town,756396301.0,1286916998.0,25.04,58.8,14.45,107,2023-comparison-of-full-value-tax-rates-ranking-order.pdf
Rindge,2024,town,773508251.0,1402337575.0,25.31,55.2,13.83,105,2024-comparison-of-full-value-tax-rates-ranking-order.pdf
Rochester,2019,city,2724627077.0,2799860390.0,24.9,99.0,23.54,167,2019-comparison-of-full-value-tax-rates-ranking-order.pdf
Rochester,2020,city,2852160415.0,3131368173.0,24.61,92.4,21.76,156,2020-comparison-of-full-value-tax-rates-ranking-order.pdf
Rochester,2021,city,2890951889.0,3993154782.0,24.65,73.5,17.31,133,2021-comparison-of-full-value-tax-rates-ranking-order.pdf
Rochester,2022,city,2916536002.0,4798203119.0,25.28,61.7,15.12,135,2022-comparison-of-full-value-tax-rates-ranking-order.pdf
Rochester,2023,city,2937529199.0,5046028819.0,25.74,59.1,14.71,115,2023-comparison-of-full-value-tax-rates-ranking-order.pdf
Rochester,2024,city,5323486993.0,5546851049.0,14.85,97.4,13.92,106,2024-comparison-of-full-value-tax-rates-ranking-order.pdf
Rollinsford,2019,town,296506401.0,328393844.0,22.61,90.3,20.31,116,2019-comparison-of-full-value-tax-rates-ranking-order.pdf
Rollinsford,2020,town,287981501.0,345768582.0,24.68,83.8,20.46,132,2020-comparison-of-full-value-tax-rates-ranking-order.pdf
Rollinsford,2021,town,293496951.0,399032581.0,24.38,74.0,17.84,151,2021-comparison-of-full-value-tax-rates-ranking-order.pdf
Rollinsford,2022,town,474013212.0,475231972.0,14.87,100.5,14.9,129,2022-comparison-of-full-value-tax-rates-ranking-order.pdf
Rollinsford,2023,town,477871399.0,522962765.0,15.38,91.8,14.09,103,2023-comparison-of-full-value-tax-rates-ranking-order.pdf
Rollinsford,2024,town,492099849.0,592380518.0,16.41,83.4,13.66,100,2024-comparison-of-full-value-tax-rates-ranking-order.pdf
Roxbury,2019,town,24549554.0,27075016.0,25.28,102.8,22.8,155,2019-comparison-of-full-value-tax-rates-ranking-order.pdf
Roxbury,2020,town,24902314.0,27718112.0,25.37,101.6,22.63,170,2020-comparison-of-full-value-tax-rates-ranking-order.pdf
Roxbury,2021,town,24852742.0,30365333.0,26.04,92.5,21.18,207,2021-comparison-of-full-value-tax-rates-ranking-order.pdf
Roxbury,2022,town,24838842.0,36713847.0,24.13,77.1,18.55,199,2022-comparison-of-full-value-tax-rates-ranking-order.pdf
Roxbury,2023,town,24579562.0,39753710.0,27.52,69.5,19.07,206,2023-comparison-of-full-value-tax-rates-ranking-order.pdf
Roxbury,2024,town,43482235.0,46895117.0,15.64,105.2,16.4,169,2024-comparison-of-full-value-tax-rates-ranking-order.pdf
Rumney,2019,town,197319432.0,207141801.0,22.94,95.4,21.69,132,2019-comparison-of-full-value-tax-rates-ranking-order.pdf
Rumney,2020,town,196736066.0,231450004.0,23.94,85.1,20.22,124,2020-comparison-of-full-value-tax-rates-ranking-order.pdf
Rumney,2021,town,200266649.0,328420109.0,23.84,61.0,14.43,77,2021-comparison-of-full-value-tax-rates-ranking-order.pdf
Rumney,2022,town,201381430.0,347602622.0,23.0,58.0,13.27,88,2022-comparison-of-full-value-tax-rates-ranking-order.pdf
Rumney,2023,town,201063680.0,345247557.0,23.88,58.3,13.83,95,2023-comparison-of-full-value-tax-rates-ranking-order.pdf
Rumney,2024,town,375092027.0,376956683.0,14.44,99.6,14.32,115,2024-comparison-of-full-value-tax-rates-ranking-order.pdf
Rye,2019,town,2160877300.0,2536438251.0,10.22,85.3,8.68,17,2019-comparison-of-full-value-tax-rates-ranking-order.pdf
Rye,2020,town,2193333600.0,2734874775.0,10.22,80.3,8.17,13,2020-comparison-of-full-value-tax-rates-ranking-order.pdf
Rye,2021,town,2208227800.0,3199642143.0,10.22,69.1,7.03,16,2021-comparison-of-full-value-tax-rates-ranking-order.pdf
Rye,2022,town,3248659300.0,3827393251.0,6.98,85.0,5.92,15,2022-comparison-of-full-value-tax-rates-ranking-order.pdf
Rye,2023,town,3267571900.0,4912360545.0,8.03,66.6,5.34,12,2023-comparison-of-full-value-tax-rates-ranking-order.pdf
Rye,2024,town,3291887400.0,4640972889.0,8.66,71.0,6.14,15,2024-comparison-of-full-value-tax-rates-ranking-order.pdf
Salem,2019,town,4609602481.0,5758775055.0,21.98,80.1,17.49,70,2019-comparison-of-full-value-tax-rates-ranking-order.pdf
Salem,2020,town,4699305127.0,6021392429.0,22.02,78.1,17.07,72,2020-comparison-of-full-value-tax-rates-ranking-order.pdf
Salem,2021,town,6482231810.0,6871735418.0,15.98,94.4,15.0,81,2021-comparison-of-full-value-tax-rates-ranking-order.pdf
Salem,2022,town,6543395718.0,7985891331.0,16.05,82.0,13.08,83,2022-comparison-of-full-value-tax-rates-ranking-order.pdf
Salem,2023,town,6593214998.0,8502565562.0,16.96,77.6,13.07,84,2023-comparison-of-full-value-tax-rates-ranking-order.pdf
Salem,2024,town,6686561702.0,9345870174.0,17.6,71.6,12.51,82,2024-comparison-of-full-value-tax-rates-ranking-order.pdf
Salisbury,2019,town,151123465.0,174084412.0,23.14,88.0,19.77,104,2019-comparison-of-full-value-tax-rates-ranking-order.pdf
Salisbury,2020,town,150628173.0,176485725.0,24.6,86.5,20.72,138,2020-comparison-of-full-value-tax-rates-ranking-order.pdf
Salisbury,2021,town,154331044.0,223968186.0,23.75,69.8,16.16,104,2021-comparison-of-full-value-tax-rates-ranking-order.pdf
Salisbury,2022,town,245036543.0,261376209.0,15.96,95.0,15.04,132,2022-comparison-of-full-value-tax-rates-ranking-order.pdf
Salisbury,2023,town,250886107.0,266140690.0,16.2,95.8,15.37,138,2023-comparison-of-full-value-tax-rates-ranking-order.pdf
Salisbury,2024,town,252982952.0,316286564.0,16.21,81.2,13.04,89,2024-comparison-of-full-value-tax-rates-ranking-order.pdf
Sanbornton,2019,town,530893265.0,547089540.0,19.22,97.2,18.59,86,2019-comparison-of-full-value-tax-rates-ranking-order.pdf
Sanbornton,2020,town,533205102.0,589352746.0,20.18,90.6,18.19,89,2020-comparison-of-full-value-tax-rates-ranking-order.pdf
Sanbornton,2021,town,535708122.0,747013568.0,18.38,71.8,13.14,65,2021-comparison-of-full-value-tax-rates-ranking-order.pdf
Sanbornton,2022,town,536154798.0,917571428.0,19.87,58.5,11.59,69,2022-comparison-of-full-value-tax-rates-ranking-order.pdf
Sanbornton,2023,town,956191397.0,993429653.0,12.04,96.4,11.58,65,2023-comparison-of-full-value-tax-rates-ranking-order.pdf
Sanbornton,2024,town,966069841.0,1068992908.0,12.81,90.5,11.57,67,2024-comparison-of-full-value-tax-rates-ranking-order.pdf
Sandown,2019,town,672840480.0,773362993.0,26.96,87.0,23.11,161,2019-comparison-of-full-value-tax-rates-ranking-order.pdf
Sandown,2020,town,681492870.0,857200947.0,27.66,79.5,21.71,155,2020-comparison-of-full-value-tax-rates-ranking-order.pdf
Sandown,2021,town,688489880.0,1000671084.0,28.98,68.8,19.69,184,2021-comparison-of-full-value-tax-rates-ranking-order.pdf
Sandown,2022,town,701922639.0,1165940982.0,28.37,60.2,16.88,178,2022-comparison-of-full-value-tax-rates-ranking-order.pdf
Sandown,2023,town,1148731070.0,1215576010.0,20.9,94.5,19.58,211,2023-comparison-of-full-value-tax-rates-ranking-order.pdf
Sandown,2024,town,1166194000.0,1359179103.0,17.72,85.8,15.05,136,2024-comparison-of-full-value-tax-rates-ranking-order.pdf
Sandwich,2019,town,445469605.0,455266261.0,14.23,98.0,13.86,41,2019-comparison-of-full-value-tax-rates-ranking-order.pdf
Sandwich,2020,town,447957191.0,503937120.0,14.47,89.0,12.81,34,2020-comparison-of-full-value-tax-rates-ranking-order.pdf
Sandwich,2021,town,452569382.0,600795507.0,14.47,75.4,10.85,43,2021-comparison-of-full-value-tax-rates-ranking-order.pdf
Sandwich,2022,town,455674124.0,748784448.0,14.41,60.9,8.75,38,2022-comparison-of-full-value-tax-rates-ranking-order.pdf
Sandwich,2023,town,457432988.0,835513259.0,15.42,54.8,8.42,29,2023-comparison-of-full-value-tax-rates-ranking-order.pdf
Sandwich,2024,town,816061391.0,847387369.0,9.05,96.4,8.7,38,2024-comparison-of-full-value-tax-rates-ranking-order.pdf
Sargent's Purchase,2019,unincorporated,1888530.0,2183272.0,0.0,86.5,0.0,N/A,2019-comparison-of-full-value-tax-rates-ranking-order.pdf
Sargent's Purchase,2020,unincorporated,1888530.0,2168232.0,0.0,87.1,0.0,N/A,2020-comparison-of-full-value-tax-rates-ranking-order.pdf
Sargent's Purchase,2021,unincorporated,1888530.0,2264424.0,0.0,83.4,0.0,N/A,2021-comparison-of-full-value-tax-rates-ranking-order.pdf
Sargent's Purchase,2022,unincorporated,1888530.0,2648710.0,0.0,71.3,0.0,N/A,2022-comparison-of-full-value-tax-rates-ranking-order.pdf
Sargent's Purchase,2023,unincorporated,2461220.0,2328496.0,0.0,105.7,0.0,N/A,2023-comparison-of-full-value-tax-rates-ranking-order.pdf
Sargent's Purchase,2024,unincorporated,2461220.0,4074868.0,0.0,60.4,0.0,N/A,2024-comparison-of-full-value-tax-rates-ranking-order.pdf
Seabrook,2019,town,2765266650.0,3005723286.0,15.75,92.0,13.61,39,2019-comparison-of-full-value-tax-rates-ranking-order.pdf
Seabrook,2020,town,2762837150.0,3097349207.0,15.97,89.2,13.4,40,2020-comparison-of-full-value-tax-rates-ranking-order.pdf
Seabrook,2021,town,3310926800.0,3575513660.0,13.73,92.6,12.04,56,2021-comparison-of-full-value-tax-rates-ranking-order.pdf
Seabrook,2022,town,3627965500.0,4462439855.0,13.25,81.3,10.28,51,2022-comparison-of-full-value-tax-rates-ranking-order.pdf
Seabrook,2023,town,3515260900.0,4718469374.0,15.09,74.5,10.69,57,2023-comparison-of-full-value-tax-rates-ranking-order.pdf
Seabrook,2024,town,4623544662.0,5177539871.0,11.72,89.3,9.97,50,2024-comparison-of-full-value-tax-rates-ranking-order.pdf
Second College Grant,2019,unincorporated,1404232.0,1532212.0,0.0,86.5,0.0,N/A,2019-comparison-of-full-value-tax-rates-ranking-order.pdf
Second College Grant,2020,unincorporated,1387570.0,1598650.0,0.0,87.1,0.0,N/A,2020-comparison-of-full-value-tax-rates-ranking-order.pdf
Second College Grant,2021,unincorporated,1557508.0,1823706.0,0.0,83.4,0.0,N/A,2021-comparison-of-full-value-tax-rates-ranking-order.pdf
Second College Grant,2022,unincorporated,1407854.0,1829986.0,0.0,71.3,0.0,N/A,2022-comparison-of-full-value-tax-rates-ranking-order.pdf
Second College Grant,2023,unincorporated,1746630.0,1697371.0,0.0,105.7,0.0,N/A,2023-comparison-of-full-value-tax-rates-ranking-order.pdf
Second College Grant,2024,unincorporated,1811563.0,2362016.0,0.0,60.4,0.0,N/A,2024-comparison-of-full-value-tax-rates-ranking-order.pdf
Sharon,2019,town,55603218.0,54220065.0,22.12,102.6,22.66,153,2019-comparison-of-full-value-tax-rates-ranking-order.pdf
Sharon,2020,town,57517691.0,58074505.0,22.6,99.0,22.34,167,2020-comparison-of-full-value-tax-rates-ranking-order.pdf
Sharon,2021,town,57926860.0,64923499.0,22.35,89.1,19.9,188,2021-comparison-of-full-value-tax-rates-ranking-order.pdf
Sharon,2022,town,58559517.0,79484240.0,23.21,73.5,17.08,183,2022-comparison-of-full-value-tax-rates-ranking-order.pdf
Sharon,2023,town,58998077.0,85453222.0,23.27,69.0,16.05,154,2023-comparison-of-full-value-tax-rates-ranking-order.pdf
Sharon,2024,town,105655908.0,109575016.0,15.36,96.4,14.8,127,2024-comparison-of-full-value-tax-rates-ranking-order.pdf
Shelburne,2019,town,78679336.0,72185265.0,15.44,110.0,16.04,55,2019-comparison-of-full-value-tax-rates-ranking-order.pdf
Shelburne,2020,town,82891877.0,81975606.0,15.74,101.9,15.2,59,2020-comparison-of-full-value-tax-rates-ranking-order.pdf
Shelburne,2021,town,87600481.0,88607689.0,16.25,99.7,15.54,91,2021-comparison-of-full-value-tax-rates-ranking-order.pdf
Shelburne,2022,town,92076907.0,117593003.0,15.28,78.8,11.73,71,2022-comparison-of-full-value-tax-rates-ranking-order.pdf
Shelburne,2023,town,84038590.0,121427608.0,17.61,69.6,11.94,70,2023-comparison-of-full-value-tax-rates-ranking-order.pdf
Shelburne,2024,town,79966237.0,123075206.0,18.95,65.3,12.11,74,2024-comparison-of-full-value-tax-rates-ranking-order.pdf
Somersworth,2019,city,1072392754.0,1104489258.0,27.28,97.6,26.33,196,2019-comparison-of-full-value-tax-rates-ranking-order.pdf
Somersworth,2020,city,1097637502.0,1245262272.0,27.85,88.6,24.39,194,2020-comparison-of-full-value-tax-rates-ranking-order.pdf
Somersworth,2021,city,1121792195.0,1477860573.0,27.53,76.3,20.77,203,2021-comparison-of-full-value-tax-rates-ranking-order.pdf
Somersworth,2022,city,1140108548.0,1715260861.0,28.09,66.6,18.6,200,2022-comparison-of-full-value-tax-rates-ranking-order.pdf
Somersworth,2023,city,1151442051.0,2138045717.0,29.3,54.1,15.76,146,2023-comparison-of-full-value-tax-rates-ranking-order.pdf
Somersworth,2024,city,1928557480.0,2041702976.0,18.7,95.0,17.67,187,2024-comparison-of-full-value-tax-rates-ranking-order.pdf
South Hampton,2019,town,170647498.0,173048136.0,17.85,98.6,17.32,68,2019-comparison-of-full-value-tax-rates-ranking-order.pdf
South Hampton,2020,town,171060087.0,177440178.0,18.99,96.4,18.04,88,2020-comparison-of-full-value-tax-rates-ranking-order.pdf
South Hampton,2021,town,172784190.0,205143414.0,19.93,84.2,16.56,118,2021-comparison-of-full-value-tax-rates-ranking-order.pdf
South Hampton,2022,town,175461271.0,248446076.0,19.86,70.6,13.85,102,2022-comparison-of-full-value-tax-rates-ranking-order.pdf
South Hampton,2023,town,269450223.0,252797369.0,13.8,106.6,14.6,112,2023-comparison-of-full-value-tax-rates-ranking-order.pdf
South Hampton,2024,town,270767721.0,296171082.0,13.8,91.4,12.52,83,2024-comparison-of-full-value-tax-rates-ranking-order.pdf
Springfield,2019,town,209877588.0,228723540.0,21.99,91.9,20.07,107,2019-comparison-of-full-value-tax-rates-ranking-order.pdf
Springfield,2020,town,237139471.0,239871849.0,19.58,99.0,19.27,108,2020-comparison-of-full-value-tax-rates-ranking-order.pdf
Springfield,2021,town,239846936.0,307669763.0,19.83,78.0,15.39,90,2021-comparison-of-full-value-tax-rates-ranking-order.pdf
Springfield,2022,town,242070488.0,364303980.0,20.54,66.5,13.62,93,2022-comparison-of-full-value-tax-rates-ranking-order.pdf
Springfield,2023,town,246849268.0,376699000.0,23.27,65.6,15.19,131,2023-comparison-of-full-value-tax-rates-ranking-order.pdf
Springfield,2024,town,248534662.0,410501440.0,23.66,60.6,14.27,113,2024-comparison-of-full-value-tax-rates-ranking-order.pdf
Stark,2019,town,76792216.0,77949264.0,18.07,99.6,17.36,69,2019-comparison-of-full-value-tax-rates-ranking-order.pdf
Stark,2020,town,77684947.0,84286996.0,18.0,93.1,16.15,63,2020-comparison-of-full-value-tax-rates-ranking-order.pdf
Stark,2021,town,77532993.0,90353644.0,19.92,86.7,16.75,122,2021-comparison-of-full-value-tax-rates-ranking-order.pdf
Stark,2022,town,80145577.0,148713370.0,16.36,54.3,8.74,37,2022-comparison-of-full-value-tax-rates-ranking-order.pdf
Stark,2023,town,76129379.0,159693240.0,20.72,48.0,9.81,46,2023-comparison-of-full-value-tax-rates-ranking-order.pdf
Stark,2024,town,157611198.0,198733325.0,10.86,79.7,8.55,35,2024-comparison-of-full-value-tax-rates-ranking-order.pdf
Stewartstown,2019,town,109759414.0,114254372.0,23.58,96.1,22.25,144,2019-comparison-of-full-value-tax-rates-ranking-order.pdf
Stewartstown,2020,town,110112642.0,120974730.0,23.62,91.0,21.14,146,2020-comparison-of-full-value-tax-rates-ranking-order.pdf
Stewartstown,2021,town,111314311.0,146242253.0,23.87,76.0,17.88,153,2021-comparison-of-full-value-tax-rates-ranking-order.pdf
Stewartstown,2022,town,112015211.0,191130340.0,24.36,58.5,14.13,112,2022-comparison-of-full-value-tax-rates-ranking-order.pdf
Stewartstown,2023,town,205525306.0,202556065.0,14.68,101.5,14.79,118,2023-comparison-of-full-value-tax-rates-ranking-order.pdf
Stewartstown,2024,town,204044347.0,240089339.0,15.98,84.9,13.48,97,2024-comparison-of-full-value-tax-rates-ranking-order.pdf
Stoddard,2019,town,293377810.0,304330945.0,15.1,96.4,14.48,46,2019-comparison-of-full-value-tax-rates-ranking-order.pdf
Stoddard,2020,town,294772010.0,320044731.0,16.41,92.1,15.04,58,2020-comparison-of-full-value-tax-rates-ranking-order.pdf
Stoddard,2021,town,297665750.0,395610538.0,16.57,75.2,12.41,59,2021-comparison-of-full-value-tax-rates-ranking-order.pdf
Stoddard,2022,town,303601070.0,447724022.0,16.33,67.8,11.03,61,2022-comparison-of-full-value-tax-rates-ranking-order.pdf
Stoddard,2023,town,305472110.0,505647996.0,16.98,60.4,10.19,51,2023-comparison-of-full-value-tax-rates-ranking-order.pdf
Stoddard,2024,town,462126040.0,497940366.0,11.76,92.8,10.84,55,2024-comparison-of-full-value-tax-rates-ranking-order.pdf
Strafford,2019,town,486299912.0,633104739.0,23.47,76.8,17.98,76,2019-comparison-of-full-value-tax-rates-ranking-order.pdf
Strafford,2020,town,493880100.0,662863727.0,25.65,74.5,19.06,103,2020-comparison-of-full-value-tax-rates-ranking-order.pdf
Strafford,2021,town,704578000.0,774917326.0,18.46,90.9,16.75,122,2021-comparison-of-full-value-tax-rates-ranking-order.pdf
Strafford,2022,town,725024400.0,1044103406.0,17.13,69.4,11.86,73,2022-comparison-of-full-value-tax-rates-ranking-order.pdf
Strafford,2023,town,725873900.0,1081693128.0,18.64,67.1,12.47,77,2023-comparison-of-full-value-tax-rates-ranking-order.pdf
Strafford,2024,town,730295100.0,1187282863.0,19.76,61.5,12.12,75,2024-comparison-of-full-value-tax-rates-ranking-order.pdf
Stratford,2019,town,76552940.0,86110748.0,25.74,89.4,22.04,137,2019-comparison-of-full-value-tax-rates-ranking-order.pdf
Stratford,2020,town,77729067.0,88626557.0,26.93,88.2,22.72,173,2020-comparison-of-full-value-tax-rates-ranking-order.pdf
Stratford,2021,town,101408522.0,106550561.0,19.28,95.7,17.8,148,2021-comparison-of-full-value-tax-rates-ranking-order.pdf
Stratford,2022,town,105598522.0,157247476.0,19.16,67.2,12.65,79,2022-comparison-of-full-value-tax-rates-ranking-order.pdf
Stratford,2023,town,106290898.0,204300031.0,19.11,52.1,9.75,44,2023-comparison-of-full-value-tax-rates-ranking-order.pdf
Stratford,2024,town,99382126.0,185388711.0,28.51,53.8,15.06,137,2024-comparison-of-full-value-tax-rates-ranking-order.pdf
Stratham,2019,town,1554473230.0,1576544944.0,18.63,98.6,18.28,81,2019-comparison-of-full-value-tax-rates-ranking-order.pdf
Stratham,2020,town,1595929954.0,1672875786.0,18.95,95.4,17.98,87,2020-comparison-of-full-value-tax-rates-ranking-order.pdf
Stratham,2021,town,1620796769.0,1981353871.0,18.52,81.8,15.06,82,2021-comparison-of-full-value-tax-rates-ranking-order.pdf
Stratham,2022,town,1627034595.0,2314357069.0,18.71,70.3,13.09,84,2022-comparison-of-full-value-tax-rates-ranking-order.pdf
Stratham,2023,town,1615334637.0,2425412215.0,20.91,66.6,13.85,96,2023-comparison-of-full-value-tax-rates-ranking-order.pdf
Stratham,2024,town,2575591486.0,2725468772.0,13.12,94.5,12.35,76,2024-comparison-of-full-value-tax-rates-ranking-order.pdf
Success,2019,unincorporated,12189520.0,14617082.0,7.37,86.5,6.14,9,2019-comparison-of-full-value-tax-rates-ranking-order.pdf
Success,2020,unincorporated,12145227.0,14605510.0,6.73,87.1,5.59,7,2020-comparison-of-full-value-tax-rates-ranking-order.pdf
Success,2021,unincorporated,12345648.0,15534238.0,6.07,83.4,4.81,9,2021-comparison-of-full-value-tax-rates-ranking-order.pdf
Success,2022,unincorporated,12158396.0,18029863.0,4.48,71.3,3.21,5,2022-comparison-of-full-value-tax-rates-ranking-order.pdf
Success,2023,unincorporated,15255993.0,15233231.0,4.56,105.7,4.8,10,2023-comparison-of-full-value-tax-rates-ranking-order.pdf
Success,2024,unincorporated,15455791.0,24996359.0,0.0,60.4,0.0,N/A,2024-comparison-of-full-value-tax-rates-ranking-order.pdf
Sugar Hill,2019,town,163260383.0,170215201.0,20.07,95.9,19.2,99,2019-comparison-of-full-value-tax-rates-ranking-order.pdf
Sugar Hill,2020,town,164818357.0,178737979.0,21.58,92.2,19.85,117,2020-comparison-of-full-value-tax-rates-ranking-order.pdf
Sugar Hill,2021,town,166497979.0,274427854.0,22.05,60.6,13.35,66,2021-comparison-of-full-value-tax-rates-ranking-order.pdf
Sugar Hill,2022,town,167739818.0,295792109.0,20.52,56.7,11.62,70,2022-comparison-of-full-value-tax-rates-ranking-order.pdf
Sugar Hill,2023,town,170318917.0,353993196.0,22.76,48.1,10.93,58,2023-comparison-of-full-value-tax-rates-ranking-order.pdf
Sugar Hill,2024,town,328252684.0,331562211.0,11.49,99.0,11.35,63,2024-comparison-of-full-value-tax-rates-ranking-order.pdf
Sullivan,2019,town,61764198.0,63917243.0,22.25,96.6,21.3,128,2019-comparison-of-full-value-tax-rates-ranking-order.pdf
Sullivan,2020,town,63639901.0,64947240.0,26.26,98.0,25.47,206,2020-comparison-of-full-value-tax-rates-ranking-order.pdf
Sullivan,2021,town,64533669.0,81332949.0,23.49,79.2,18.44,164,2021-comparison-of-full-value-tax-rates-ranking-order.pdf
Sullivan,2022,town,66091958.0,88438102.0,26.42,74.7,19.56,211,2022-comparison-of-full-value-tax-rates-ranking-order.pdf
Sullivan,2023,town,66486476.0,94534890.0,32.8,70.3,22.85,224,2023-comparison-of-full-value-tax-rates-ranking-order.pdf
Sullivan,2024,town,119312090.0,120875105.0,18.09,98.7,17.75,188,2024-comparison-of-full-value-tax-rates-ranking-order.pdf
Sunapee,2019,town,1247623517.0,1490567633.0,15.93,83.7,13.31,36,2019-comparison-of-full-value-tax-rates-ranking-order.pdf
Sunapee,2020,town,1452173388.0,1493989042.0,13.84,97.2,13.42,41,2020-comparison-of-full-value-tax-rates-ranking-order.pdf
Sunapee,2021,town,1472902842.0,1897921083.0,13.63,77.6,10.55,39,2021-comparison-of-full-value-tax-rates-ranking-order.pdf
Sunapee,2022,town,1481458412.0,2693315574.0,13.99,55.0,7.68,27,2022-comparison-of-full-value-tax-rates-ranking-order.pdf
Sunapee,2023,town,2397214362.0,2561085562.0,9.68,93.6,9.04,37,2023-comparison-of-full-value-tax-rates-ranking-order.pdf
Sunapee,2024,town,2419382716.0,2932501794.0,10.01,82.5,8.24,31,2024-comparison-of-full-value-tax-rates-ranking-order.pdf
Surry,2019,town,82603585.0,90631569.0,28.92,93.1,26.28,195,2019-comparison-of-full-value-tax-rates-ranking-order.pdf
Surry,2020,town,84940557.0,98340544.0,28.42,88.2,24.47,196,2020-comparison-of-full-value-tax-rates-ranking-order.pdf
Surry,2021,town,85873997.0,118704310.0,24.52,74.6,17.67,145,2021-comparison-of-full-value-tax-rates-ranking-order.pdf
Surry,2022,town,136160545.0,128202408.0,16.06,109.5,17.54,192,2022-comparison-of-full-value-tax-rates-ranking-order.pdf
Surry,2023,town,137558413.0,140313973.0,16.02,100.2,16.0,151,2023-comparison-of-full-value-tax-rates-ranking-order.pdf
Surry,2024,town,138863072.0,163850800.0,16.82,86.5,14.5,117,2024-comparison-of-full-value-tax-rates-ranking-order.pdf
Sutton,2019,town,260615209.0,326916115.0,30.09,79.7,23.9,172,2019-comparison-of-full-value-tax-rates-ranking-order.pdf
Sutton,2020,town,318651016.0,335704049.0,24.87,94.9,23.52,185,2020-comparison-of-full-value-tax-rates-ranking-order.pdf
Sutton,2021,town,321595890.0,429558920.0,24.16,74.8,18.02,158,2021-comparison-of-full-value-tax-rates-ranking-order.pdf
Sutton,2022,town,324738114.0,473934321.0,24.16,68.5,16.5,171,2022-comparison-of-full-value-tax-rates-ranking-order.pdf
Sutton,2023,town,327672038.0,536996228.0,25.37,61.0,15.41,139,2023-comparison-of-full-value-tax-rates-ranking-order.pdf
Sutton,2024,town,332978078.0,593406841.0,26.94,56.1,15.04,135,2024-comparison-of-full-value-tax-rates-ranking-order.pdf
Swanzey,2019,town,632164073.0,645072520.0,25.76,98.3,24.85,181,2019-comparison-of-full-value-tax-rates-ranking-order.pdf
Swanzey,2020,town,636557093.0,686489334.0,25.68,93.0,23.44,182,2020-comparison-of-full-value-tax-rates-ranking-order.pdf
Swanzey,2021,town,641140861.0,813838547.0,24.51,79.0,19.01,175,2021-comparison-of-full-value-tax-rates-ranking-order.pdf
Swanzey,2022,town,638132961.0,965179152.0,25.0,66.3,16.34,166,2022-comparison-of-full-value-tax-rates-ranking-order.pdf
Swanzey,2023,town,654537834.0,1131484119.0,26.87,58.0,15.32,135,2023-comparison-of-full-value-tax-rates-ranking-order.pdf
Swanzey,2024,town,1021278002.0,1102046352.0,19.06,92.9,17.38,183,2024-comparison-of-full-value-tax-rates-ranking-order.pdf
Tamworth,2019,town,403614473.0,406377067.0,21.54,100.8,21.23,127,2019-comparison-of-full-value-tax-rates-ranking-order.pdf
Tamworth,2020,town,404471381.0,437136690.0,22.48,93.8,20.63,135,2020-comparison-of-full-value-tax-rates-ranking-order.pdf
Tamworth,2021,town,401977901.0,579098117.0,22.14,69.9,15.25,86,2021-comparison-of-full-value-tax-rates-ranking-order.pdf
Tamworth,2022,town,403325604.0,667256461.0,23.77,60.9,14.39,114,2022-comparison-of-full-value-tax-rates-ranking-order.pdf
Tamworth,2023,town,404889408.0,711885882.0,25.23,57.3,14.35,106,2023-comparison-of-full-value-tax-rates-ranking-order.pdf
Tamworth,2024,town,726834263.0,744697730.0,14.43,98.4,14.14,110,2024-comparison-of-full-value-tax-rates-ranking-order.pdf
Temple,2019,town,161539440.0,162526923.0,22.58,99.4,22.39,145,2019-comparison-of-full-value-tax-rates-ranking-order.pdf
Temple,2020,town,163444852.0,171308967.0,24.16,95.4,22.98,174,2020-comparison-of-full-value-tax-rates-ranking-order.pdf
Temple,2021,town,164543255.0,216876925.0,23.41,75.8,17.7,146,2021-comparison-of-full-value-tax-rates-ranking-order.pdf
Temple,2022,town,165402772.0,245319768.0,24.96,67.4,16.78,177,2022-comparison-of-full-value-tax-rates-ranking-order.pdf
Temple,2023,town,168177661.0,283982534.0,24.79,59.2,14.63,113,2023-comparison-of-full-value-tax-rates-ranking-order.pdf
Temple,2024,town,298348767.0,293393761.0,15.99,101.7,16.23,166,2024-comparison-of-full-value-tax-rates-ranking-order.pdf
Thompson & Meserve's Purchase,2019,unincorporated,5368605.0,6576326.0,3.54,86.5,2.89,4,2019-comparison-of-full-value-tax-rates-ranking-order.pdf
Thompson & Meserve's Purchase,2020,unincorporated,5372770.0,6527266.0,2.78,87.1,2.28,2,2020-comparison-of-full-value-tax-rates-ranking-order.pdf
Thompson & Meserve's Purchase,2021,unincorporated,6293500.0,7992632.0,2.76,83.4,2.16,3,2021-comparison-of-full-value-tax-rates-ranking-order.pdf
Thompson & Meserve's Purchase,2022,unincorporated,6275420.0,9232800.0,2.19,71.3,1.56,2,2022-comparison-of-full-value-tax-rates-ranking-order.pdf
Thompson & Meserve's Purchase,2023,unincorporated,7413950.0,7350926.0,3.41,105.7,3.6,5,2023-comparison-of-full-value-tax-rates-ranking-order.pdf
Thompson & Meserve's Purchase,2024,unincorporated,8982460.0,15498711.0,1.97,60.4,1.18,1,2024-comparison-of-full-value-tax-rates-ranking-order.pdf
Thornton,2019,town,434303432.0,426229460.0,18.68,102.0,18.96,95,2019-comparison-of-full-value-tax-rates-ranking-order.pdf
Thornton,2020,town,437939988.0,471317708.0,20.11,93.0,18.61,96,2020-comparison-of-full-value-tax-rates-ranking-order.pdf
Thornton,2021,town,441265514.0,558294810.0,20.77,79.1,16.35,112,2021-comparison-of-full-value-tax-rates-ranking-order.pdf
Thornton,2022,town,454692703.0,765886289.0,20.01,59.4,11.85,72,2022-comparison-of-full-value-tax-rates-ranking-order.pdf
Thornton,2023,town,470398791.0,860428881.0,20.76,54.7,11.33,61,2023-comparison-of-full-value-tax-rates-ranking-order.pdf
Thornton,2024,town,966363557.0,956318325.0,11.37,101.1,11.47,65,2024-comparison-of-full-value-tax-rates-ranking-order.pdf
Tilton,2019,town,622860167.0,627480886.0,19.61,99.3,19.31,101,2019-comparison-of-full-value-tax-rates-ranking-order.pdf
Tilton,2020,town,634980968.0,680080305.0,18.47,93.4,17.1,73,2020-comparison-of-full-value-tax-rates-ranking-order.pdf
Tilton,2021,town,645043192.0,918954410.0,16.36,70.2,11.38,48,2021-comparison-of-full-value-tax-rates-ranking-order.pdf
Tilton,2022,town,659140267.0,947428518.0,16.07,69.6,11.1,62,2022-comparison-of-full-value-tax-rates-ranking-order.pdf
Tilton,2023,town,641346622.0,1205728179.0,17.71,53.2,9.34,41,2023-comparison-of-full-value-tax-rates-ranking-order.pdf
Tilton,2024,town,1079564801.0,1109924898.0,10.8,97.3,10.46,52,2024-comparison-of-full-value-tax-rates-ranking-order.pdf
Troy,2019,town,131567897.0,148789944.0,26.95,88.4,23.61,168,2019-comparison-of-full-value-tax-rates-ranking-order.pdf
Troy,2020,town,130773478.0,164251712.0,28.26,79.6,22.31,166,2020-comparison-of-full-value-tax-rates-ranking-order.pdf
Troy,2021,town,132145633.0,189815276.0,29.58,69.6,20.41,199,2021-comparison-of-full-value-tax-rates-ranking-order.pdf
Troy,2022,town,140062636.0,237328770.0,30.84,59.0,18.04,198,2022-comparison-of-full-value-tax-rates-ranking-order.pdf
Troy,2023,town,239684686.0,259092318.0,18.08,92.5,16.61,169,2023-comparison-of-full-value-tax-rates-ranking-order.pdf
Troy,2024,town,261104045.0,305348791.0,18.59,85.5,15.72,153,2024-comparison-of-full-value-tax-rates-ranking-order.pdf
Tuftonboro,2019,town,1202661808.0,1202255928.0,10.11,100.1,10.09,19,2019-comparison-of-full-value-tax-rates-ranking-order.pdf
Tuftonboro,2020,town,1210882308.0,1338258190.0,9.56,90.6,8.63,16,2020-comparison-of-full-value-tax-rates-ranking-order.pdf
Tuftonboro,2021,town,1216591134.0,1701257448.0,10.08,71.5,7.19,17,2021-comparison-of-full-value-tax-rates-ranking-order.pdf
Tuftonboro,2022,town,1849496728.0,2064571919.0,6.44,89.6,5.76,13,2022-comparison-of-full-value-tax-rates-ranking-order.pdf
Tuftonboro,2023,town,1871921030.0,2104698122.0,7.27,89.0,6.46,15,2023-comparison-of-full-value-tax-rates-ranking-order.pdf
Tuftonboro,2024,town,1891773240.0,2469496808.0,7.62,76.6,5.83,14,2024-comparison-of-full-value-tax-rates-ranking-order.pdf
Unity,2019,town,134002697.0,132951189.0,28.49,100.8,28.61,216,2019-comparison-of-full-value-tax-rates-ranking-order.pdf
Unity,2020,town,134684416.0,143777811.0,27.78,93.6,25.92,207,2020-comparison-of-full-value-tax-rates-ranking-order.pdf
Unity,2021,town,135431064.0,174635244.0,28.62,77.4,22.12,217,2021-comparison-of-full-value-tax-rates-ranking-order.pdf
Unity,2022,town,136077193.0,193667676.0,28.99,70.2,20.31,217,2022-comparison-of-full-value-tax-rates-ranking-order.pdf
Unity,2023,town,137609985.0,222792517.0,29.96,61.7,18.44,198,2023-comparison-of-full-value-tax-rates-ranking-order.pdf
Unity,2024,town,247906431.0,249892681.0,17.43,99.2,17.26,182,2024-comparison-of-full-value-tax-rates-ranking-order.pdf
Wakefield,2019,town,1121726317.0,1212936197.0,12.47,92.6,11.5,25,2019-comparison-of-full-value-tax-rates-ranking-order.pdf
Wakefield,2020,town,1134628923.0,1343043825.0,12.38,84.5,10.42,23,2020-comparison-of-full-value-tax-rates-ranking-order.pdf
Wakefield,2021,town,1145253926.0,1756887702.0,12.34,65.2,8.02,20,2021-comparison-of-full-value-tax-rates-ranking-order.pdf
Wakefield,2022,town,1153266471.0,1919561193.0,12.25,60.1,7.34,24,2022-comparison-of-full-value-tax-rates-ranking-order.pdf
Wakefield,2023,town,2279358522.0,2246402381.0,6.85,101.5,6.94,17,2023-comparison-of-full-value-tax-rates-ranking-order.pdf
Wakefield,2024,town,2277079490.0,2384853162.0,7.52,95.5,7.17,20,2024-comparison-of-full-value-tax-rates-ranking-order.pdf
Walpole,2019,town,430508720.0,447528044.0,25.51,101.2,24.4,176,2019-comparison-of-full-value-tax-rates-ranking-order.pdf
Walpole,2020,town,437937898.0,517122043.0,25.66,88.9,21.6,153,2020-comparison-of-full-value-tax-rates-ranking-order.pdf
Walpole,2021,town,439248688.0,619024359.0,25.43,74.5,17.94,154,2021-comparison-of-full-value-tax-rates-ranking-order.pdf
Walpole,2022,town,717799235.0,752388208.0,16.33,99.9,16.27,164,2022-comparison-of-full-value-tax-rates-ranking-order.pdf
Walpole,2023,town,752245574.0,773182896.0,16.24,97.3,15.71,145,2023-comparison-of-full-value-tax-rates-ranking-order.pdf
Walpole,2024,town,759107443.0,824193874.0,17.11,92.1,15.66,150,2024-comparison-of-full-value-tax-rates-ranking-order.pdf
Warner,2019,town,289899995.0,321137565.0,29.96,90.5,26.77,202,2019-comparison-of-full-value-tax-rates-ranking-order.pdf
Warner,2020,town,325276601.0,345417565.0,28.4,94.3,26.46,210,2020-comparison-of-full-value-tax-rates-ranking-order.pdf
Warner,2021,town,329256671.0,425367609.0,26.31,77.4,20.13,195,2021-comparison-of-full-value-tax-rates-ranking-order.pdf
Warner,2022,town,329611051.0,487506924.0,28.42,67.7,19.04,206,2022-comparison-of-full-value-tax-rates-ranking-order.pdf
Warner,2023,town,330906767.0,541382386.0,31.72,61.2,19.2,209,2023-comparison-of-full-value-tax-rates-ranking-order.pdf
Warner,2024,town,339149527.0,629821988.0,30.89,53.9,16.47,170,2024-comparison-of-full-value-tax-rates-ranking-order.pdf
Warren,2019,town,82857248.0,90183308.0,23.77,92.4,21.41,129,2019-comparison-of-full-value-tax-rates-ranking-order.pdf
Warren,2020,town,83490239.0,101553779.0,23.08,82.6,18.62,97,2020-comparison-of-full-value-tax-rates-ranking-order.pdf
Warren,2021,town,109904842.0,121294619.0,18.12,91.0,16.18,105,2021-comparison-of-full-value-tax-rates-ranking-order.pdf
Warren,2022,town,111323753.0,155326063.0,19.19,71.9,13.66,95,2022-comparison-of-full-value-tax-rates-ranking-order.pdf
Warren,2023,town,109983031.0,144127793.0,22.75,76.6,17.24,183,2023-comparison-of-full-value-tax-rates-ranking-order.pdf
Warren,2024,town,110716497.0,181337547.0,22.75,61.2,13.78,104,2024-comparison-of-full-value-tax-rates-ranking-order.pdf
Washington,2019,town,240719059.0,274182746.0,20.84,87.8,18.25,79,2019-comparison-of-full-value-tax-rates-ranking-order.pdf
Washington,2020,town,243004426.0,287674778.0,21.09,84.5,17.76,81,2020-comparison-of-full-value-tax-rates-ranking-order.pdf
Washington,2021,town,244741712.0,342709570.0,22.43,71.4,15.98,101,2021-comparison-of-full-value-tax-rates-ranking-order.pdf
Washington,2022,town,247093590.0,437936618.0,21.84,56.4,12.3,75,2022-comparison-of-full-value-tax-rates-ranking-order.pdf
Washington,2023,town,370981828.0,415433198.0,15.23,89.3,13.58,90,2023-comparison-of-full-value-tax-rates-ranking-order.pdf
Washington,2024,town,373584855.0,505408222.0,15.24,73.9,11.25,62,2024-comparison-of-full-value-tax-rates-ranking-order.pdf
Waterville Valley,2019,town,331659495.0,333107638.0,14.14,99.9,14.06,44,2019-comparison-of-full-value-tax-rates-ranking-order.pdf
Waterville Valley,2020,town,333091095.0,350349009.0,14.25,95.4,13.53,42,2020-comparison-of-full-value-tax-rates-ranking-order.pdf
Waterville Valley,2021,town,333664595.0,439353648.0,15.66,76.2,11.88,53,2021-comparison-of-full-value-tax-rates-ranking-order.pdf
Waterville Valley,2022,town,495024552.0,591573012.0,10.6,83.9,8.89,40,2022-comparison-of-full-value-tax-rates-ranking-order.pdf
Waterville Valley,2023,town,503998167.0,687129548.0,12.05,73.5,8.85,32,2023-comparison-of-full-value-tax-rates-ranking-order.pdf
Waterville Valley,2024,town,728495510.0,723210114.0,9.04,100.9,9.11,44,2024-comparison-of-full-value-tax-rates-ranking-order.pdf
Weare,2019,town,882151530.0,1024030694.0,23.71,86.3,20.23,113,2019-comparison-of-full-value-tax-rates-ranking-order.pdf
Weare,2020,town,894540684.0,1138533136.0,23.95,78.7,18.64,98,2020-comparison-of-full-value-tax-rates-ranking-order.pdf
Weare,2021,town,1264666656.0,1304803635.0,17.2,97.1,16.57,119,2021-comparison-of-full-value-tax-rates-ranking-order.pdf
Weare,2022,town,1288003623.0,1539489395.0,17.4,83.8,14.49,118,2022-comparison-of-full-value-tax-rates-ranking-order.pdf
Weare,2023,town,1296488441.0,1695353451.0,18.84,76.6,14.34,105,2023-comparison-of-full-value-tax-rates-ranking-order.pdf
Weare,2024,town,1305227191.0,1854249543.0,20.39,70.5,14.29,114,2024-comparison-of-full-value-tax-rates-ranking-order.pdf
Webster,2019,town,238626256.0,255611034.0,21.96,93.9,20.27,115,2019-comparison-of-full-value-tax-rates-ranking-order.pdf
Webster,2020,town,237887632.0,293494015.0,22.19,81.5,17.81,82,2020-comparison-of-full-value-tax-rates-ranking-order.pdf
Webster,2021,town,237196060.0,336470394.0,22.29,70.9,15.57,92,2021-comparison-of-full-value-tax-rates-ranking-order.pdf
Webster,2022,town,239675141.0,375454443.0,22.85,64.2,14.57,120,2022-comparison-of-full-value-tax-rates-ranking-order.pdf
Webster,2023,town,376363427.0,386747160.0,14.88,97.9,14.46,108,2023-comparison-of-full-value-tax-rates-ranking-order.pdf
Webster,2024,town,380114126.0,448009653.0,15.53,85.3,13.16,90,2024-comparison-of-full-value-tax-rates-ranking-order.pdf
Wentworth,2019,town,96958781.0,112853640.0,23.22,86.0,19.79,105,2019-comparison-of-full-value-tax-rates-ranking-order.pdf
Wentworth,2020,town,98395738.0,118062573.0,25.76,83.4,21.3,148,2020-comparison-of-full-value-tax-rates-ranking-order.pdf
Wentworth,2021,town,131219365.0,131080124.0,20.38,100.2,20.3,197,2021-comparison-of-full-value-tax-rates-ranking-order.pdf
Wentworth,2022,town,133371038.0,190958514.0,20.22,69.7,14.07,111,2022-comparison-of-full-value-tax-rates-ranking-order.pdf
Wentworth,2023,town,130842185.0,189457336.0,25.21,69.1,17.35,185,2023-comparison-of-full-value-tax-rates-ranking-order.pdf
Wentworth,2024,town,132557249.0,248476922.0,22.2,53.3,11.79,70,2024-comparison-of-full-value-tax-rates-ranking-order.pdf
Wentworth's Location,2019,unincorporated,7615785.0,8780135.0,7.7,86.5,6.65,10,2019-comparison-of-full-value-tax-rates-ranking-order.pdf
Wentworth's Location,2020,unincorporated,7697890.0,8848745.0,7.23,87.1,6.27,8,2020-comparison-of-full-value-tax-rates-ranking-order.pdf
Wentworth's Location,2021,unincorporated,7818236.0,9369200.0,9.2,83.4,7.64,19,2021-comparison-of-full-value-tax-rates-ranking-order.pdf
Wentworth's Location,2022,unincorporated,7899887.0,11037248.0,9.16,71.3,6.54,19,2022-comparison-of-full-value-tax-rates-ranking-order.pdf
Wentworth's Location,2023,unincorporated,13849850.0,13127677.0,7.07,105.7,7.45,20,2023-comparison-of-full-value-tax-rates-ranking-order.pdf
Wentworth's Location,2024,unincorporated,14033628.0,23015338.0,7.56,60.4,4.6,9,2024-comparison-of-full-value-tax-rates-ranking-order.pdf
Westmoreland,2019,town,166208847.0,187446446.0,26.85,88.6,23.77,170,2019-comparison-of-full-value-tax-rates-ranking-order.pdf
Westmoreland,2020,town,166470954.0,195767414.0,25.4,85.0,21.56,152,2020-comparison-of-full-value-tax-rates-ranking-order.pdf
Westmoreland,2021,town,198960842.0,204429279.0,20.4,97.3,19.82,185,2021-comparison-of-full-value-tax-rates-ranking-order.pdf
Westmoreland,2022,town,200715526.0,238926023.0,20.55,83.9,17.17,185,2022-comparison-of-full-value-tax-rates-ranking-order.pdf
Westmoreland,2023,town,202969344.0,279648137.0,21.29,72.5,15.36,137,2023-comparison-of-full-value-tax-rates-ranking-order.pdf
Westmoreland,2024,town,204594546.0,292213643.0,23.06,70.0,16.01,162,2024-comparison-of-full-value-tax-rates-ranking-order.pdf
Whitefield,2019,town,234960541.0,241597817.0,24.04,98.2,23.17,162,2019-comparison-of-full-value-tax-rates-ranking-order.pdf
Whitefield,2020,town,232528045.0,258356947.0,26.22,90.7,23.41,180,2020-comparison-of-full-value-tax-rates-ranking-order.pdf
Whitefield,2021,town,238305061.0,311321878.0,25.56,77.2,19.39,180,2021-comparison-of-full-value-tax-rates-ranking-order.pdf
Whitefield,2022,town,243801886.0,398296907.0,25.42,61.6,15.58,142,2022-comparison-of-full-value-tax-rates-ranking-order.pdf
Whitefield,2023,town,241971842.0,417935842.0,25.89,58.3,15.0,127,2023-comparison-of-full-value-tax-rates-ranking-order.pdf
Whitefield,2024,town,431724284.0,445926807.0,16.4,97.4,15.88,159,2024-comparison-of-full-value-tax-rates-ranking-order.pdf
Wilmot,2019,town,181542372.0,217657297.0,24.49,83.4,20.38,118,2019-comparison-of-full-value-tax-rates-ranking-order.pdf
Wilmot,2020,town,220802072.0,228118551.0,21.14,96.8,20.39,130,2020-comparison-of-full-value-tax-rates-ranking-order.pdf
Wilmot,2021,town,224236120.0,279463989.0,21.14,80.2,16.89,123,2021-comparison-of-full-value-tax-rates-ranking-order.pdf
Wilmot,2022,town,226129465.0,293684833.0,21.32,77.0,16.35,167,2022-comparison-of-full-value-tax-rates-ranking-order.pdf
Wilmot,2023,town,230972914.0,328982318.0,24.17,70.2,16.89,177,2023-comparison-of-full-value-tax-rates-ranking-order.pdf
Wilmot,2024,town,234017244.0,389923410.0,25.6,60.0,15.3,142,2024-comparison-of-full-value-tax-rates-ranking-order.pdf
Wilton,2019,town,378137917.0,469251678.0,29.04,80.6,23.31,165,2019-comparison-of-full-value-tax-rates-ranking-order.pdf
Wilton,2020,town,379153924.0,477128050.0,29.39,79.5,23.26,177,2020-comparison-of-full-value-tax-rates-ranking-order.pdf
Wilton,2021,town,556828156.0,574323487.0,19.22,97.0,18.56,168,2021-comparison-of-full-value-tax-rates-ranking-order.pdf
Wilton,2022,town,563226400.0,655790909.0,20.66,85.9,17.68,193,2022-comparison-of-full-value-tax-rates-ranking-order.pdf
Wilton,2023,town,567503022.0,760523416.0,22.2,74.6,16.5,167,2023-comparison-of-full-value-tax-rates-ranking-order.pdf
Wilton,2024,town,572092325.0,778848819.0,24.87,73.5,18.2,192,2024-comparison-of-full-value-tax-rates-ranking-order.pdf
Winchester,2019,town,276269908.0,293582055.0,35.64,94.6,33.22,224,2019-comparison-of-full-value-tax-rates-ranking-order.pdf
Winchester,2020,town,336126408.0,347000469.0,28.77,97.4,27.48,216,2020-comparison-of-full-value-tax-rates-ranking-order.pdf
Winchester,2021,town,347456574.0,428475081.0,31.79,81.4,25.42,230,2021-comparison-of-full-value-tax-rates-ranking-order.pdf
Winchester,2022,town,345261462.0,468792302.0,28.7,74.0,21.0,223,2022-comparison-of-full-value-tax-rates-ranking-order.pdf
Winchester,2023,town,340209480.0,564601199.0,31.68,60.5,18.93,204,2023-comparison-of-full-value-tax-rates-ranking-order.pdf
Winchester,2024,town,340396297.0,593821462.0,29.25,57.6,16.64,172,2024-comparison-of-full-value-tax-rates-ranking-order.pdf
Windham,2019,town,2404862820.0,3127881124.0,22.55,76.9,17.24,66,2019-comparison-of-full-value-tax-rates-ranking-order.pdf
Windham,2020,town,3070053270.0,3263136737.0,19.13,94.1,17.92,86,2020-comparison-of-full-value-tax-rates-ranking-order.pdf
Windham,2021,town,3100120674.0,4026771141.0,18.62,77.0,14.27,72,2021-comparison-of-full-value-tax-rates-ranking-order.pdf
Windham,2022,town,3131075090.0,4673961892.0,19.76,67.0,13.18,86,2022-comparison-of-full-value-tax-rates-ranking-order.pdf
Windham,2023,town,3172944390.0,4927611846.0,21.4,64.4,13.72,92,2023-comparison-of-full-value-tax-rates-ranking-order.pdf
Windham,2024,town,3205426200.0,5397097049.0,22.64,59.4,13.37,95,2024-comparison-of-full-value-tax-rates-ranking-order.pdf
Windsor,2019,town,28425939.0,26733715.0,11.81,110.6,12.5,30,2019-comparison-of-full-value-tax-rates-ranking-order.pdf
Windsor,2020,town,28777018.0,29130126.0,9.81,98.7,9.64,19,2020-comparison-of-full-value-tax-rates-ranking-order.pdf
Windsor,2021,town,36562221.0,34833459.0,8.94,105.0,9.36,29,2021-comparison-of-full-value-tax-rates-ranking-order.pdf
Windsor,2022,town,37093862.0,38219764.0,3.39,97.0,3.27,6,2022-comparison-of-full-value-tax-rates-ranking-order.pdf
Windsor,2023,town,37511601.0,48270258.0,10.92,77.6,8.46,30,2023-comparison-of-full-value-tax-rates-ranking-order.pdf
Windsor,2024,town,37770789.0,58398673.0,13.56,64.6,8.76,39,2024-comparison-of-full-value-tax-rates-ranking-order.pdf
Wolfeboro,2019,town,2003412225.0,2326208167.0,15.84,86.2,13.6,38,2019-comparison-of-full-value-tax-rates-ranking-order.pdf
Wolfeboro,2020,town,2378005348.0,2578743970.0,13.01,92.3,11.97,31,2020-comparison-of-full-value-tax-rates-ranking-order.pdf
Wolfeboro,2021,town,2393557637.0,3131191423.0,13.67,76.5,10.43,38,2021-comparison-of-full-value-tax-rates-ranking-order.pdf
Wolfeboro,2022,town,2426077544.0,3966216705.0,13.22,61.2,8.07,30,2022-comparison-of-full-value-tax-rates-ranking-order.pdf
Wolfeboro,2023,town,2457813729.0,4585185352.0,14.69,53.6,7.86,24,2023-comparison-of-full-value-tax-rates-ranking-order.pdf
Wolfeboro,2024,town,2481617637.0,4765416784.0,15.9,52.1,8.27,32,2024-comparison-of-full-value-tax-rates-ranking-order.pdf
Woodstock,2019,town,231248614.0,303290184.0,21.69,76.7,16.45,61,2019-comparison-of-full-value-tax-rates-ranking-order.pdf
Woodstock,2020,town,287685410.0,303534973.0,19.95,95.3,18.81,100,2020-comparison-of-full-value-tax-rates-ranking-order.pdf
Woodstock,2021,town,289910265.0,398866218.0,19.0,73.1,13.73,70,2021-comparison-of-full-value-tax-rates-ranking-order.pdf
Woodstock,2022,town,290105171.0,534126047.0,18.38,54.6,10.0,45,2022-comparison-of-full-value-tax-rates-ranking-order.pdf
Woodstock,2023,town,292799039.0,610319185.0,19.44,48.2,9.33,40,2023-comparison-of-full-value-tax-rates-ranking-order.pdf
Woodstock,2024,town,294432922.0,631829427.0,20.32,46.8,9.47,47,2024-comparison-of-full-value-tax-rates-ranking-order.pdf
