geoid,year,function_code,department,category,amount,kind,source
3300103220,2024,4130,EX ECUTIV E OFFICE,General Government,380498.0,appropriation,UNH Barnstead 2024 annual report — appropriation (text-form)
3300103220,2024,4140,"EL ECTION, REGISTRATION & V ITAL STATISTICS",General Government,199769.0,appropriation,UNH Barnstead 2024 annual report — appropriation (text-form)
3300103220,2024,4150,FINANCIAL ADMINISTRATION,General Government,100168.0,appropriation,UNH Barnstead 2024 annual report — appropriation (text-form)
3300103220,2024,4153,J UDICIAL & L EGAL EX PENSES,General Government,155785.0,appropriation,UNH Barnstead 2024 annual report — appropriation (text-form)
3300103220,2024,4155,PERSONNEL ADMINISTRATION,General Government,10498.0,appropriation,UNH Barnstead 2024 annual report — appropriation (text-form)
3300103220,2024,4191,PL ANNING & Z ONING,General Government,37318.0,appropriation,UNH Barnstead 2024 annual report — appropriation (text-form)
3300103220,2024,4194,GENERAL GOV ERNMENT BUIL DINGS,General Government,49097.0,appropriation,UNH Barnstead 2024 annual report — appropriation (text-form)
3300103220,2024,4195,CEMETERIES,General Government,2000.0,appropriation,UNH Barnstead 2024 annual report — appropriation (text-form)
3300103220,2024,4196,INSURANCE NOT AL L OCATED,General Government,93988.0,appropriation,UNH Barnstead 2024 annual report — appropriation (text-form)
3300103220,2024,4210,POL ICE DEPARTMENT,Public Safety,1075459.0,appropriation,UNH Barnstead 2024 annual report — appropriation (text-form)
3300103220,2024,4220,FIRE/RESCUE DEPARTMENT,Public Safety,1152961.0,appropriation,UNH Barnstead 2024 annual report — appropriation (text-form)
3300103220,2024,4240,BUIL DING INSPECTION,Public Safety,28922.0,appropriation,UNH Barnstead 2024 annual report — appropriation (text-form)
3300103220,2024,4290,EMERGENCY MANAGEMENT,Public Safety,3250.0,appropriation,UNH Barnstead 2024 annual report — appropriation (text-form)
3300103220,2024,4311,HSB ADMINISTRATION,Highways & Streets,636469.0,appropriation,UNH Barnstead 2024 annual report — appropriation (text-form)
3300103220,2024,4312,HIGHWAY S & STREETS,Highways & Streets,509100.0,appropriation,UNH Barnstead 2024 annual report — appropriation (text-form)
3300103220,2024,4313,BRIDGES,Highways & Streets,35000.0,appropriation,UNH Barnstead 2024 annual report — appropriation (text-form)
3300103220,2024,4316,STREET L IGHTING,Highways & Streets,6500.0,appropriation,UNH Barnstead 2024 annual report — appropriation (text-form)
3300103220,2024,4319,OTHER HIGHWAY STREETS & BRIDGES,Highways & Streets,151000.0,appropriation,UNH Barnstead 2024 annual report — appropriation (text-form)
3300103220,2024,4325,SOL ID WASTE DISPOSAL,Sanitation,257793.0,appropriation,UNH Barnstead 2024 annual report — appropriation (text-form)
3300103220,2024,4329,OTHER WASTE DISPOSAL,Sanitation,350.0,appropriation,UNH Barnstead 2024 annual report — appropriation (text-form)
3300103220,2024,4411,HEAL TH ADMINISTRATION,Health,2475.0,appropriation,UNH Barnstead 2024 annual report — appropriation (text-form)
3300103220,2024,4414,ANIMAL CONTROL,Health,1000.0,appropriation,UNH Barnstead 2024 annual report — appropriation (text-form)
3300103220,2024,4441,WEL FARE ADMINISTRATION,Welfare,4118.0,appropriation,UNH Barnstead 2024 annual report — appropriation (text-form)
3300103220,2024,4442,WEL FARE DIRECT ASSISTANCE,Welfare,25000.0,appropriation,UNH Barnstead 2024 annual report — appropriation (text-form)
3300103220,2024,4444,WEL FARE INTERGOV ERNMENTAL,Welfare,7500.0,appropriation,UNH Barnstead 2024 annual report — appropriation (text-form)
3300103220,2024,4520,PARK S & RECREATION,Culture & Recreation,29404.0,appropriation,UNH Barnstead 2024 annual report — appropriation (text-form)
3300103220,2024,4550,L IBRARY,Culture & Recreation,178681.0,appropriation,UNH Barnstead 2024 annual report — appropriation (text-form)
3300103220,2024,4583,PATRIOTIC PURPOSES,Culture & Recreation,3500.0,appropriation,UNH Barnstead 2024 annual report — appropriation (text-form)
3300103220,2024,4589,OTHER CUL TURE & REC,Culture & Recreation,5500.0,appropriation,UNH Barnstead 2024 annual report — appropriation (text-form)
3300103220,2024,4790,DEBT SERV ICE,Debt Service,100.0,appropriation,UNH Barnstead 2024 annual report — appropriation (text-form)
3300103220,2024,4902,"MACHINERY , V EHICL ES, & EQUIPMENT",Capital Outlay,86100.0,appropriation,UNH Barnstead 2024 annual report — appropriation (text-form)
3300103220,2024,4915,TO CAPITAL RESERV E FUND,Operating Transfers,205000.0,appropriation,UNH Barnstead 2024 annual report — appropriation (text-form)
3300103220,2024,4916,TO EX PENDABL E TRUST FUND,Operating Transfers,688750.0,appropriation,UNH Barnstead 2024 annual report — appropriation (text-form)
3300104740,2025,4130,Executive,General Government,407138.0,appropriation,UNH Belmont 2025 annual report — appropriation (text-form)
3300104740,2025,4140,"Election, Registration, and Vital Statistics",General Government,135237.0,appropriation,UNH Belmont 2025 annual report — appropriation (text-form)
3300104740,2025,4150,Financial Administration,General Government,329555.0,appropriation,UNH Belmont 2025 annual report — appropriation (text-form)
3300104740,2025,4152,Property Assessment,General Government,112520.0,appropriation,UNH Belmont 2025 annual report — appropriation (text-form)
3300104740,2025,4153,Legal Expense,General Government,35000.0,appropriation,UNH Belmont 2025 annual report — appropriation (text-form)
3300104740,2025,4191,Planning and Zoning,General Government,395103.0,appropriation,UNH Belmont 2025 annual report — appropriation (text-form)
3300104740,2025,4194,General Government Buildings,General Government,494503.0,appropriation,UNH Belmont 2025 annual report — appropriation (text-form)
3300104740,2025,4195,Cemeteries,General Government,21000.0,appropriation,UNH Belmont 2025 annual report — appropriation (text-form)
3300104740,2025,4196,Insurance Not Otherwise Allocated,General Government,316062.0,appropriation,UNH Belmont 2025 annual report — appropriation (text-form)
3300104740,2025,4210,Police,Public Safety,3239862.0,appropriation,UNH Belmont 2025 annual report — appropriation (text-form)
3300104740,2025,4220,Fire,Public Safety,2248318.0,appropriation,UNH Belmont 2025 annual report — appropriation (text-form)
3300104740,2025,4240,Building Inspection,Public Safety,136185.0,appropriation,UNH Belmont 2025 annual report — appropriation (text-form)
3300104740,2025,4290,Emergency Management,Public Safety,5000.0,appropriation,UNH Belmont 2025 annual report — appropriation (text-form)
3300104740,2025,4415,Health Agencies and Hospitals,Health,68891.0,appropriation,UNH Belmont 2025 annual report — appropriation (text-form)
3300104740,2025,4311,Highway Administration,Highways & Streets,83815.0,appropriation,UNH Belmont 2025 annual report — appropriation (text-form)
3300104740,2025,4441,Welfare Administration,Welfare,87585.0,appropriation,UNH Belmont 2025 annual report — appropriation (text-form)
3300104740,2025,4312,Highways and Streets,Highways & Streets,1277610.0,appropriation,UNH Belmont 2025 annual report — appropriation (text-form)
3300104740,2025,4316,Street Lighting,Highways & Streets,14400.0,appropriation,UNH Belmont 2025 annual report — appropriation (text-form)
3300104740,2025,4449,Other Welfare,Welfare,94050.0,appropriation,UNH Belmont 2025 annual report — appropriation (text-form)
3300104740,2025,4520,Parks and Recreation,Culture & Recreation,162584.0,appropriation,UNH Belmont 2025 annual report — appropriation (text-form)
3300104740,2025,4550,Library,Culture & Recreation,239930.0,appropriation,UNH Belmont 2025 annual report — appropriation (text-form)
3300104740,2025,4583,Patriotic Purposes,Culture & Recreation,17500.0,appropriation,UNH Belmont 2025 annual report — appropriation (text-form)
3300104740,2025,4589,Other Culture and Recreation,Culture & Recreation,250.0,appropriation,UNH Belmont 2025 annual report — appropriation (text-form)
3300104740,2025,4611,Conservation Administation,Conservation & Development,17214.0,appropriation,UNH Belmont 2025 annual report — appropriation (text-form)
3300104740,2025,4711,"Principal - Long Term Bonds, Notes, and Other Debt",Debt Service,184191.0,appropriation,UNH Belmont 2025 annual report — appropriation (text-form)
3300104740,2025,4721,"Interest - Long Term Bonds, Notes, and Other Debt",Debt Service,71689.0,appropriation,UNH Belmont 2025 annual report — appropriation (text-form)
3300104740,2025,4723,Interest on Tax and Revenue Anticipation Notes,Debt Service,1.0,appropriation,UNH Belmont 2025 annual report — appropriation (text-form)
3300104740,2025,4909,Improvements Other than Buildings,Capital Outlay,20000.0,appropriation,UNH Belmont 2025 annual report — appropriation (text-form)
3300167300,2024,4199,General Government,General Government,1536747.0,appropriation,UNH Sanbornton 2024 annual report — appropriation (text-form)
3300167300,2024,4210,Police Department,Public Safety,837535.0,appropriation,UNH Sanbornton 2024 annual report — appropriation (text-form)
3300167300,2024,4299,Fire Department & Emergency Mgmt.,Public Safety,887676.0,appropriation,UNH Sanbornton 2024 annual report — appropriation (text-form)
3300167300,2024,4319,Highways & Streets,Highways & Streets,1113750.0,appropriation,UNH Sanbornton 2024 annual report — appropriation (text-form)
3300167300,2024,4329,Sanitation,Sanitation,415053.0,appropriation,UNH Sanbornton 2024 annual report — appropriation (text-form)
3300167300,2024,4449,Health & Welfare,Welfare,186455.0,appropriation,UNH Sanbornton 2024 annual report — appropriation (text-form)
3300167300,2024,4520,Recreation,Culture & Recreation,181816.0,appropriation,UNH Sanbornton 2024 annual report — appropriation (text-form)
3300167300,2024,4550,Library,Culture & Recreation,211873.0,appropriation,UNH Sanbornton 2024 annual report — appropriation (text-form)
3300167300,2024,4589,Patriotic Purposes & Other Culture,Culture & Recreation,2751.0,appropriation,UNH Sanbornton 2024 annual report — appropriation (text-form)
3300167300,2024,4659,Conservation,Conservation & Development,5242.0,appropriation,UNH Sanbornton 2024 annual report — appropriation (text-form)
3300167300,2024,4799,Debt Service,Other,291711.0,appropriation,UNH Sanbornton 2024 annual report — appropriation (text-form)
3300177060,2025,4130,Executive,General Government,273192.0,appropriation,UNH Tilton 2025 annual report — appropriation (text-form)
3300177060,2025,4140,"Election, Registration, and Vital Statistics",General Government,168783.0,appropriation,UNH Tilton 2025 annual report — appropriation (text-form)
3300177060,2025,4150,Financial Administration,General Government,428817.0,appropriation,UNH Tilton 2025 annual report — appropriation (text-form)
3300177060,2025,4152,Property Assessment,General Government,35040.0,appropriation,UNH Tilton 2025 annual report — appropriation (text-form)
3300177060,2025,4153,Legal Expense,General Government,25000.0,appropriation,UNH Tilton 2025 annual report — appropriation (text-form)
3300177060,2025,4191,Planning and Zoning,General Government,95827.0,appropriation,UNH Tilton 2025 annual report — appropriation (text-form)
3300177060,2025,4194,General Government Buildings,General Government,40510.0,appropriation,UNH Tilton 2025 annual report — appropriation (text-form)
3300177060,2025,4195,Cemeteries,General Government,6000.0,appropriation,UNH Tilton 2025 annual report — appropriation (text-form)
3300177060,2025,4196,Insurance Not Otherwise Allocated,General Government,126370.0,appropriation,UNH Tilton 2025 annual report — appropriation (text-form)
3300177060,2025,4197,Advertising and Regional Associations,General Government,4270.0,appropriation,UNH Tilton 2025 annual report — appropriation (text-form)
3300177060,2025,4210,Police,Public Safety,2318357.0,appropriation,UNH Tilton 2025 annual report — appropriation (text-form)
3300177060,2025,4240,Building Inspection,Public Safety,35572.0,appropriation,UNH Tilton 2025 annual report — appropriation (text-form)
3300177060,2025,4290,Emergency Management,Public Safety,2.0,appropriation,UNH Tilton 2025 annual report — appropriation (text-form)
3300177060,2025,4299,Other Public Safety,Public Safety,51208.0,appropriation,UNH Tilton 2025 annual report — appropriation (text-form)
3300177060,2025,4311,Highway Administration,Highways & Streets,729188.0,appropriation,UNH Tilton 2025 annual report — appropriation (text-form)
3300177060,2025,4312,Highways and Streets,Highways & Streets,87501.0,appropriation,UNH Tilton 2025 annual report — appropriation (text-form)
3300177060,2025,4316,Street Lighting,Highways & Streets,16500.0,appropriation,UNH Tilton 2025 annual report — appropriation (text-form)
3300177060,2025,4323,Solid Waste Collection,Sanitation,361450.0,appropriation,UNH Tilton 2025 annual report — appropriation (text-form)
3300177060,2025,4324,Solid Waste Disposal,Sanitation,237000.0,appropriation,UNH Tilton 2025 annual report — appropriation (text-form)
3300177060,2025,4411,Health Administration,Health,28481.0,appropriation,UNH Tilton 2025 annual report — appropriation (text-form)
3300177060,2025,4415,Health Agencies and Hospitals,Health,58467.0,appropriation,UNH Tilton 2025 annual report — appropriation (text-form)
3300177060,2025,4441,Welfare Administration,Welfare,39240.0,appropriation,UNH Tilton 2025 annual report — appropriation (text-form)
3300177060,2025,4449,Other Welfare,Welfare,25000.0,appropriation,UNH Tilton 2025 annual report — appropriation (text-form)
3300177060,2025,4520,Parks and Recreation,Culture & Recreation,114196.0,appropriation,UNH Tilton 2025 annual report — appropriation (text-form)
3300177060,2025,4550,Library,Culture & Recreation,154148.0,appropriation,UNH Tilton 2025 annual report — appropriation (text-form)
3300177060,2025,4589,Other Culture and Recreation,Culture & Recreation,22602.0,appropriation,UNH Tilton 2025 annual report — appropriation (text-form)
3300177060,2025,4619,Other Conservation,Conservation & Development,8200.0,appropriation,UNH Tilton 2025 annual report — appropriation (text-form)
3300177060,2025,4652,Economic Development,Conservation & Development,2300.0,appropriation,UNH Tilton 2025 annual report — appropriation (text-form)
3300177060,2025,4711,"Principal - Long Term Bonds, Notes, and Other Debt",Debt Service,294890.0,appropriation,UNH Tilton 2025 annual report — appropriation (text-form)
3300177060,2025,4721,"Interest - Long Term Bonds, Notes, and Other Debt",Debt Service,147186.0,appropriation,UNH Tilton 2025 annual report — appropriation (text-form)
3300177060,2025,4723,Interest on Tax and Revenue Anticipation Notes,Debt Service,34000.0,appropriation,UNH Tilton 2025 annual report — appropriation (text-form)
3300177060,2025,4915,To Capital Reserve Funds,Operating Transfers,179000.0,appropriation,UNH Tilton 2025 annual report — appropriation (text-form)
3300303700,2024,4130,TOWN OFFICERS SALARIES,General Government,78300.0,appropriation,UNH Bartlett 2024 annual report — appropriation (text-form)
3300314660,2025,4220,Donations - Unspecified,Public Safety,1117.25,appropriation,UNH Conway 2025 annual report — appropriation (text-form)
3300314660,2025,4201,Donations,Other,1117.25,appropriation,UNH Conway 2025 annual report — appropriation (text-form)
3300314660,2025,4402,Appropriation Related Funds Received,Other,12315.02,appropriation,UNH Conway 2025 annual report — appropriation (text-form)
3300323620,2023,4130,Executive - 0 - 9 - ---,General Government,167844.0,appropriation,UNH Effingham 2023 annual report — appropriation (text-form)
3300323620,2023,4152,Property Assessment - 09 -- -,General Government,3.0,appropriation,UNH Effingham 2023 annual report — appropriation (text-form)
3300323620,2023,4153,Legal Expense - 09 -,General Government,70.0,appropriation,UNH Effingham 2023 annual report — appropriation (text-form)
3300323620,2023,4155,Personnel Administration 09 ---,General Government,14.0,appropriation,UNH Effingham 2023 annual report — appropriation (text-form)
3300323620,2023,4191,Planning and Zoning 09 ---··-,General Government,32.0,appropriation,UNH Effingham 2023 annual report — appropriation (text-form)
3300323620,2023,4195,Cemeteries,General Government,500.0,appropriation,UNH Effingham 2023 annual report — appropriation (text-form)
3300323620,2023,4196,Insuran - ce Not O - th - erw - is · e - All - oca - ted - 09 ----,General Government,8.0,appropriation,UNH Effingham 2023 annual report — appropriation (text-form)
3300323620,2023,4210,Police- -- -- -----09 ----,Public Safety,212043.0,appropriation,UNH Effingham 2023 annual report — appropriation (text-form)
3300323620,2023,4290,Emergency Manage - ment --- - --- ·- 09 -,Public Safety,2435.0,appropriation,UNH Effingham 2023 annual report — appropriation (text-form)
3300323620,2023,4312,Highways and Streets,Highways & Streets,585271.0,appropriation,UNH Effingham 2023 annual report — appropriation (text-form)
3300323620,2023,4316,Street Lighting,Highways & Streets,3564.0,appropriation,UNH Effingham 2023 annual report — appropriation (text-form)
3300323620,2023,4323,Solid Waste Collection,Sanitation,79915.0,appropriation,UNH Effingham 2023 annual report — appropriation (text-form)
3300323620,2023,4324,Solid Waste Disposal,Sanitation,87829.0,appropriation,UNH Effingham 2023 annual report — appropriation (text-form)
3300323620,2023,4325,Solid Waste Facilities Clean-Up,Sanitation,10499.0,appropriation,UNH Effingham 2023 annual report — appropriation (text-form)
3300323620,2023,4441,Welfare Administration,Welfare,13997.0,appropriation,UNH Effingham 2023 annual report — appropriation (text-form)
3300323620,2023,4445,Vendor Payments,Welfare,5338.0,appropriation,UNH Effingham 2023 annual report — appropriation (text-form)
3300323620,2023,4520,Parks and Recreation,Culture & Recreation,35000.0,appropriation,UNH Effingham 2023 annual report — appropriation (text-form)
3300323620,2023,4550,Library,Culture & Recreation,59792.0,appropriation,UNH Effingham 2023 annual report — appropriation (text-form)
3300323620,2023,4583,Patriotic Purposes,Culture & Recreation,763.0,appropriation,UNH Effingham 2023 annual report — appropriation (text-form)
3300323620,2023,4611,Conservation Admini-sta-ti-on- -,Conservation & Development,1876.0,appropriation,UNH Effingham 2023 annual report — appropriation (text-form)
3300323620,2023,4619,Other Conservation,Conservation & Development,3913.0,appropriation,UNH Effingham 2023 annual report — appropriation (text-form)
3300323620,2023,4901,Land,Capital Outlay,408078.0,appropriation,UNH Effingham 2023 annual report — appropriation (text-form)
3300323620,2023,4419,Other Health,Health,2500.0,appropriation,UNH Effingham 2023 annual report — appropriation (text-form)
3300323620,2023,4902,"Machinery, Vehicles, and Equipment",Capital Outlay,250000.0,appropriation,UNH Effingham 2023 annual report — appropriation (text-form)
3300323620,2023,4909,Improvements Other than Buildings,Capital Outlay,250000.0,appropriation,UNH Effingham 2023 annual report — appropriation (text-form)
3300323620,2023,4915,To Capital Reserve Funds,Operating Transfers,2000.0,appropriation,UNH Effingham 2023 annual report — appropriation (text-form)
3300323620,2023,4916,To Expendable Trusts,Operating Transfers,20000.0,appropriation,UNH Effingham 2023 annual report — appropriation (text-form)
3300323620,2023,4139,Executive,General Government,162500.0,appropriation,UNH Effingham 2023 annual report — appropriation (text-form)
3300323620,2023,4149,"Election, Registration, and Vital Statistics",General Government,45333.0,appropriation,UNH Effingham 2023 annual report — appropriation (text-form)
3300323620,2023,4151,Financial Administration,General Government,59447.0,appropriation,UNH Effingham 2023 annual report — appropriation (text-form)
3300323620,2023,4159,Personnel Administration,General Government,97662.0,appropriation,UNH Effingham 2023 annual report — appropriation (text-form)
3300323620,2023,4193,Planning and Zoning,General Government,34086.0,appropriation,UNH Effingham 2023 annual report — appropriation (text-form)
3300323620,2023,4194,General Government Buildings,General Government,73000.0,appropriation,UNH Effingham 2023 annual report — appropriation (text-form)
3300323620,2023,4197,Advertising and Regional Association,General Government,3000.0,appropriation,UNH Effingham 2023 annual report — appropriation (text-form)
3300323620,2023,4214,Police,Public Safety,234367.0,appropriation,UNH Effingham 2023 annual report — appropriation (text-form)
3300323620,2023,4219,Ambulance,Public Safety,120000.0,appropriation,UNH Effingham 2023 annual report — appropriation (text-form)
3300323620,2023,4229,Fire,Public Safety,153847.0,appropriation,UNH Effingham 2023 annual report — appropriation (text-form)
3300323620,2023,4298,Emergency Management,Public Safety,4490.0,appropriation,UNH Effingham 2023 annual report — appropriation (text-form)
3300323620,2023,4313,Bridges,Highways & Streets,1000.0,appropriation,UNH Effingham 2023 annual report — appropriation (text-form)
3300323620,2023,4411,Administration,Health,4500.0,appropriation,UNH Effingham 2023 annual report — appropriation (text-form)
3300323620,2023,4414,Pest Control,Health,6700.0,appropriation,UNH Effingham 2023 annual report — appropriation (text-form)
3300323620,2023,4442,Administration and Direct Assistance,Welfare,12000.0,appropriation,UNH Effingham 2023 annual report — appropriation (text-form)
3300323620,2023,4449,Vendor Payments and Other,Welfare,4000.0,appropriation,UNH Effingham 2023 annual report — appropriation (text-form)
3300323620,2023,4529,Parks and Recreation,Culture & Recreation,30000.0,appropriation,UNH Effingham 2023 annual report — appropriation (text-form)
3300323620,2023,4559,library,Culture & Recreation,64285.0,appropriation,UNH Effingham 2023 annual report — appropriation (text-form)
3300323620,2023,4612,Administration and Purchasing of Natural Resources,Conservation & Development,3805.0,appropriation,UNH Effingham 2023 annual report — appropriation (text-form)
3300323620,2023,4723,Tax Anticipation Notes -Interest,Debt Service,1.0,appropriation,UNH Effingham 2023 annual report — appropriation (text-form)
3300323620,2023,4799,Other Debt Service,Other,1.0,appropriation,UNH Effingham 2023 annual report — appropriation (text-form)
3300327700,2025,4130,Executive,General Government,68900.0,appropriation,UNH Freedom 2025 annual report — appropriation (text-form)
3300327700,2025,4140,"Election, Registration, and Vital Statistics",General Government,9500.0,appropriation,UNH Freedom 2025 annual report — appropriation (text-form)
3300327700,2025,4150,Financial Administration,General Government,381955.0,appropriation,UNH Freedom 2025 annual report — appropriation (text-form)
3300327700,2025,4152,Property Assessment,General Government,35000.0,appropriation,UNH Freedom 2025 annual report — appropriation (text-form)
3300327700,2025,4153,Legal Expense,General Government,35500.0,appropriation,UNH Freedom 2025 annual report — appropriation (text-form)
3300327700,2025,4155,Personnel Administration,General Government,109750.0,appropriation,UNH Freedom 2025 annual report — appropriation (text-form)
3300327700,2025,4191,Planning and Zoning,General Government,11600.0,appropriation,UNH Freedom 2025 annual report — appropriation (text-form)
3300327700,2025,4194,General Government Buildings,General Government,69655.0,appropriation,UNH Freedom 2025 annual report — appropriation (text-form)
3300327700,2025,4195,Cemeteries,General Government,8725.0,appropriation,UNH Freedom 2025 annual report — appropriation (text-form)
3300327700,2025,4196,Insurance Not Otherwise Allocated,General Government,76497.0,appropriation,UNH Freedom 2025 annual report — appropriation (text-form)
3300327700,2025,4197,Advertising and Regional Associations,General Government,3004.0,appropriation,UNH Freedom 2025 annual report — appropriation (text-form)
3300327700,2025,4199,Other General Government,General Government,59700.0,appropriation,UNH Freedom 2025 annual report — appropriation (text-form)
3300327700,2025,4210,Police,Public Safety,501671.0,appropriation,UNH Freedom 2025 annual report — appropriation (text-form)
3300327700,2025,4215,Ambulances,Public Safety,120103.0,appropriation,UNH Freedom 2025 annual report — appropriation (text-form)
3300327700,2025,4220,Fire,Public Safety,244789.0,appropriation,UNH Freedom 2025 annual report — appropriation (text-form)
3300327700,2025,4240,Building Inspection,Public Safety,48330.0,appropriation,UNH Freedom 2025 annual report — appropriation (text-form)
3300327700,2025,4290,Emergency Management,Public Safety,500.0,appropriation,UNH Freedom 2025 annual report — appropriation (text-form)
3300327700,2025,4299,Other Public Safety,Public Safety,11069.0,appropriation,UNH Freedom 2025 annual report — appropriation (text-form)
3300327700,2025,4312,Highways and Streets,Highways & Streets,1408204.0,appropriation,UNH Freedom 2025 annual report — appropriation (text-form)
3300327700,2025,4316,Street Lighting,Highways & Streets,5000.0,appropriation,UNH Freedom 2025 annual report — appropriation (text-form)
3300327700,2025,4324,Solid Waste Disposal,Sanitation,455669.0,appropriation,UNH Freedom 2025 annual report — appropriation (text-form)
3300327700,2025,4329,Other Sanitation,Sanitation,49532.0,appropriation,UNH Freedom 2025 annual report — appropriation (text-form)
3300327700,2025,4411,Health Administration,Health,400.0,appropriation,UNH Freedom 2025 annual report — appropriation (text-form)
3300327700,2025,4415,Health Agencies and Hospitals,Health,15537.0,appropriation,UNH Freedom 2025 annual report — appropriation (text-form)
3300327700,2025,4441,Welfare Administration,Welfare,13150.0,appropriation,UNH Freedom 2025 annual report — appropriation (text-form)
3300327700,2025,4449,Other Welfare,Welfare,14600.0,appropriation,UNH Freedom 2025 annual report — appropriation (text-form)
3300327700,2025,4520,Parks and Recreation,Culture & Recreation,21950.0,appropriation,UNH Freedom 2025 annual report — appropriation (text-form)
3300327700,2025,4550,Library,Culture & Recreation,125000.0,appropriation,UNH Freedom 2025 annual report — appropriation (text-form)
3300327700,2025,4583,Patriotic Purposes,Culture & Recreation,1600.0,appropriation,UNH Freedom 2025 annual report — appropriation (text-form)
3300327700,2025,4589,Other Culture and Recreation,Culture & Recreation,45650.0,appropriation,UNH Freedom 2025 annual report — appropriation (text-form)
3300327700,2025,4611,Conservation Administation,Conservation & Development,18100.0,appropriation,UNH Freedom 2025 annual report — appropriation (text-form)
3300327700,2025,4619,Other Conservation,Conservation & Development,73790.0,appropriation,UNH Freedom 2025 annual report — appropriation (text-form)
3300327700,2025,4711,"Principal - Long Term Bonds, Notes, and Other Debt",Debt Service,130781.0,appropriation,UNH Freedom 2025 annual report — appropriation (text-form)
3300327700,2025,4721,"Interest - Long Term Bonds, Notes, and Other Debt",Debt Service,77339.0,appropriation,UNH Freedom 2025 annual report — appropriation (text-form)
3300327700,2025,4902,"Machinery, Vehicles, and Equipment",Capital Outlay,207510.0,appropriation,UNH Freedom 2025 annual report — appropriation (text-form)
3300327700,2025,4903,Buildings,Capital Outlay,127800.0,appropriation,UNH Freedom 2025 annual report — appropriation (text-form)
3300327700,2025,4909,Improvements Other than Buildings,Capital Outlay,303300.0,appropriation,UNH Freedom 2025 annual report — appropriation (text-form)
3300327700,2025,4915,To Capital Reserve Funds,Operating Transfers,101372.0,appropriation,UNH Freedom 2025 annual report — appropriation (text-form)
3300327700,2025,4916,To Expendable Trusts,Operating Transfers,10000.0,appropriation,UNH Freedom 2025 annual report — appropriation (text-form)
3300334500,2024,4130,Executive,General Government,14055.0,appropriation,UNH Hart's Location 2024 annual report — appropriation (text-form)
3300334500,2024,4150,Financial Administration,General Government,9950.0,appropriation,UNH Hart's Location 2024 annual report — appropriation (text-form)
3300334500,2024,4152,Property Assessment,General Government,1400.0,appropriation,UNH Hart's Location 2024 annual report — appropriation (text-form)
3300334500,2024,4194,General Government Buildings,General Government,4142.0,appropriation,UNH Hart's Location 2024 annual report — appropriation (text-form)
3300334500,2024,4196,Insurance Not Otherwise Allocated,General Government,2952.0,appropriation,UNH Hart's Location 2024 annual report — appropriation (text-form)
3300334500,2024,4197,Advertising and Regional Associations,General Government,1422.0,appropriation,UNH Hart's Location 2024 annual report — appropriation (text-form)
3300334500,2024,4215,Ambulances,Public Safety,1500.0,appropriation,UNH Hart's Location 2024 annual report — appropriation (text-form)
3300334500,2024,4220,Fire,Public Safety,5000.0,appropriation,UNH Hart's Location 2024 annual report — appropriation (text-form)
3300334500,2024,4312,Highways and Streets,Highways & Streets,6585.0,appropriation,UNH Hart's Location 2024 annual report — appropriation (text-form)
3300334500,2024,4324,Solid Waste Disposal,Sanitation,7668.0,appropriation,UNH Hart's Location 2024 annual report — appropriation (text-form)
3300334500,2024,4903,Buildings,Capital Outlay,5600.0,appropriation,UNH Hart's Location 2024 annual report — appropriation (text-form)
3300334500,2024,4909,Improvements Other than Buildings,Capital Outlay,1000.0,appropriation,UNH Hart's Location 2024 annual report — appropriation (text-form)
3300338260,2025,4130,Executive,General Government,34967.0,appropriation,UNH Jackson 2025 annual report — appropriation (text-form)
3300338260,2025,4140,"Election, Registration, and Vital Statistics",General Government,106824.0,appropriation,UNH Jackson 2025 annual report — appropriation (text-form)
3300338260,2025,4150,Financial Administration,General Government,212304.0,appropriation,UNH Jackson 2025 annual report — appropriation (text-form)
3300338260,2025,4152,Property Assessment,General Government,74000.0,appropriation,UNH Jackson 2025 annual report — appropriation (text-form)
3300338260,2025,4153,Legal Expense,General Government,6963.0,appropriation,UNH Jackson 2025 annual report — appropriation (text-form)
3300338260,2025,4155,Personnel Administration,General Government,532890.0,appropriation,UNH Jackson 2025 annual report — appropriation (text-form)
3300338260,2025,4191,Planning and Zoning,General Government,1900.0,appropriation,UNH Jackson 2025 annual report — appropriation (text-form)
3300338260,2025,4194,General Government Buildings,General Government,41045.0,appropriation,UNH Jackson 2025 annual report — appropriation (text-form)
3300338260,2025,4195,Cemeteries,General Government,10438.0,appropriation,UNH Jackson 2025 annual report — appropriation (text-form)
3300338260,2025,4196,Insurance Not Otherwise Allocated,General Government,90731.0,appropriation,UNH Jackson 2025 annual report — appropriation (text-form)
3300338260,2025,4210,Police,Public Safety,327815.0,appropriation,UNH Jackson 2025 annual report — appropriation (text-form)
3300338260,2025,4220,Fire,Public Safety,204997.0,appropriation,UNH Jackson 2025 annual report — appropriation (text-form)
3300338260,2025,4240,Building Inspection,Public Safety,80089.0,appropriation,UNH Jackson 2025 annual report — appropriation (text-form)
3300338260,2025,4290,Emergency Management,Public Safety,13032.0,appropriation,UNH Jackson 2025 annual report — appropriation (text-form)
3300338260,2025,4311,Highway Administration,Highways & Streets,277870.0,appropriation,UNH Jackson 2025 annual report — appropriation (text-form)
3300338260,2025,4312,Highways and Streets,Highways & Streets,388222.0,appropriation,UNH Jackson 2025 annual report — appropriation (text-form)
3300338260,2025,4324,Solid Waste Disposal,Sanitation,131883.0,appropriation,UNH Jackson 2025 annual report — appropriation (text-form)
3300338260,2025,4414,Pest Control,Health,500.0,appropriation,UNH Jackson 2025 annual report — appropriation (text-form)
3300338260,2025,4441,Welfare Administration,Welfare,8548.0,appropriation,UNH Jackson 2025 annual report — appropriation (text-form)
3300338260,2025,4520,Parks and Recreation,Culture & Recreation,6700.0,appropriation,UNH Jackson 2025 annual report — appropriation (text-form)
3300338260,2025,4550,Library,Culture & Recreation,139290.0,appropriation,UNH Jackson 2025 annual report — appropriation (text-form)
3300338260,2025,4589,Other Culture and Recreation,Culture & Recreation,10550.0,appropriation,UNH Jackson 2025 annual report — appropriation (text-form)
3300338260,2025,4619,Other Conservation,Conservation & Development,1677.0,appropriation,UNH Jackson 2025 annual report — appropriation (text-form)
3300338260,2025,4909,Improvements Other than Buildings,Capital Outlay,520080.0,appropriation,UNH Jackson 2025 annual report — appropriation (text-form)
3300338260,2025,4449,Other Welfare,Welfare,1500.0,appropriation,UNH Jackson 2025 annual report — appropriation (text-form)
3300338260,2025,4903,Buildings,Capital Outlay,5582135.0,appropriation,UNH Jackson 2025 annual report — appropriation (text-form)
3300338260,2025,4915,To Capital Reserve Funds,Operating Transfers,458500.0,appropriation,UNH Jackson 2025 annual report — appropriation (text-form)
3300338260,2025,4916,To Expendable Trusts,Operating Transfers,232000.0,appropriation,UNH Jackson 2025 annual report — appropriation (text-form)
3300345060,2025,4130,Executive,General Government,190154.0,appropriation,UNH Madison 2025 annual report — appropriation (text-form)
3300345060,2025,4140,"Election,Registration,andVitalStatistics",General Government,6700.0,appropriation,UNH Madison 2025 annual report — appropriation (text-form)
3300345060,2025,4150,FinancialAdministration,General Government,175608.0,appropriation,UNH Madison 2025 annual report — appropriation (text-form)
3300345060,2025,4152,PropertyAssessment,General Government,36200.0,appropriation,UNH Madison 2025 annual report — appropriation (text-form)
3300345060,2025,4153,LegalExpense,General Government,24800.0,appropriation,UNH Madison 2025 annual report — appropriation (text-form)
3300345060,2025,4155,PersonnelAdministration,General Government,571516.0,appropriation,UNH Madison 2025 annual report — appropriation (text-form)
3300345060,2025,4191,PlanningandZoning,General Government,16200.0,appropriation,UNH Madison 2025 annual report — appropriation (text-form)
3300345060,2025,4194,GeneralGovernmentBuildings,General Government,183200.0,appropriation,UNH Madison 2025 annual report — appropriation (text-form)
3300345060,2025,4196,InsuranceNotOtherwiseAllocated,General Government,146781.0,appropriation,UNH Madison 2025 annual report — appropriation (text-form)
3300345060,2025,4199,OtherGeneralGovernment,General Government,18500.0,appropriation,UNH Madison 2025 annual report — appropriation (text-form)
3300345060,2025,4210,Police,Public Safety,372547.0,appropriation,UNH Madison 2025 annual report — appropriation (text-form)
3300345060,2025,4215,Ambulances,Public Safety,120104.0,appropriation,UNH Madison 2025 annual report — appropriation (text-form)
3300345060,2025,4220,Fire,Public Safety,165750.0,appropriation,UNH Madison 2025 annual report — appropriation (text-form)
3300345060,2025,4240,BuildingInspection,Public Safety,59950.0,appropriation,UNH Madison 2025 annual report — appropriation (text-form)
3300345060,2025,4290,EmergencyManagement,Public Safety,9701.0,appropriation,UNH Madison 2025 annual report — appropriation (text-form)
3300345060,2025,4311,HighwayAdministration,Highways & Streets,615740.0,appropriation,UNH Madison 2025 annual report — appropriation (text-form)
3300345060,2025,4312,HighwaysandStreets,Highways & Streets,249250.0,appropriation,UNH Madison 2025 annual report — appropriation (text-form)
3300345060,2025,4316,StreetLighting,Highways & Streets,3900.0,appropriation,UNH Madison 2025 annual report — appropriation (text-form)
3300345060,2025,4324,SolidWasteDisposal,Sanitation,134001.0,appropriation,UNH Madison 2025 annual report — appropriation (text-form)
3300345060,2025,4414,PestControl,Health,2500.0,appropriation,UNH Madison 2025 annual report — appropriation (text-form)
3300345060,2025,4415,HealthAgenciesandHospitals,Health,32000.0,appropriation,UNH Madison 2025 annual report — appropriation (text-form)
3300345060,2025,4441,WelfareAdministration,Welfare,9700.0,appropriation,UNH Madison 2025 annual report — appropriation (text-form)
3300345060,2025,4520,ParksandRecreation,Culture & Recreation,89440.0,appropriation,UNH Madison 2025 annual report — appropriation (text-form)
3300345060,2025,4550,Library,Culture & Recreation,117212.0,appropriation,UNH Madison 2025 annual report — appropriation (text-form)
3300345060,2025,4583,PatrioticPurposes,Culture & Recreation,8000.0,appropriation,UNH Madison 2025 annual report — appropriation (text-form)
3300345060,2025,4589,OtherCultureandRecreation,Culture & Recreation,48800.0,appropriation,UNH Madison 2025 annual report — appropriation (text-form)
3300345060,2025,4611,ConservationAdministation,Conservation & Development,4650.0,appropriation,UNH Madison 2025 annual report — appropriation (text-form)
3300345060,2025,4619,OtherConservation,Conservation & Development,15500.0,appropriation,UNH Madison 2025 annual report — appropriation (text-form)
3300345060,2025,4711,"Principal-LongTermBonds,Notes,andOtherDebt",Debt Service,118861.0,appropriation,UNH Madison 2025 annual report — appropriation (text-form)
3300345060,2025,4721,"Interest-LongTermBonds,Notes,andOtherDebt",Debt Service,23903.0,appropriation,UNH Madison 2025 annual report — appropriation (text-form)
3300345060,2025,4723,InterestonTaxandRevenueAnticipationNotes,Debt Service,1.0,appropriation,UNH Madison 2025 annual report — appropriation (text-form)
3300345060,2025,4902,"Machinery,Vehicles,andEquipment",Capital Outlay,81950.0,appropriation,UNH Madison 2025 annual report — appropriation (text-form)
3300345060,2025,4903,Buildings,Capital Outlay,7000.0,appropriation,UNH Madison 2025 annual report — appropriation (text-form)
3300345060,2025,4909,ImprovementsOtherthanBuildings,Capital Outlay,500000.0,appropriation,UNH Madison 2025 annual report — appropriation (text-form)
3300345060,2025,4916,ToExpendableTrusts,Operating Transfers,256997.0,appropriation,UNH Madison 2025 annual report — appropriation (text-form)
3300345060,2025,4329,OtherSanitation,Sanitation,90000.0,appropriation,UNH Madison 2025 annual report — appropriation (text-form)
3300345060,2025,4319,"OtherHighway,Streets,andBridges",Highways & Streets,409750.0,appropriation,UNH Madison 2025 annual report — appropriation (text-form)
3300349380,2023,4130,Executive,General Government,508091.0,appropriation,UNH Moultonborough 2023 annual report — appropriation (text-form)
3300349380,2023,4140,"Election, Registration, and Vital Statistics",General Government,20788.0,appropriation,UNH Moultonborough 2023 annual report — appropriation (text-form)
3300349380,2023,4150,Financial Administration,General Government,754128.0,appropriation,UNH Moultonborough 2023 annual report — appropriation (text-form)
3300349380,2023,4152,Property Assessment,General Government,360373.0,appropriation,UNH Moultonborough 2023 annual report — appropriation (text-form)
3300349380,2023,4191,Planning and Zoning,General Government,417855.0,appropriation,UNH Moultonborough 2023 annual report — appropriation (text-form)
3300349380,2023,4194,General Government Buildings,General Government,270196.0,appropriation,UNH Moultonborough 2023 annual report — appropriation (text-form)
3300349380,2023,4195,Cemeteries,General Government,20757.0,appropriation,UNH Moultonborough 2023 annual report — appropriation (text-form)
3300349380,2023,4196,Insurance Not Otherwise Allocated,General Government,96768.0,appropriation,UNH Moultonborough 2023 annual report — appropriation (text-form)
3300349380,2023,4210,Police,Public Safety,1518363.0,appropriation,UNH Moultonborough 2023 annual report — appropriation (text-form)
3300349380,2023,4220,Fire,Public Safety,1037672.0,appropriation,UNH Moultonborough 2023 annual report — appropriation (text-form)
3300349380,2023,4312,Highways and Streets,Highways & Streets,3080810.0,appropriation,UNH Moultonborough 2023 annual report — appropriation (text-form)
3300349380,2023,4316,Street Lighting,Highways & Streets,18364.0,appropriation,UNH Moultonborough 2023 annual report — appropriation (text-form)
3300349380,2023,4319,"Other Highway, Streets, and Bridges",Highways & Streets,266327.0,appropriation,UNH Moultonborough 2023 annual report — appropriation (text-form)
3300349380,2023,4324,Solid Waste Disposal,Sanitation,825800.0,appropriation,UNH Moultonborough 2023 annual report — appropriation (text-form)
3300349380,2023,4441,Welfare Administration,Welfare,5205.0,appropriation,UNH Moultonborough 2023 annual report — appropriation (text-form)
3300349380,2023,4449,Other Welfare,Welfare,97575.0,appropriation,UNH Moultonborough 2023 annual report — appropriation (text-form)
3300349380,2023,4520,Parks and Recreation,Culture & Recreation,344179.0,appropriation,UNH Moultonborough 2023 annual report — appropriation (text-form)
3300349380,2023,4550,Library,Culture & Recreation,629616.0,appropriation,UNH Moultonborough 2023 annual report — appropriation (text-form)
3300349380,2023,4902,"Machinery, Vehicles, and Equipment",Capital Outlay,289933.0,appropriation,UNH Moultonborough 2023 annual report — appropriation (text-form)
3300349380,2023,4903,Buildings,Capital Outlay,588000.0,appropriation,UNH Moultonborough 2023 annual report — appropriation (text-form)
3300349380,2023,4909,Improvements Other than Buildings,Capital Outlay,433532.0,appropriation,UNH Moultonborough 2023 annual report — appropriation (text-form)
3300349380,2023,4915,To Capital Reserve Funds,Operating Transfers,400000.0,appropriation,UNH Moultonborough 2023 annual report — appropriation (text-form)
3300349380,2023,4916,To Expendable Trusts,Operating Transfers,150000.0,appropriation,UNH Moultonborough 2023 annual report — appropriation (text-form)
3300349380,2023,4139,Executive - Town Officers,General Government,658776.0,appropriation,UNH Moultonborough 2023 annual report — appropriation (text-form)
3300349380,2023,4149,Elections,General Government,38500.0,appropriation,UNH Moultonborough 2023 annual report — appropriation (text-form)
3300349380,2023,4151,Financial Administration,General Government,319413.0,appropriation,UNH Moultonborough 2023 annual report — appropriation (text-form)
3300349380,2023,4193,Planning & Zoning - Land Use,General Government,467100.0,appropriation,UNH Moultonborough 2023 annual report — appropriation (text-form)
3300349380,2023,4214,Police Department,Public Safety,1957529.0,appropriation,UNH Moultonborough 2023 annual report — appropriation (text-form)
3300349380,2023,4229,Fire Department,Public Safety,1856831.0,appropriation,UNH Moultonborough 2023 annual report — appropriation (text-form)
3300349380,2023,4299,"Fire Department, Portable Radios",Public Safety,179402.0,appropriation,UNH Moultonborough 2023 annual report — appropriation (text-form)
3300349380,2023,4442,Welfare - Human Services,Welfare,10006.0,appropriation,UNH Moultonborough 2023 annual report — appropriation (text-form)
3300349380,2023,4529,Parks & Recreation - Recreation,Culture & Recreation,378727.0,appropriation,UNH Moultonborough 2023 annual report — appropriation (text-form)
3300349380,2023,4559,Library,Culture & Recreation,646360.0,appropriation,UNH Moultonborough 2023 annual report — appropriation (text-form)
3300358740,2024,4312,Highways and Streets,Highways & Streets,1750000.0,appropriation,UNH Ossipee 2024 annual report — appropriation (text-form)
3300358740,2024,4324,Solid Waste Disposal,Sanitation,580000.0,appropriation,UNH Ossipee 2024 annual report — appropriation (text-form)
3300358740,2024,4411,Health Administration,Health,150000.0,appropriation,UNH Ossipee 2024 annual report — appropriation (text-form)
3300358740,2024,4415,Health Agencies and Hospitals,Health,47000.0,appropriation,UNH Ossipee 2024 annual report — appropriation (text-form)
3300358740,2024,4441,Welfare Administration,Welfare,10000.0,appropriation,UNH Ossipee 2024 annual report — appropriation (text-form)
3300358740,2024,4550,Library,Culture & Recreation,265000.0,appropriation,UNH Ossipee 2024 annual report — appropriation (text-form)
3300358740,2024,4583,Patriotic Purposes,Culture & Recreation,15000.0,appropriation,UNH Ossipee 2024 annual report — appropriation (text-form)
3300358740,2024,4611,Conservation Administation,Conservation & Development,10000.0,appropriation,UNH Ossipee 2024 annual report — appropriation (text-form)
3300358740,2024,4651,Economic Development Administration,Conservation & Development,5000.0,appropriation,UNH Ossipee 2024 annual report — appropriation (text-form)
3300358740,2024,4902,"Machinery, Vehicles, and Equipment",Capital Outlay,350000.0,appropriation,UNH Ossipee 2024 annual report — appropriation (text-form)
3300358740,2024,4903,Buildings,Capital Outlay,70000.0,appropriation,UNH Ossipee 2024 annual report — appropriation (text-form)
3300358740,2024,4915,To Capital Reserve Funds,Operating Transfers,20000.0,appropriation,UNH Ossipee 2024 annual report — appropriation (text-form)
3300358740,2024,4916,To Expendable Trusts,Operating Transfers,25000.0,appropriation,UNH Ossipee 2024 annual report — appropriation (text-form)
3300377620,2024,4130,EXECUTIVE Total,General Government,155263.0,appropriation,UNH Tuftonboro 2024 annual report — appropriation (text-form)
3300377620,2024,4140,"ELECTION, REGISTRATION, VITAL STATS Total",General Government,105522.0,appropriation,UNH Tuftonboro 2024 annual report — appropriation (text-form)
3300377620,2024,4150,FINANCIAL ADMINISTRATION Total,General Government,182760.0,appropriation,UNH Tuftonboro 2024 annual report — appropriation (text-form)
3300377620,2024,4152,REVALUATION of PROPERTY Total,General Government,42420.0,appropriation,UNH Tuftonboro 2024 annual report — appropriation (text-form)
3300377620,2024,4194,GENERAL GOV'T BUILDINGS Total,General Government,155353.0,appropriation,UNH Tuftonboro 2024 annual report — appropriation (text-form)
3300377620,2024,4195,CEMETERIES Total,General Government,33350.0,appropriation,UNH Tuftonboro 2024 annual report — appropriation (text-form)
3300377620,2024,4196,INSURANCE Total,General Government,88205.0,appropriation,UNH Tuftonboro 2024 annual report — appropriation (text-form)
3300377620,2024,4199,OTHER GENERAL GOV'T Total,General Government,500.0,appropriation,UNH Tuftonboro 2024 annual report — appropriation (text-form)
3300377620,2024,4210,POLICE DEPARTMENT Total,Public Safety,509426.0,appropriation,UNH Tuftonboro 2024 annual report — appropriation (text-form)
3300377620,2024,4215,AMBULANCE Total,Public Safety,216858.0,appropriation,UNH Tuftonboro 2024 annual report — appropriation (text-form)
3300377620,2024,4220,FIRE DEPARTMENT Total,Public Safety,668176.0,appropriation,UNH Tuftonboro 2024 annual report — appropriation (text-form)
3300377620,2024,4240,BUILDING INSPECTION Total,Public Safety,80639.0,appropriation,UNH Tuftonboro 2024 annual report — appropriation (text-form)
3300377620,2024,4324,SOLID WASTE Total,Sanitation,543721.0,appropriation,UNH Tuftonboro 2024 annual report — appropriation (text-form)
3300377620,2024,4414,ANIMAL CONTROL Total,Health,1750.0,appropriation,UNH Tuftonboro 2024 annual report — appropriation (text-form)
3300377620,2024,4415,HEALTH AGENCIES Total,Health,41241.0,appropriation,UNH Tuftonboro 2024 annual report — appropriation (text-form)
3300377620,2024,4442,DIRECT ASSISTANCE Total,Welfare,9750.0,appropriation,UNH Tuftonboro 2024 annual report — appropriation (text-form)
3300377620,2024,4520,PARKS & RECREATION Total,Culture & Recreation,74772.0,appropriation,UNH Tuftonboro 2024 annual report — appropriation (text-form)
3300377620,2024,4550,LIBRARY TOTAL,Culture & Recreation,237075.0,appropriation,UNH Tuftonboro 2024 annual report — appropriation (text-form)
3300377620,2024,4583,PATRIOTIC PURPOSES Total,Culture & Recreation,1500.0,appropriation,UNH Tuftonboro 2024 annual report — appropriation (text-form)
3300377620,2024,4589,GIFTS & DONATIONS Total,Culture & Recreation,1200.0,appropriation,UNH Tuftonboro 2024 annual report — appropriation (text-form)
3300377620,2024,4612,CONSERVATION Total,Conservation & Development,22600.0,appropriation,UNH Tuftonboro 2024 annual report — appropriation (text-form)
3300377620,2024,4619,OTHER CONSERVATION Total,Conservation & Development,7500.0,appropriation,UNH Tuftonboro 2024 annual report — appropriation (text-form)
3300377620,2024,4721,LONG TERM NOTES & INTEREST Total,Debt Service,169020.0,appropriation,UNH Tuftonboro 2024 annual report — appropriation (text-form)
3300377620,2024,4153,Legal Expense,General Government,52350.0,appropriation,UNH Tuftonboro 2024 annual report — appropriation (text-form)
3300377620,2024,4155,Personnel Administration,General Government,733820.0,appropriation,UNH Tuftonboro 2024 annual report — appropriation (text-form)
3300377620,2024,4191,Planning and Zoning,General Government,34234.0,appropriation,UNH Tuftonboro 2024 annual report — appropriation (text-form)
3300377620,2024,4290,Emergency Management,Public Safety,19710.0,appropriation,UNH Tuftonboro 2024 annual report — appropriation (text-form)
3300377620,2024,4312,Highways and Streets,Highways & Streets,679300.0,appropriation,UNH Tuftonboro 2024 annual report — appropriation (text-form)
3300377620,2024,4313,Bridges,Highways & Streets,5000.0,appropriation,UNH Tuftonboro 2024 annual report — appropriation (text-form)
3300377620,2024,4441,Welfare Administration,Welfare,12250.0,appropriation,UNH Tuftonboro 2024 annual report — appropriation (text-form)
3300377620,2024,4611,Conservation Administation,Conservation & Development,22900.0,appropriation,UNH Tuftonboro 2024 annual report — appropriation (text-form)
3300377620,2024,4711,"Principal - Long Term Bonds, Notes, and Other Debt",Debt Service,153711.0,appropriation,UNH Tuftonboro 2024 annual report — appropriation (text-form)
3300377620,2024,4902,"Machinery, Vehicles, and Equipment",Capital Outlay,227380.0,appropriation,UNH Tuftonboro 2024 annual report — appropriation (text-form)
3300377620,2024,4903,Buildings,Capital Outlay,30000.0,appropriation,UNH Tuftonboro 2024 annual report — appropriation (text-form)
3300377620,2024,4909,Improvements Other than Buildings,Capital Outlay,887500.0,appropriation,UNH Tuftonboro 2024 annual report — appropriation (text-form)
3300377620,2024,4915,To Capital Reserve Funds,Operating Transfers,100000.0,appropriation,UNH Tuftonboro 2024 annual report — appropriation (text-form)
3300377620,2024,4916,To Expendable Trusts,Operating Transfers,50000.0,appropriation,UNH Tuftonboro 2024 annual report — appropriation (text-form)
3300386420,2024,4130,Executive,General Government,489596.0,actual,UNH Wolfeboro 2024 annual report — actual (scanned-ocr)
3300386420,2024,4140,"Election, Registration, and Vital Statistics",General Government,220729.0,actual,UNH Wolfeboro 2024 annual report — actual (scanned-ocr)
3300386420,2024,4150,Financial Administration,General Government,845213.0,actual,UNH Wolfeboro 2024 annual report — actual (scanned-ocr)
3300386420,2024,4153,Legal Expense,General Government,115000.0,actual,UNH Wolfeboro 2024 annual report — actual (scanned-ocr)
3300386420,2024,4155,Personnel Administration,General Government,2298411.0,actual,UNH Wolfeboro 2024 annual report — actual (scanned-ocr)
3300386420,2024,4191,"Planning and Zoning ,",General Government,150450.0,actual,UNH Wolfeboro 2024 annual report — actual (scanned-ocr)
3300386420,2024,4194,General Government Buildings,General Government,162809.0,actual,UNH Wolfeboro 2024 annual report — actual (scanned-ocr)
3300386420,2024,4195,Cemeteries,General Government,29485.0,actual,UNH Wolfeboro 2024 annual report — actual (scanned-ocr)
3300386420,2024,4196,Insurance Not Otherwise Allocated,General Government,183765.0,actual,UNH Wolfeboro 2024 annual report — actual (scanned-ocr)
3300386420,2024,4199,Other General Government,General Government,365263.0,actual,UNH Wolfeboro 2024 annual report — actual (scanned-ocr)
3300386420,2024,4210,Police,Public Safety,2176350.0,actual,UNH Wolfeboro 2024 annual report — actual (scanned-ocr)
3300386420,2024,4215,Ambulances,Public Safety,275953.0,actual,UNH Wolfeboro 2024 annual report — actual (scanned-ocr)
3300386420,2024,4220,Fire,Public Safety,1958636.0,actual,UNH Wolfeboro 2024 annual report — actual (scanned-ocr)
3300386420,2024,4240,Building Inspection,Public Safety,109879.0,actual,UNH Wolfeboro 2024 annual report — actual (scanned-ocr)
3300386420,2024,4290,Emergency Management,Public Safety,70212.0,actual,UNH Wolfeboro 2024 annual report — actual (scanned-ocr)
3300386420,2024,4299,Other Public Safety,Public Safety,525100.0,actual,UNH Wolfeboro 2024 annual report — actual (scanned-ocr)
3300386420,2024,4311,Highway Administration,Highways & Streets,171035.0,actual,UNH Wolfeboro 2024 annual report — actual (scanned-ocr)
3300386420,2024,4312,Highways and Streets,Highways & Streets,1550709.0,actual,UNH Wolfeboro 2024 annual report — actual (scanned-ocr)
3300386420,2024,4319,"Other Highway, Streets, and Bridges",Highways & Streets,364789.0,actual,UNH Wolfeboro 2024 annual report — actual (scanned-ocr)
3300386420,2024,4324,Solid Waste Dispasal,Sanitation,1026405.0,actual,UNH Wolfeboro 2024 annual report — actual (scanned-ocr)
3300386420,2024,4414,Health Administration,Health,11349.0,actual,UNH Wolfeboro 2024 annual report — actual (scanned-ocr)
3300386420,2024,4415,Health Agencies and Hospitals,Health,132843.0,actual,UNH Wolfeboro 2024 annual report — actual (scanned-ocr)
3300386420,2024,4444,Welfare Administration,Welfare,73851.0,actual,UNH Wolfeboro 2024 annual report — actual (scanned-ocr)
3300386420,2024,4520,Parks and Recreation,Culture & Recreation,1096425.0,actual,UNH Wolfeboro 2024 annual report — actual (scanned-ocr)
3300386420,2024,4550,Library,Culture & Recreation,592106.0,actual,UNH Wolfeboro 2024 annual report — actual (scanned-ocr)
3300386420,2024,4583,Patriotic Purposes,Culture & Recreation,24236.0,actual,UNH Wolfeboro 2024 annual report — actual (scanned-ocr)
3300386420,2024,4589,Other Culture and Recreation,Culture & Recreation,61632.0,actual,UNH Wolfeboro 2024 annual report — actual (scanned-ocr)
3300386420,2024,4611,Conservation Administation,Conservation & Development,21953.0,actual,UNH Wolfeboro 2024 annual report — actual (scanned-ocr)
3300386420,2024,4721,"Interest - Long Term Bonds, Notes, and Other Debt",Debt Service,488571.0,actual,UNH Wolfeboro 2024 annual report — actual (scanned-ocr)
3300386420,2024,4790,Other Debt Service Charges,Debt Service,537340.0,actual,UNH Wolfeboro 2024 annual report — actual (scanned-ocr)
3300386420,2024,4902,"Machinery, Vehicles, and Equipment",Capital Outlay,618000.0,actual,UNH Wolfeboro 2024 annual report — actual (scanned-ocr)
3300386420,2024,4903,Buildings,Capital Outlay,13140000.0,actual,UNH Wolfeboro 2024 annual report — actual (scanned-ocr)
3300386420,2024,4909,Improvements Other than Buildings,Capital Outlay,4623197.0,actual,UNH Wolfeboro 2024 annual report — actual (scanned-ocr)
3300386420,2024,4915,To Capital Reserve Funds,Operating Transfers,875000.0,actual,UNH Wolfeboro 2024 annual report — actual (scanned-ocr)
3300386420,2024,4110,Tax Liens Receivable,Other,222722.0,actual,UNH Wolfeboro 2024 annual report — actual (scanned-ocr)
3300529220,2025,4130,Executive,General Government,47772.0,appropriation,UNH Gilsum 2025 annual report — appropriation (text-form)
3300529220,2025,4140,"Election, Registration, and Vital Statistics",General Government,41216.0,appropriation,UNH Gilsum 2025 annual report — appropriation (text-form)
3300529220,2025,4150,Financial Administration,General Government,34989.0,appropriation,UNH Gilsum 2025 annual report — appropriation (text-form)
3300529220,2025,4152,Property Assessment,General Government,10140.0,appropriation,UNH Gilsum 2025 annual report — appropriation (text-form)
3300529220,2025,4153,Legal Expense,General Government,6000.0,appropriation,UNH Gilsum 2025 annual report — appropriation (text-form)
3300529220,2025,4155,Personnel Administration,General Government,43264.0,appropriation,UNH Gilsum 2025 annual report — appropriation (text-form)
3300529220,2025,4191,Planning and Zoning,General Government,2652.0,appropriation,UNH Gilsum 2025 annual report — appropriation (text-form)
3300529220,2025,4194,General Government Buildings,General Government,30750.0,appropriation,UNH Gilsum 2025 annual report — appropriation (text-form)
3300529220,2025,4195,Cemeteries,General Government,18900.0,appropriation,UNH Gilsum 2025 annual report — appropriation (text-form)
3300529220,2025,4196,Insurance Not Otherwise Allocated,General Government,27065.0,appropriation,UNH Gilsum 2025 annual report — appropriation (text-form)
3300529220,2025,4210,Police,Public Safety,55000.0,appropriation,UNH Gilsum 2025 annual report — appropriation (text-form)
3300529220,2025,4215,Ambulances,Public Safety,17595.0,appropriation,UNH Gilsum 2025 annual report — appropriation (text-form)
3300529220,2025,4220,Fire,Public Safety,27025.0,appropriation,UNH Gilsum 2025 annual report — appropriation (text-form)
3300529220,2025,4240,Building Inspection,Public Safety,2000.0,appropriation,UNH Gilsum 2025 annual report — appropriation (text-form)
3300529220,2025,4299,Other Public Safety,Public Safety,14369.0,appropriation,UNH Gilsum 2025 annual report — appropriation (text-form)
3300529220,2025,4312,Highways and Streets,Highways & Streets,264170.0,appropriation,UNH Gilsum 2025 annual report — appropriation (text-form)
3300529220,2025,4313,Bridges,Highways & Streets,1.0,appropriation,UNH Gilsum 2025 annual report — appropriation (text-form)
3300529220,2025,4316,Street Lighting,Highways & Streets,2000.0,appropriation,UNH Gilsum 2025 annual report — appropriation (text-form)
3300529220,2025,4321,Sanitation Administration,Sanitation,32882.0,appropriation,UNH Gilsum 2025 annual report — appropriation (text-form)
3300529220,2025,4325,Solid Waste Facilities Clean-Up,Sanitation,7590.0,appropriation,UNH Gilsum 2025 annual report — appropriation (text-form)
3300529220,2025,4415,Health Agencies and Hospitals,Health,13850.0,appropriation,UNH Gilsum 2025 annual report — appropriation (text-form)
3300529220,2025,4441,Welfare Administration,Welfare,6810.0,appropriation,UNH Gilsum 2025 annual report — appropriation (text-form)
3300529220,2025,4520,Parks and Recreation,Culture & Recreation,10000.0,appropriation,UNH Gilsum 2025 annual report — appropriation (text-form)
3300529220,2025,4550,Library,Culture & Recreation,21911.0,appropriation,UNH Gilsum 2025 annual report — appropriation (text-form)
3300529220,2025,4583,Patriotic Purposes,Culture & Recreation,992.0,appropriation,UNH Gilsum 2025 annual report — appropriation (text-form)
3300529220,2025,4589,Other Culture and Recreation,Culture & Recreation,22000.0,appropriation,UNH Gilsum 2025 annual report — appropriation (text-form)
3300529220,2025,4619,Other Conservation,Conservation & Development,880.0,appropriation,UNH Gilsum 2025 annual report — appropriation (text-form)
3300529220,2025,4711,"Principal - Long Term Bonds, Notes, and Other Debt",Debt Service,18500.0,appropriation,UNH Gilsum 2025 annual report — appropriation (text-form)
3300529220,2025,4721,"Interest - Long Term Bonds, Notes, and Other Debt",Debt Service,17425.0,appropriation,UNH Gilsum 2025 annual report — appropriation (text-form)
3300529220,2025,4723,Interest on Tax and Revenue Anticipation Notes,Debt Service,1000.0,appropriation,UNH Gilsum 2025 annual report — appropriation (text-form)
3300529220,2025,4902,"Machinery, Vehicles, and Equipment",Capital Outlay,25000.0,appropriation,UNH Gilsum 2025 annual report — appropriation (text-form)
3300529220,2025,4915,To Capital Reserve Funds,Operating Transfers,225000.0,appropriation,UNH Gilsum 2025 annual report — appropriation (text-form)
3300529220,2025,4916,To Expendable Trusts,Operating Transfers,121093.0,appropriation,UNH Gilsum 2025 annual report — appropriation (text-form)
3300564420,2025,4139,Executive Approved 2024:,General Government,81171.0,appropriation,UNH Richmond 2025 annual report — appropriation (text-form)
3300564420,2025,4149,"Election, Registration, & Vital Statistics Approved 2024:",General Government,59289.0,appropriation,UNH Richmond 2025 annual report — appropriation (text-form)
3300564420,2025,4151,Financial Administration Approved 2024:,General Government,2824.0,appropriation,UNH Richmond 2025 annual report — appropriation (text-form)
3300564420,2025,4152,Assessors Approved 2024:,General Government,12000.0,appropriation,UNH Richmond 2025 annual report — appropriation (text-form)
3300564420,2025,4153,Legal Expense Approved 2024:,General Government,25000.0,appropriation,UNH Richmond 2025 annual report — appropriation (text-form)
3300564420,2025,4193,Planning and Zoning Approved 2024:,General Government,15686.0,appropriation,UNH Richmond 2025 annual report — appropriation (text-form)
3300564420,2025,4194,General Govt/General Buildings Approved 2024:,General Government,33474.0,appropriation,UNH Richmond 2025 annual report — appropriation (text-form)
3300564420,2025,4195,Cemeteries Approved 2024:,General Government,22800.0,appropriation,UNH Richmond 2025 annual report — appropriation (text-form)
3300564420,2025,4196,Insurance Approved 2024:,General Government,20000.0,appropriation,UNH Richmond 2025 annual report — appropriation (text-form)
3300564420,2025,4199,Audit Approved 2024:,General Government,13600.0,appropriation,UNH Richmond 2025 annual report — appropriation (text-form)
3300564420,2025,4215,Ambulance Approved 2024:,Public Safety,16484.0,appropriation,UNH Richmond 2025 annual report — appropriation (text-form)
3300564420,2025,4229,Fire and Rescue Approved 2024:,Public Safety,80110.0,appropriation,UNH Richmond 2025 annual report — appropriation (text-form)
3300564420,2025,4298,Emergency Mngmt Approved 2024:,Public Safety,10670.0,appropriation,UNH Richmond 2025 annual report — appropriation (text-form)
3300564420,2025,4312,Highways and Streets Approved 2024:,Highways & Streets,310526.0,appropriation,UNH Richmond 2025 annual report — appropriation (text-form)
3300564420,2025,4316,Street Lighting Approved 2024:,Highways & Streets,1000.0,appropriation,UNH Richmond 2025 annual report — appropriation (text-form)
3300564420,2025,4324,Solid Waste Disposal Approved 2024:,Sanitation,80000.0,appropriation,UNH Richmond 2025 annual report — appropriation (text-form)
3300564420,2025,4411,Administration Approved 2024:,Health,500.0,appropriation,UNH Richmond 2025 annual report — appropriation (text-form)
3300564420,2025,4419,"Health Agencies, Hospitals, Other Approved 2024:",Health,7780.0,appropriation,UNH Richmond 2025 annual report — appropriation (text-form)
3300564420,2025,4442,Direct Assistance Approved 2024:,Welfare,7780.0,appropriation,UNH Richmond 2025 annual report — appropriation (text-form)
3300564420,2025,4529,Parks and Recreation Approved 2024:,Culture & Recreation,77000.0,appropriation,UNH Richmond 2025 annual report — appropriation (text-form)
3300564420,2025,4559,"Library Approved 2024: 45,319 Requested 2025:",Culture & Recreation,45196.0,appropriation,UNH Richmond 2025 annual report — appropriation (text-form)
3300564420,2025,4589,Agriculture Commission Approved 2024:,Culture & Recreation,500.0,appropriation,UNH Richmond 2025 annual report — appropriation (text-form)
3300564420,2025,4130,Executive,General Government,81731.0,appropriation,UNH Richmond 2025 annual report — appropriation (text-form)
3300564420,2025,4140,"Election, Registration, and Vital Statistics",General Government,61302.0,appropriation,UNH Richmond 2025 annual report — appropriation (text-form)
3300564420,2025,4150,Financial Administration,General Government,27374.0,appropriation,UNH Richmond 2025 annual report — appropriation (text-form)
3300564420,2025,4191,Planning and Zoning,General Government,16597.0,appropriation,UNH Richmond 2025 annual report — appropriation (text-form)
3300564420,2025,4210,Police,Public Safety,99000.0,appropriation,UNH Richmond 2025 annual report — appropriation (text-form)
3300564420,2025,4220,Fire,Public Safety,79835.0,appropriation,UNH Richmond 2025 annual report — appropriation (text-form)
3300564420,2025,4290,Emergency Management,Public Safety,9210.0,appropriation,UNH Richmond 2025 annual report — appropriation (text-form)
3300564420,2025,4415,Health Agencies and Hospitals,Health,7501.0,appropriation,UNH Richmond 2025 annual report — appropriation (text-form)
3300564420,2025,4441,Welfare Administration,Welfare,9186.0,appropriation,UNH Richmond 2025 annual report — appropriation (text-form)
3300564420,2025,4520,Parks and Recreation,Culture & Recreation,7700.0,appropriation,UNH Richmond 2025 annual report — appropriation (text-form)
3300564420,2025,4550,Library,Culture & Recreation,45196.0,appropriation,UNH Richmond 2025 annual report — appropriation (text-form)
3300564420,2025,4909,Improvements Other than Buildings,Capital Outlay,105000.0,appropriation,UNH Richmond 2025 annual report — appropriation (text-form)
3300564420,2025,4915,To Capital Reserve Funds,Operating Transfers,90000.0,appropriation,UNH Richmond 2025 annual report — appropriation (text-form)
3300564420,2025,4916,To Expendable Trusts,Operating Transfers,30000.0,appropriation,UNH Richmond 2025 annual report — appropriation (text-form)
3300564580,2024,4130,Executive |,General Government,125544.0,actual,UNH Rindge 2024 annual report — actual (scanned-ocr)
3300564580,2024,4140,"Election, Registration, and Vital Statistics",General Government,121893.0,actual,UNH Rindge 2024 annual report — actual (scanned-ocr)
3300564580,2024,4150,Financial Administration,General Government,404139.0,actual,UNH Rindge 2024 annual report — actual (scanned-ocr)
3300564580,2024,4152,Property Assessment,General Government,36156.0,actual,UNH Rindge 2024 annual report — actual (scanned-ocr)
3300564580,2024,4153,Legal Expense,General Government,15000.0,actual,UNH Rindge 2024 annual report — actual (scanned-ocr)
3300564580,2024,4191,Planning and Zoning,General Government,67592.0,actual,UNH Rindge 2024 annual report — actual (scanned-ocr)
3300564580,2024,4194,General Government Buildings,General Government,265881.0,actual,UNH Rindge 2024 annual report — actual (scanned-ocr)
3300564580,2024,4195,Cemeteries,General Government,7221.0,actual,UNH Rindge 2024 annual report — actual (scanned-ocr)
3300564580,2024,4196,Insurance Not Otherwise Allocated,General Government,124363.0,actual,UNH Rindge 2024 annual report — actual (scanned-ocr)
3300564580,2024,4199,Other General Government,General Government,4100.0,actual,UNH Rindge 2024 annual report — actual (scanned-ocr)
3300564580,2024,4210,Police,Public Safety,1129748.0,actual,UNH Rindge 2024 annual report — actual (scanned-ocr)
3300564580,2024,4215,Ambulances,Public Safety,43000.0,actual,UNH Rindge 2024 annual report — actual (scanned-ocr)
3300564580,2024,4220,Fire,Public Safety,620883.0,actual,UNH Rindge 2024 annual report — actual (scanned-ocr)
3300564580,2024,4290,Emergency Management,Public Safety,13685.0,actual,UNH Rindge 2024 annual report — actual (scanned-ocr)
3300564580,2024,4312,Highways and Streets,Highways & Streets,1231935.0,actual,UNH Rindge 2024 annual report — actual (scanned-ocr)
3300564580,2024,4316,Street Lighting,Highways & Streets,6000.0,actual,UNH Rindge 2024 annual report — actual (scanned-ocr)
3300564580,2024,4441,Welfare Administration .,Welfare,45450.0,actual,UNH Rindge 2024 annual report — actual (scanned-ocr)
3300564580,2024,4520,Parks and Recreation,Culture & Recreation,114178.0,actual,UNH Rindge 2024 annual report — actual (scanned-ocr)
3300564580,2024,4550,Library,Culture & Recreation,226664.0,actual,UNH Rindge 2024 annual report — actual (scanned-ocr)
3300564580,2024,4583,Patriotic Purposes,Culture & Recreation,2700.0,actual,UNH Rindge 2024 annual report — actual (scanned-ocr)
3300564580,2024,4611,Conservation Administation,Conservation & Development,4195.0,actual,UNH Rindge 2024 annual report — actual (scanned-ocr)
3300564580,2024,4711,"Principal - Long Term Bonds, Notes, and Other Debt",Debt Service,150000.0,actual,UNH Rindge 2024 annual report — actual (scanned-ocr)
3300564580,2024,4721,"interest - Long Term Bonds, Notes, and Other Debt",Debt Service,45195.0,actual,UNH Rindge 2024 annual report — actual (scanned-ocr)
3300564580,2024,4902,"Machinery, Vehicles, and Equipment",Capital Outlay,55011.0,actual,UNH Rindge 2024 annual report — actual (scanned-ocr)
3300564580,2024,4903,Buildings,Capital Outlay,10000.0,actual,UNH Rindge 2024 annual report — actual (scanned-ocr)
3300573700,2025,4130,Executive,General Government,150239.0,appropriation,UNH Stoddard 2025 annual report — appropriation (text-form)
3300573700,2025,4150,Financial Administration,General Government,22292.0,appropriation,UNH Stoddard 2025 annual report — appropriation (text-form)
3300573700,2025,4152,Property Assessment,General Government,59662.0,appropriation,UNH Stoddard 2025 annual report — appropriation (text-form)
3300573700,2025,4153,Legal Expense,General Government,24784.0,appropriation,UNH Stoddard 2025 annual report — appropriation (text-form)
3300573700,2025,4155,Personnel Administration,General Government,26073.0,appropriation,UNH Stoddard 2025 annual report — appropriation (text-form)
3300573700,2025,4191,Planning and Zoning,General Government,16841.0,appropriation,UNH Stoddard 2025 annual report — appropriation (text-form)
3300573700,2025,4194,General Government Buildings,General Government,91766.0,appropriation,UNH Stoddard 2025 annual report — appropriation (text-form)
3300573700,2025,4195,Cemeteries,General Government,11461.0,appropriation,UNH Stoddard 2025 annual report — appropriation (text-form)
3300573700,2025,4196,Insurance Not Otherwise Allocated,General Government,18470.0,appropriation,UNH Stoddard 2025 annual report — appropriation (text-form)
3300573700,2025,4210,Police,Public Safety,26075.0,appropriation,UNH Stoddard 2025 annual report — appropriation (text-form)
3300573700,2025,4215,Ambulances,Public Safety,13700.0,appropriation,UNH Stoddard 2025 annual report — appropriation (text-form)
3300573700,2025,4220,Fire,Public Safety,90280.0,appropriation,UNH Stoddard 2025 annual report — appropriation (text-form)
3300573700,2025,4290,Emergency Management,Public Safety,4345.0,appropriation,UNH Stoddard 2025 annual report — appropriation (text-form)
3300573700,2025,4299,Other Public Safety,Public Safety,26382.0,appropriation,UNH Stoddard 2025 annual report — appropriation (text-form)
3300573700,2025,4312,Highways and Streets,Highways & Streets,236106.0,appropriation,UNH Stoddard 2025 annual report — appropriation (text-form)
3300573700,2025,4316,Street Lighting,Highways & Streets,2706.0,appropriation,UNH Stoddard 2025 annual report — appropriation (text-form)
3300573700,2025,4324,Solid Waste Disposal,Sanitation,271167.0,appropriation,UNH Stoddard 2025 annual report — appropriation (text-form)
3300573700,2025,4415,Health Agencies and Hospitals,Health,13046.0,appropriation,UNH Stoddard 2025 annual report — appropriation (text-form)
3300573700,2025,4449,Other Welfare,Welfare,2160.0,appropriation,UNH Stoddard 2025 annual report — appropriation (text-form)
3300573700,2025,4520,Parks and Recreation,Culture & Recreation,120.0,appropriation,UNH Stoddard 2025 annual report — appropriation (text-form)
3300573700,2025,4550,Library,Culture & Recreation,50170.0,appropriation,UNH Stoddard 2025 annual report — appropriation (text-form)
3300573700,2025,4583,Patriotic Purposes,Culture & Recreation,229.0,appropriation,UNH Stoddard 2025 annual report — appropriation (text-form)
3300573700,2025,4589,Other Culture and Recreation,Culture & Recreation,18001.0,appropriation,UNH Stoddard 2025 annual report — appropriation (text-form)
3300573700,2025,4619,Other Conservation,Conservation & Development,16926.0,appropriation,UNH Stoddard 2025 annual report — appropriation (text-form)
3300573700,2025,4909,Improvements Other than Buildings,Capital Outlay,52724.0,appropriation,UNH Stoddard 2025 annual report — appropriation (text-form)
3300573700,2025,4915,To Capital Reserve Funds,Operating Transfers,8000.0,appropriation,UNH Stoddard 2025 annual report — appropriation (text-form)
3300573700,2025,4916,To Expendable Trusts,Operating Transfers,13000.0,appropriation,UNH Stoddard 2025 annual report — appropriation (text-form)
3300573700,2025,4419,Other Health,Health,5200.0,appropriation,UNH Stoddard 2025 annual report — appropriation (text-form)
3300573700,2025,4611,Conservation Administation,Conservation & Development,2204.0,appropriation,UNH Stoddard 2025 annual report — appropriation (text-form)
3300577380,2025,4130,Executive,General Government,516435.0,appropriation,UNH Troy 2025 annual report — appropriation (text-form)
3300577380,2025,4140,"Election, Registration, and Vital Statistics",General Government,12946.0,appropriation,UNH Troy 2025 annual report — appropriation (text-form)
3300577380,2025,4150,Financial Administration,General Government,25000.0,appropriation,UNH Troy 2025 annual report — appropriation (text-form)
3300577380,2025,4153,Legal Expense,General Government,45000.0,appropriation,UNH Troy 2025 annual report — appropriation (text-form)
3300577380,2025,4155,Personnel Administration,General Government,22306.0,appropriation,UNH Troy 2025 annual report — appropriation (text-form)
3300577380,2025,4191,Planning and Zoning,General Government,8283.0,appropriation,UNH Troy 2025 annual report — appropriation (text-form)
3300577380,2025,4194,General Government Buildings,General Government,42219.0,appropriation,UNH Troy 2025 annual report — appropriation (text-form)
3300577380,2025,4195,Cemeteries,General Government,64255.0,appropriation,UNH Troy 2025 annual report — appropriation (text-form)
3300577380,2025,4196,Insurance Not Otherwise Allocated,General Government,9125.0,appropriation,UNH Troy 2025 annual report — appropriation (text-form)
3300577380,2025,4197,Advertising and Regional Associations,General Government,4148.0,appropriation,UNH Troy 2025 annual report — appropriation (text-form)
3300577380,2025,4199,Other General Government,General Government,20000.0,appropriation,UNH Troy 2025 annual report — appropriation (text-form)
3300577380,2025,4210,Police,Public Safety,606133.0,appropriation,UNH Troy 2025 annual report — appropriation (text-form)
3300577380,2025,4215,Ambulances,Public Safety,236638.0,appropriation,UNH Troy 2025 annual report — appropriation (text-form)
3300577380,2025,4220,Fire,Public Safety,137271.0,appropriation,UNH Troy 2025 annual report — appropriation (text-form)
3300577380,2025,4240,Building Inspection,Public Safety,10000.0,appropriation,UNH Troy 2025 annual report — appropriation (text-form)
3300577380,2025,4290,Emergency Management,Public Safety,4298.0,appropriation,UNH Troy 2025 annual report — appropriation (text-form)
3300577380,2025,4299,Other Public Safety,Public Safety,14829.0,appropriation,UNH Troy 2025 annual report — appropriation (text-form)
3300577380,2025,4312,Highways and Streets,Highways & Streets,475655.0,appropriation,UNH Troy 2025 annual report — appropriation (text-form)
3300577380,2025,4316,Street Lighting,Highways & Streets,23356.0,appropriation,UNH Troy 2025 annual report — appropriation (text-form)
3300577380,2025,4319,"Other Highway, Streets, and Bridges",Highways & Streets,44808.0,appropriation,UNH Troy 2025 annual report — appropriation (text-form)
3300577380,2025,4321,Sanitation Administration,Sanitation,195059.0,appropriation,UNH Troy 2025 annual report — appropriation (text-form)
3300577380,2025,4323,Solid Waste Collection,Sanitation,9500.0,appropriation,UNH Troy 2025 annual report — appropriation (text-form)
3300577380,2025,4414,Pest Control,Health,3340.0,appropriation,UNH Troy 2025 annual report — appropriation (text-form)
3300577380,2025,4441,Welfare Administration,Welfare,38000.0,appropriation,UNH Troy 2025 annual report — appropriation (text-form)
3300577380,2025,4445,Vendor Payments,Welfare,18633.0,appropriation,UNH Troy 2025 annual report — appropriation (text-form)
3300577380,2025,4520,Parks and Recreation,Culture & Recreation,65519.0,appropriation,UNH Troy 2025 annual report — appropriation (text-form)
3300577380,2025,4550,Library,Culture & Recreation,176325.0,appropriation,UNH Troy 2025 annual report — appropriation (text-form)
3300577380,2025,4583,Patriotic Purposes,Culture & Recreation,800.0,appropriation,UNH Troy 2025 annual report — appropriation (text-form)
3300577380,2025,4589,Other Culture and Recreation,Culture & Recreation,34804.0,appropriation,UNH Troy 2025 annual report — appropriation (text-form)
3300577380,2025,4611,Conservation Administation,Conservation & Development,2205.0,appropriation,UNH Troy 2025 annual report — appropriation (text-form)
3300577380,2025,4652,Economic Development,Conservation & Development,1.0,appropriation,UNH Troy 2025 annual report — appropriation (text-form)
3300577380,2025,4711,"Principal - Long Term Bonds, Notes, and Other Debt",Debt Service,116156.0,appropriation,UNH Troy 2025 annual report — appropriation (text-form)
3300577380,2025,4721,"Interest - Long Term Bonds, Notes, and Other Debt",Debt Service,17365.0,appropriation,UNH Troy 2025 annual report — appropriation (text-form)
3300577380,2025,4723,Interest on Tax and Revenue Anticipation Notes,Debt Service,40000.0,appropriation,UNH Troy 2025 annual report — appropriation (text-form)
3300577380,2025,4902,"Machinery, Vehicles, and Equipment",Capital Outlay,171015.0,appropriation,UNH Troy 2025 annual report — appropriation (text-form)
3300577380,2025,4903,Buildings,Capital Outlay,29000.0,appropriation,UNH Troy 2025 annual report — appropriation (text-form)
3300577380,2025,4909,Improvements Other than Buildings,Capital Outlay,60000.0,appropriation,UNH Troy 2025 annual report — appropriation (text-form)
3300577380,2025,4915,To Capital Reserve Funds,Operating Transfers,154000.0,appropriation,UNH Troy 2025 annual report — appropriation (text-form)
3300577380,2025,4916,To Expendable Trusts,Operating Transfers,49600.0,appropriation,UNH Troy 2025 annual report — appropriation (text-form)
3300582660,2025,4539,Federal Program Grants,Culture & Recreation,90000.0,appropriation,UNH Westmoreland 2025 annual report — appropriation (text-form)
3300582660,2025,4580,Medicaid Distribution,Culture & Recreation,1500.0,appropriation,UNH Westmoreland 2025 annual report — appropriation (text-form)
3300716820,2024,4130,Executive,General Government,71918.0,appropriation,UNH Dalton 2024 annual report — appropriation (text-form)
3300716820,2024,4140,"Election, Registration, and Vital Statistics",General Government,18026.0,appropriation,UNH Dalton 2024 annual report — appropriation (text-form)
3300716820,2024,4150,Financial Administration,General Government,62175.0,appropriation,UNH Dalton 2024 annual report — appropriation (text-form)
3300716820,2024,4152,Property Assessment,General Government,33879.0,appropriation,UNH Dalton 2024 annual report — appropriation (text-form)
3300716820,2024,4153,Legal Expense,General Government,26296.0,appropriation,UNH Dalton 2024 annual report — appropriation (text-form)
3300716820,2024,4155,Personnel Administration,General Government,94615.0,appropriation,UNH Dalton 2024 annual report — appropriation (text-form)
3300716820,2024,4191,Planning and Zoning,General Government,1386.0,appropriation,UNH Dalton 2024 annual report — appropriation (text-form)
3300716820,2024,4194,General Government Buildings,General Government,48243.0,appropriation,UNH Dalton 2024 annual report — appropriation (text-form)
3300716820,2024,4195,Cemeteries,General Government,7820.0,appropriation,UNH Dalton 2024 annual report — appropriation (text-form)
3300716820,2024,4196,Insurance Not Otherwise Allocated,General Government,29432.0,appropriation,UNH Dalton 2024 annual report — appropriation (text-form)
3300716820,2024,4210,Police,Public Safety,10873.0,appropriation,UNH Dalton 2024 annual report — appropriation (text-form)
3300716820,2024,4215,Ambulances,Public Safety,17500.0,appropriation,UNH Dalton 2024 annual report — appropriation (text-form)
3300716820,2024,4220,Fire,Public Safety,83546.0,appropriation,UNH Dalton 2024 annual report — appropriation (text-form)
3300716820,2024,4290,Emergency Management,Public Safety,1050.0,appropriation,UNH Dalton 2024 annual report — appropriation (text-form)
3300716820,2024,4309,Other Airport,Airport / Aviation,495.0,appropriation,UNH Dalton 2024 annual report — appropriation (text-form)
3300716820,2024,4312,Highways and Streets,Highways & Streets,388574.0,appropriation,UNH Dalton 2024 annual report — appropriation (text-form)
3300716820,2024,4316,Street Lighting,Highways & Streets,1485.0,appropriation,UNH Dalton 2024 annual report — appropriation (text-form)
3300716820,2024,4321,Sanitation Administration,Sanitation,56185.0,appropriation,UNH Dalton 2024 annual report — appropriation (text-form)
3300716820,2024,4326,Sewage Collection and Disposal,Sanitation,23968.0,appropriation,UNH Dalton 2024 annual report — appropriation (text-form)
3300716820,2024,4414,Pest Control,Health,585.0,appropriation,UNH Dalton 2024 annual report — appropriation (text-form)
3300716820,2024,4415,Health Agencies and Hospitals,Health,750.0,appropriation,UNH Dalton 2024 annual report — appropriation (text-form)
3300716820,2024,4442,Direct Assistance,Welfare,4414.0,appropriation,UNH Dalton 2024 annual report — appropriation (text-form)
3300716820,2024,4449,Other Welfare,Welfare,2159.0,appropriation,UNH Dalton 2024 annual report — appropriation (text-form)
3300716820,2024,4550,Library,Culture & Recreation,15281.0,appropriation,UNH Dalton 2024 annual report — appropriation (text-form)
3300716820,2024,4619,Other Conservation,Conservation & Development,300.0,appropriation,UNH Dalton 2024 annual report — appropriation (text-form)
3300756100,2024,4130,Executive,General Government,11677.0,appropriation,UNH Northumberland 2024 annual report — appropriation (text-form)
3300756100,2024,4140,"Election, Registration, and Vital Statistics",General Government,107702.0,appropriation,UNH Northumberland 2024 annual report — appropriation (text-form)
3300756100,2024,4150,Financial Administration,General Government,173814.0,appropriation,UNH Northumberland 2024 annual report — appropriation (text-form)
3300756100,2024,4153,Legal Expense,General Government,29211.0,appropriation,UNH Northumberland 2024 annual report — appropriation (text-form)
3300756100,2024,4155,Personnel Administration,General Government,422795.0,appropriation,UNH Northumberland 2024 annual report — appropriation (text-form)
3300756100,2024,4191,Planning and Zoning,General Government,2847.0,appropriation,UNH Northumberland 2024 annual report — appropriation (text-form)
3300756100,2024,4194,General Government Buildings,General Government,57980.0,appropriation,UNH Northumberland 2024 annual report — appropriation (text-form)
3300756100,2024,4195,Cemeteries,General Government,35528.0,appropriation,UNH Northumberland 2024 annual report — appropriation (text-form)
3300756100,2024,4196,Insurance Not Otherwise Allocated,General Government,56298.0,appropriation,UNH Northumberland 2024 annual report — appropriation (text-form)
3300756100,2024,4199,Other General Government,General Government,58682.0,appropriation,UNH Northumberland 2024 annual report — appropriation (text-form)
3300756100,2024,4210,Police,Public Safety,633485.0,appropriation,UNH Northumberland 2024 annual report — appropriation (text-form)
3300756100,2024,4215,Ambulances,Public Safety,437957.0,appropriation,UNH Northumberland 2024 annual report — appropriation (text-form)
3300756100,2024,4220,Fire,Public Safety,75430.0,appropriation,UNH Northumberland 2024 annual report — appropriation (text-form)
3300756100,2024,4290,Emergency Management,Public Safety,4850.0,appropriation,UNH Northumberland 2024 annual report — appropriation (text-form)
3300756100,2024,4312,Highways and Streets,Highways & Streets,491003.0,appropriation,UNH Northumberland 2024 annual report — appropriation (text-form)
3300756100,2024,4316,Street Lighting,Highways & Streets,35294.0,appropriation,UNH Northumberland 2024 annual report — appropriation (text-form)
3300756100,2024,4323,Solid Waste Collection,Sanitation,80311.0,appropriation,UNH Northumberland 2024 annual report — appropriation (text-form)
3300756100,2024,4324,Solid Waste Disposal,Sanitation,174974.0,appropriation,UNH Northumberland 2024 annual report — appropriation (text-form)
3300756100,2024,4411,Health Administration,Health,1545.0,appropriation,UNH Northumberland 2024 annual report — appropriation (text-form)
3300756100,2024,4449,Other Welfare,Welfare,41703.0,appropriation,UNH Northumberland 2024 annual report — appropriation (text-form)
3300756100,2024,4520,Parks and Recreation,Culture & Recreation,77645.0,appropriation,UNH Northumberland 2024 annual report — appropriation (text-form)
3300756100,2024,4550,Library,Culture & Recreation,68788.0,appropriation,UNH Northumberland 2024 annual report — appropriation (text-form)
3300756100,2024,4583,Patriotic Purposes,Culture & Recreation,1286.0,appropriation,UNH Northumberland 2024 annual report — appropriation (text-form)
3300756100,2024,4589,Other Culture and Recreation,Culture & Recreation,7000.0,appropriation,UNH Northumberland 2024 annual report — appropriation (text-form)
3300756100,2024,4619,Other Conservation,Conservation & Development,138.0,appropriation,UNH Northumberland 2024 annual report — appropriation (text-form)
3300756100,2024,4902,"Machinery, Vehicles, and Equipment",Capital Outlay,135125.0,appropriation,UNH Northumberland 2024 annual report — appropriation (text-form)
3300763860,2024,4140,Elections & Registrations,General Government,5850.0,appropriation,UNH Randolph 2024 annual report — appropriation (text-form)
3300763860,2024,4150,Financial Administration,General Government,5900.0,appropriation,UNH Randolph 2024 annual report — appropriation (text-form)
3300763860,2024,4152,Revaluation of Property,General Government,18150.0,appropriation,UNH Randolph 2024 annual report — appropriation (text-form)
3300763860,2024,4153,Legal Expenses,General Government,8600.0,appropriation,UNH Randolph 2024 annual report — appropriation (text-form)
3300763860,2024,4155,Personnel Administration,General Government,13000.0,appropriation,UNH Randolph 2024 annual report — appropriation (text-form)
3300763860,2024,4191,Planning & Zoning,General Government,4175.0,appropriation,UNH Randolph 2024 annual report — appropriation (text-form)
3300763860,2024,4194,General Government Building,General Government,19250.0,appropriation,UNH Randolph 2024 annual report — appropriation (text-form)
3300763860,2024,4195,Cemeteries,General Government,2.0,appropriation,UNH Randolph 2024 annual report — appropriation (text-form)
3300763860,2024,4196,Insurance,General Government,13500.0,appropriation,UNH Randolph 2024 annual report — appropriation (text-form)
3300763860,2024,4197,Regional Associations & Ads,General Government,2500.0,appropriation,UNH Randolph 2024 annual report — appropriation (text-form)
3300763860,2024,4210,Police,Public Safety,6500.0,appropriation,UNH Randolph 2024 annual report — appropriation (text-form)
3300763860,2024,4215,Ambulance/Dispatch/Repeater,Public Safety,57967.0,appropriation,UNH Randolph 2024 annual report — appropriation (text-form)
3300763860,2024,4220,Fire,Public Safety,26200.0,appropriation,UNH Randolph 2024 annual report — appropriation (text-form)
3300763860,2024,4240,Building Inspections (Elevator/Fire Ext./E-,Public Safety,1800.0,appropriation,UNH Randolph 2024 annual report — appropriation (text-form)
3300763860,2024,4290,Emergency Management,Public Safety,4000.0,appropriation,UNH Randolph 2024 annual report — appropriation (text-form)
3300763860,2024,4311,General Highway,Highways & Streets,64700.0,appropriation,UNH Randolph 2024 annual report — appropriation (text-form)
3300763860,2024,4312,Highways & Streets – Summer,Highways & Streets,43000.0,appropriation,UNH Randolph 2024 annual report — appropriation (text-form)
3300763860,2024,4313,Bridges & Culverts,Highways & Streets,30000.0,appropriation,UNH Randolph 2024 annual report — appropriation (text-form)
3300763860,2024,4316,Street Lighting,Highways & Streets,2000.0,appropriation,UNH Randolph 2024 annual report — appropriation (text-form)
3300763860,2024,4323,Solid Waste Collection,Sanitation,17000.0,appropriation,UNH Randolph 2024 annual report — appropriation (text-form)
3300763860,2024,4324,Solid Waste Disposal,Sanitation,14600.0,appropriation,UNH Randolph 2024 annual report — appropriation (text-form)
3300763860,2024,4325,Solid Waste Clean-Up (Landfill Testing),Sanitation,7800.0,appropriation,UNH Randolph 2024 annual report — appropriation (text-form)
3300763860,2024,4326,Sewage Collection & Disposal,Sanitation,500.0,appropriation,UNH Randolph 2024 annual report — appropriation (text-form)
3300763860,2024,4445,Life-Line,Welfare,2800.0,appropriation,UNH Randolph 2024 annual report — appropriation (text-form)
3300763860,2024,4520,Parks & Recreation,Culture & Recreation,5500.0,appropriation,UNH Randolph 2024 annual report — appropriation (text-form)
3300763860,2024,4550,Library,Culture & Recreation,30717.0,appropriation,UNH Randolph 2024 annual report — appropriation (text-form)
3300763860,2024,4583,Patriotic Purposes,Culture & Recreation,150.0,appropriation,UNH Randolph 2024 annual report — appropriation (text-form)
3300763860,2024,4589,Other Culture & Recreation,Culture & Recreation,2000.0,appropriation,UNH Randolph 2024 annual report — appropriation (text-form)
3300763860,2024,4611,General Expense,Conservation & Development,1400.0,appropriation,UNH Randolph 2024 annual report — appropriation (text-form)
3300763860,2024,4613,Minute Taker,Conservation & Development,360.0,appropriation,UNH Randolph 2024 annual report — appropriation (text-form)
3300763860,2024,4614,Meetings/Training,Conservation & Development,100.0,appropriation,UNH Randolph 2024 annual report — appropriation (text-form)
3300773060,2025,4130,Executive,General Government,31276.0,appropriation,UNH Stark 2025 annual report — appropriation (text-form)
3300773060,2025,4140,"Election, Registration, and Vital Statistics",General Government,23223.0,appropriation,UNH Stark 2025 annual report — appropriation (text-form)
3300773060,2025,4150,Financial Administration,General Government,36214.0,appropriation,UNH Stark 2025 annual report — appropriation (text-form)
3300773060,2025,4152,Property Assessment,General Government,9299.0,appropriation,UNH Stark 2025 annual report — appropriation (text-form)
3300773060,2025,4153,Legal Expense,General Government,150.0,appropriation,UNH Stark 2025 annual report — appropriation (text-form)
3300773060,2025,4155,Personnel Administration,General Government,19942.0,appropriation,UNH Stark 2025 annual report — appropriation (text-form)
3300773060,2025,4194,General Government Buildings,General Government,12873.0,appropriation,UNH Stark 2025 annual report — appropriation (text-form)
3300773060,2025,4195,Cemeteries,General Government,511.0,appropriation,UNH Stark 2025 annual report — appropriation (text-form)
3300773060,2025,4196,Insurance Not Otherwise Allocated,General Government,42426.0,appropriation,UNH Stark 2025 annual report — appropriation (text-form)
3300773060,2025,4197,Advertising and Regional Associations,General Government,1472.0,appropriation,UNH Stark 2025 annual report — appropriation (text-form)
3300773060,2025,4215,Ambulances,Public Safety,22850.0,appropriation,UNH Stark 2025 annual report — appropriation (text-form)
3300773060,2025,4220,Fire,Public Safety,34457.0,appropriation,UNH Stark 2025 annual report — appropriation (text-form)
3300773060,2025,4290,Emergency Management,Public Safety,2500.0,appropriation,UNH Stark 2025 annual report — appropriation (text-form)
3300773060,2025,4299,Other Public Safety,Public Safety,277.0,appropriation,UNH Stark 2025 annual report — appropriation (text-form)
3300773060,2025,4312,Highways and Streets,Highways & Streets,252635.0,appropriation,UNH Stark 2025 annual report — appropriation (text-form)
3300773060,2025,4324,Solid Waste Disposal,Sanitation,58696.0,appropriation,UNH Stark 2025 annual report — appropriation (text-form)
3300773060,2025,4325,Solid Waste Facilities Clean-Up,Sanitation,3124.0,appropriation,UNH Stark 2025 annual report — appropriation (text-form)
3300773060,2025,4415,Health Agencies and Hospitals,Health,3693.0,appropriation,UNH Stark 2025 annual report — appropriation (text-form)
3300773060,2025,4419,Other Health,Health,1945.0,appropriation,UNH Stark 2025 annual report — appropriation (text-form)
3300773060,2025,4550,Library,Culture & Recreation,475.0,appropriation,UNH Stark 2025 annual report — appropriation (text-form)
3300773060,2025,4583,Patriotic Purposes,Culture & Recreation,127.0,appropriation,UNH Stark 2025 annual report — appropriation (text-form)
3300773060,2025,4902,"Machinery, Vehicles, and Equipment",Capital Outlay,18831.0,appropriation,UNH Stark 2025 annual report — appropriation (text-form)
3300902020,2025,4140,"Election, Registration, and Vital Statistics",General Government,56552.0,actual,UNH Ashland 2025 annual report — actual (scanned-ocr)
3300902020,2025,4150,Financial Administration,General Government,166851.0,actual,UNH Ashland 2025 annual report — actual (scanned-ocr)
3300902020,2025,4152,Property Assessment,General Government,15107.0,actual,UNH Ashland 2025 annual report — actual (scanned-ocr)
3300902020,2025,4153,Lega! Expense,General Government,30000.0,actual,UNH Ashland 2025 annual report — actual (scanned-ocr)
3300902020,2025,4155,Personnel Administration,General Government,569389.0,actual,UNH Ashland 2025 annual report — actual (scanned-ocr)
3300902020,2025,4191,Planning and Zoning,General Government,714030.0,actual,UNH Ashland 2025 annual report — actual (scanned-ocr)
3300902020,2025,4194,General Government Buildings,General Government,43626.0,actual,UNH Ashland 2025 annual report — actual (scanned-ocr)
3300902020,2025,4195,Cemeteries,General Government,1.0,actual,UNH Ashland 2025 annual report — actual (scanned-ocr)
3300902020,2025,4196,Insurance Not Otherwise Allocated,General Government,86577.0,actual,UNH Ashland 2025 annual report — actual (scanned-ocr)
3300902020,2025,4198,Contingency,General Government,25000.0,actual,UNH Ashland 2025 annual report — actual (scanned-ocr)
3300902020,2025,4210,Police,Public Safety,591098.0,actual,UNH Ashland 2025 annual report — actual (scanned-ocr)
3300902020,2025,4240,Building Inspection,Public Safety,32469.0,actual,UNH Ashland 2025 annual report — actual (scanned-ocr)
3300902020,2025,4290,Emergency Management,Public Safety,1000.0,actual,UNH Ashland 2025 annual report — actual (scanned-ocr)
3300902020,2025,4311,Highway Administration,Highways & Streets,292073.0,actual,UNH Ashland 2025 annual report — actual (scanned-ocr)
3300902020,2025,4319,"Other Highway, Streets, and Bridges .",Highways & Streets,115727.0,actual,UNH Ashland 2025 annual report — actual (scanned-ocr)
3300902020,2025,4323,Solid Waste Gollactian,Sanitation,50.0,actual,UNH Ashland 2025 annual report — actual (scanned-ocr)
3300902020,2025,4324,Solid Waste Disposal,Sanitation,186263.0,actual,UNH Ashland 2025 annual report — actual (scanned-ocr)
3300902020,2025,4326,Sewage Collection and Disposal,Sanitation,30.0,actual,UNH Ashland 2025 annual report — actual (scanned-ocr)
3300902020,2025,4411,Health Administration,Health,2355.0,actual,UNH Ashland 2025 annual report — actual (scanned-ocr)
3300902020,2025,4414,Pest Control,Health,1133.0,actual,UNH Ashland 2025 annual report — actual (scanned-ocr)
3300902020,2025,4441,Welfare Administration,Welfare,21827.0,actual,UNH Ashland 2025 annual report — actual (scanned-ocr)
3300902020,2025,4442,Direct Assistance,Welfare,50.0,actual,UNH Ashland 2025 annual report — actual (scanned-ocr)
3300902020,2025,4550,Library,Culture & Recreation,104046.0,actual,UNH Ashland 2025 annual report — actual (scanned-ocr)
3300902020,2025,4589,Other Cultura and Recreation,Culture & Recreation,3000.0,actual,UNH Ashland 2025 annual report — actual (scanned-ocr)
3300902020,2025,4611,Conservation Administation,Conservation & Development,1.0,actual,UNH Ashland 2025 annual report — actual (scanned-ocr)
3300902020,2025,4724,Interest on Tax and Revenue Anticipation Noles,Debt Service,1.0,actual,UNH Ashland 2025 annual report — actual (scanned-ocr)
3300902020,2025,4902,"Machinery, Vehicles, and Equipment",Capital Outlay,934557.0,actual,UNH Ashland 2025 annual report — actual (scanned-ocr)
3300902020,2025,4903,Buildings,Capital Outlay,129844.0,actual,UNH Ashland 2025 annual report — actual (scanned-ocr)
3300902020,2025,4909,Improvements Other than Buildings,Capital Outlay,6200600.0,actual,UNH Ashland 2025 annual report — actual (scanned-ocr)
3300902020,2025,4975,To Capital Reserve Funds,Other,475552.0,actual,UNH Ashland 2025 annual report — actual (scanned-ocr)
3300902020,2025,4916,To Expendable Trusts,Operating Transfers,30.0,actual,UNH Ashland 2025 annual report — actual (scanned-ocr)
3300902020,2025,4917,To Health Maintenance Trust Funds,Operating Transfers,50.0,actual,UNH Ashland 2025 annual report — actual (scanned-ocr)
3300903940,2025,4139,Executive,General Government,97000.0,appropriation,UNH Bath 2025 annual report — appropriation (text-form)
3300908660,2025,4130,Executive,General Government,22602.0,appropriation,UNH Campton 2025 annual report — appropriation (text-form)
3300908660,2025,4140,"Election, Registration, and Vital Statistics",General Government,263315.0,appropriation,UNH Campton 2025 annual report — appropriation (text-form)
3300908660,2025,4150,Financial Administration,General Government,486561.0,appropriation,UNH Campton 2025 annual report — appropriation (text-form)
3300908660,2025,4152,Property Assessment,General Government,20213.0,appropriation,UNH Campton 2025 annual report — appropriation (text-form)
3300908660,2025,4153,Legal Expense,General Government,99436.0,appropriation,UNH Campton 2025 annual report — appropriation (text-form)
3300908660,2025,4155,Personnel Administration,General Government,139232.0,appropriation,UNH Campton 2025 annual report — appropriation (text-form)
3300908660,2025,4191,Planning and Zoning,General Government,27689.0,appropriation,UNH Campton 2025 annual report — appropriation (text-form)
3300908660,2025,4194,General Government Buildings,General Government,245708.0,appropriation,UNH Campton 2025 annual report — appropriation (text-form)
3300908660,2025,4195,Cemeteries,General Government,69149.0,appropriation,UNH Campton 2025 annual report — appropriation (text-form)
3300908660,2025,4196,Insurance Not Otherwise Allocated,General Government,95049.0,appropriation,UNH Campton 2025 annual report — appropriation (text-form)
3300908660,2025,4197,Advertising and Regional Associations,General Government,16000.0,appropriation,UNH Campton 2025 annual report — appropriation (text-form)
3300908660,2025,4198,Contingency,General Government,9185.0,appropriation,UNH Campton 2025 annual report — appropriation (text-form)
3300908660,2025,4199,Other General Government,General Government,9332.0,appropriation,UNH Campton 2025 annual report — appropriation (text-form)
3300908660,2025,4210,Police,Public Safety,1180344.0,appropriation,UNH Campton 2025 annual report — appropriation (text-form)
3300908660,2025,4220,Fire,Public Safety,1446598.0,appropriation,UNH Campton 2025 annual report — appropriation (text-form)
3300908660,2025,4290,Emergency Management,Public Safety,3172.0,appropriation,UNH Campton 2025 annual report — appropriation (text-form)
3300908660,2025,4312,Highways and Streets,Highways & Streets,654937.0,appropriation,UNH Campton 2025 annual report — appropriation (text-form)
3300908660,2025,4313,Bridges,Highways & Streets,7200.0,appropriation,UNH Campton 2025 annual report — appropriation (text-form)
3300908660,2025,4316,Street Lighting,Highways & Streets,14888.0,appropriation,UNH Campton 2025 annual report — appropriation (text-form)
3300908660,2025,4323,Solid Waste Collection,Sanitation,241402.0,appropriation,UNH Campton 2025 annual report — appropriation (text-form)
3300908660,2025,4415,Health Agencies and Hospitals,Health,17255.0,appropriation,UNH Campton 2025 annual report — appropriation (text-form)
3300908660,2025,4442,Direct Assistance,Welfare,14457.0,appropriation,UNH Campton 2025 annual report — appropriation (text-form)
3300908660,2025,4449,Other Welfare,Welfare,4000.0,appropriation,UNH Campton 2025 annual report — appropriation (text-form)
3300908660,2025,4520,Parks and Recreation,Culture & Recreation,196213.0,appropriation,UNH Campton 2025 annual report — appropriation (text-form)
3300908660,2025,4550,Library,Culture & Recreation,50803.0,appropriation,UNH Campton 2025 annual report — appropriation (text-form)
3300908660,2025,4583,Patriotic Purposes,Culture & Recreation,842.0,appropriation,UNH Campton 2025 annual report — appropriation (text-form)
3300908660,2025,4611,Conservation Administation,Conservation & Development,3756.0,appropriation,UNH Campton 2025 annual report — appropriation (text-form)
3300908660,2025,4902,"Machinery, Vehicles, and Equipment",Capital Outlay,87504.0,appropriation,UNH Campton 2025 annual report — appropriation (text-form)
3300908660,2025,4326,Management/Maintenance,Sanitation,14600.0,appropriation,UNH Campton 2025 annual report — appropriation (text-form)
3300908660,2025,4332,Management/Maintenance,Water Distribution,8240.0,appropriation,UNH Campton 2025 annual report — appropriation (text-form)
3300934820,2025,4130,Executive,General Government,4875.0,appropriation,UNH Haverhill 2025 annual report — appropriation (text-form)
3300934820,2025,4150,Financial Administration,General Government,3500.0,appropriation,UNH Haverhill 2025 annual report — appropriation (text-form)
3300934820,2025,4153,Legal Expense,General Government,1500.0,appropriation,UNH Haverhill 2025 annual report — appropriation (text-form)
3300934820,2025,4155,Personnel Administration,General Government,12000.0,appropriation,UNH Haverhill 2025 annual report — appropriation (text-form)
3300934820,2025,4191,Planning and Zoning,General Government,200.0,appropriation,UNH Haverhill 2025 annual report — appropriation (text-form)
3300934820,2025,4194,General Government Buildings,General Government,13651.0,appropriation,UNH Haverhill 2025 annual report — appropriation (text-form)
3300934820,2025,4196,Insurance Not Otherwise Allocated,General Government,4313.0,appropriation,UNH Haverhill 2025 annual report — appropriation (text-form)
3300934820,2025,4197,Advertising and Regional Associations,General Government,800.0,appropriation,UNH Haverhill 2025 annual report — appropriation (text-form)
3300934820,2025,4316,Street Lighting,Highways & Streets,14900.0,appropriation,UNH Haverhill 2025 annual report — appropriation (text-form)
3300934820,2025,4520,Parks and Recreation,Culture & Recreation,100.0,appropriation,UNH Haverhill 2025 annual report — appropriation (text-form)
3300934820,2025,4550,Library,Culture & Recreation,1500.0,appropriation,UNH Haverhill 2025 annual report — appropriation (text-form)
3300934820,2025,4902,"Machinery, Vehicles, and Equipment",Capital Outlay,9000.0,appropriation,UNH Haverhill 2025 annual report — appropriation (text-form)
3300934820,2025,4903,Buildings,Capital Outlay,25000.0,appropriation,UNH Haverhill 2025 annual report — appropriation (text-form)
3300934820,2025,4915,To Capital Reserve Funds,Operating Transfers,50752.0,appropriation,UNH Haverhill 2025 annual report — appropriation (text-form)
3300936900,2025,4539,Federal Program Grants,Culture & Recreation,47001.0,appropriation,UNH Holderness 2025 annual report — appropriation (text-form)
3300936900,2025,4560,Child Nutrition,Culture & Recreation,25000.0,appropriation,UNH Holderness 2025 annual report — appropriation (text-form)
3300936900,2025,4580,Medicaid Distribution,Culture & Recreation,15000.0,appropriation,UNH Holderness 2025 annual report — appropriation (text-form)
3300936900,2025,4999,Other Federal Sources (non-4810),Other,403.0,appropriation,UNH Holderness 2025 annual report — appropriation (text-form)
3300942580,2025,4130,Executive,General Government,315178.0,appropriation,UNH Littleton 2025 annual report — appropriation (text-form)
3300942580,2025,4140,"Election, Registration, and Vital Statistics",General Government,329551.0,appropriation,UNH Littleton 2025 annual report — appropriation (text-form)
3300942580,2025,4150,Financial Administration,General Government,274954.0,appropriation,UNH Littleton 2025 annual report — appropriation (text-form)
3300942580,2025,4152,Property Assessment,General Government,228162.0,appropriation,UNH Littleton 2025 annual report — appropriation (text-form)
3300942580,2025,4153,Legal Expense,General Government,139206.0,appropriation,UNH Littleton 2025 annual report — appropriation (text-form)
3300942580,2025,4155,Personnel Administration,General Government,222587.0,appropriation,UNH Littleton 2025 annual report — appropriation (text-form)
3300942580,2025,4191,Planning and Zoning,General Government,115769.0,appropriation,UNH Littleton 2025 annual report — appropriation (text-form)
3300942580,2025,4194,General Government Buildings,General Government,164426.0,appropriation,UNH Littleton 2025 annual report — appropriation (text-form)
3300942580,2025,4195,Cemeteries,General Government,107085.0,appropriation,UNH Littleton 2025 annual report — appropriation (text-form)
3300942580,2025,4196,Insurance Not Otherwise Allocated,General Government,9.0,appropriation,UNH Littleton 2025 annual report — appropriation (text-form)
3300942580,2025,4197,Advertising and Regional Associations,General Government,38650.0,appropriation,UNH Littleton 2025 annual report — appropriation (text-form)
3300942580,2025,4199,Other General Government,General Government,35000.0,appropriation,UNH Littleton 2025 annual report — appropriation (text-form)
3300942580,2025,4210,Police,Public Safety,2625356.0,appropriation,UNH Littleton 2025 annual report — appropriation (text-form)
3300942580,2025,4220,Fire,Public Safety,2252870.0,appropriation,UNH Littleton 2025 annual report — appropriation (text-form)
3300942580,2025,4311,Highway Administratlon,Highways & Streets,188337.0,appropriation,UNH Littleton 2025 annual report — appropriation (text-form)
3300942580,2025,4312,Highways and Streets,Highways & Streets,1639756.0,appropriation,UNH Littleton 2025 annual report — appropriation (text-form)
3300942580,2025,4316,Street Lighting,Highways & Streets,621839.0,appropriation,UNH Littleton 2025 annual report — appropriation (text-form)
3300942580,2025,4319,"Other Highway, Streets, and Bridges",Highways & Streets,123734.0,appropriation,UNH Littleton 2025 annual report — appropriation (text-form)
3300942580,2025,4414,Pest Control,Health,1.979,appropriation,UNH Littleton 2025 annual report — appropriation (text-form)
3300942580,2025,4441,Welfare Administration,Welfare,49766.0,appropriation,UNH Littleton 2025 annual report — appropriation (text-form)
3300942580,2025,4442,Direct Assistance,Welfare,167380.0,appropriation,UNH Littleton 2025 annual report — appropriation (text-form)
3300942580,2025,4445,Vendor Payments,Welfare,137567.0,appropriation,UNH Littleton 2025 annual report — appropriation (text-form)
3300942580,2025,4550,library,Culture & Recreation,355134.0,appropriation,UNH Littleton 2025 annual report — appropriation (text-form)
3300942580,2025,4583,Patriotic Purposes,Culture & Recreation,1375.0,appropriation,UNH Littleton 2025 annual report — appropriation (text-form)
3300942580,2025,4589,Other Culture and Recreation,Culture & Recreation,119352.0,appropriation,UNH Littleton 2025 annual report — appropriation (text-form)
3300942580,2025,4611,Conservation Administation,Conservation & Development,2410.0,appropriation,UNH Littleton 2025 annual report — appropriation (text-form)
3300942580,2025,4721,p,Debt Service,91495.0,appropriation,UNH Littleton 2025 annual report — appropriation (text-form)
3300942580,2025,4790,Other Debt Service Charges,Debt Service,300.0,appropriation,UNH Littleton 2025 annual report — appropriation (text-form)
3300942580,2025,4902,"Machinery, Vehicles, and Equipment",Capital Outlay,239764.0,appropriation,UNH Littleton 2025 annual report — appropriation (text-form)
3300942580,2025,4903,Buildings,Capital Outlay,619679.0,appropriation,UNH Littleton 2025 annual report — appropriation (text-form)
3300942580,2025,4909,Improvements Other than Bulldlngs,Capital Outlay,580000.0,appropriation,UNH Littleton 2025 annual report — appropriation (text-form)
3300942580,2025,4911,To Revolving Funds,Operating Transfers,679691.0,appropriation,UNH Littleton 2025 annual report — appropriation (text-form)
3300942580,2025,4915,To Capital ReseNe Funds,Operating Transfers,200000.0,appropriation,UNH Littleton 2025 annual report — appropriation (text-form)
3300942580,2025,4723,Interest on Tax and Revenue Anticipation Notes,Debt Service,5000.0,appropriation,UNH Littleton 2025 annual report — appropriation (text-form)
3300944260,2024,4130,Executive,General Government,190888.0,actual,UNH Lyme 2024 annual report — actual (scanned-ocr)
3300944260,2024,4140,"Election, Registration, and Vital Statistics",General Government,128974.0,actual,UNH Lyme 2024 annual report — actual (scanned-ocr)
3300944260,2024,4150,Financial Administration,General Government,51814.0,actual,UNH Lyme 2024 annual report — actual (scanned-ocr)
3300944260,2024,4152,Property Assessment,General Government,35865.0,actual,UNH Lyme 2024 annual report — actual (scanned-ocr)
3300944260,2024,4153,Legal Expense,General Government,45000.0,actual,UNH Lyme 2024 annual report — actual (scanned-ocr)
3300944260,2024,4155,Personnel Administration,General Government,67450.0,actual,UNH Lyme 2024 annual report — actual (scanned-ocr)
3300944260,2024,4191,Planning and Zoning,General Government,106674.0,actual,UNH Lyme 2024 annual report — actual (scanned-ocr)
3300944260,2024,4194,General Government Buildings,General Government,98843.0,actual,UNH Lyme 2024 annual report — actual (scanned-ocr)
3300944260,2024,4195,Cemeteries,General Government,35941.0,actual,UNH Lyme 2024 annual report — actual (scanned-ocr)
3300944260,2024,4196,Insurance Not Otherwise Allocated,General Government,46088.0,actual,UNH Lyme 2024 annual report — actual (scanned-ocr)
3300944260,2024,4197,Advertising and Regional Associations,General Government,3800.0,actual,UNH Lyme 2024 annual report — actual (scanned-ocr)
3300944260,2024,4199,Other General Government,General Government,100.0,actual,UNH Lyme 2024 annual report — actual (scanned-ocr)
3300944260,2024,4210,Police,Public Safety,336116.0,actual,UNH Lyme 2024 annual report — actual (scanned-ocr)
3300944260,2024,4215,Ambulances,Public Safety,69500.0,actual,UNH Lyme 2024 annual report — actual (scanned-ocr)
3300944260,2024,4220,Fire,Public Safety,60990.0,actual,UNH Lyme 2024 annual report — actual (scanned-ocr)
3300944260,2024,4290,Emergency Management,Public Safety,4500.0,actual,UNH Lyme 2024 annual report — actual (scanned-ocr)
3300944260,2024,4299,Other Public Safety,Public Safety,34945.0,actual,UNH Lyme 2024 annual report — actual (scanned-ocr)
3300944260,2024,4312,Highways and Streets,Highways & Streets,894286.0,actual,UNH Lyme 2024 annual report — actual (scanned-ocr)
3300944260,2024,4316,Street Lighting,Highways & Streets,3700.0,actual,UNH Lyme 2024 annual report — actual (scanned-ocr)
3300944260,2024,4319,"Other Highway, Streets, and Bridges",Highways & Streets,95000.0,actual,UNH Lyme 2024 annual report — actual (scanned-ocr)
3300944260,2024,4323,Solid Waste Collection,Sanitation,68881.0,actual,UNH Lyme 2024 annual report — actual (scanned-ocr)
3300944260,2024,4324,Solid Waste Disposal,Sanitation,38750.0,actual,UNH Lyme 2024 annual report — actual (scanned-ocr)
3300944260,2024,4415,Health Agencies and Hospitals,Health,27764.0,actual,UNH Lyme 2024 annual report — actual (scanned-ocr)
3300944260,2024,4441,Welfare Administration,Welfare,10668.0,actual,UNH Lyme 2024 annual report — actual (scanned-ocr)
3300944260,2024,4520,Parks and Recreation,Culture & Recreation,92414.0,actual,UNH Lyme 2024 annual report — actual (scanned-ocr)
3300944260,2024,4550,Library,Culture & Recreation,215503.0,actual,UNH Lyme 2024 annual report — actual (scanned-ocr)
3300944260,2024,4583,Patriotic Purposes,Culture & Recreation,7683.0,actual,UNH Lyme 2024 annual report — actual (scanned-ocr)
3300944260,2024,4611,Conservation Administation,Conservation & Development,2108.0,actual,UNH Lyme 2024 annual report — actual (scanned-ocr)
3300944260,2024,4619,Other Conservation,Conservation & Development,25960.0,actual,UNH Lyme 2024 annual report — actual (scanned-ocr)
3300944260,2024,4711,"Principal - Long Term Bonds, Notes, and Other Debt",Debt Service,72965.0,actual,UNH Lyme 2024 annual report — actual (scanned-ocr)
3300944260,2024,4721,"Interest - Long Term Bonds, Notes, and Other Debt",Debt Service,10761.0,actual,UNH Lyme 2024 annual report — actual (scanned-ocr)
3300944260,2024,4723,Interest on Tax and Revenue Anticipation Notes,Debt Service,20000.0,actual,UNH Lyme 2024 annual report — actual (scanned-ocr)
3300944260,2024,4902,"Machinery, Vehicles, and Equipment",Capital Outlay,364202.0,actual,UNH Lyme 2024 annual report — actual (scanned-ocr)
3300944260,2024,4803,Buildings,Other,81717.0,actual,UNH Lyme 2024 annual report — actual (scanned-ocr)
3300944260,2024,4909,Improvements Other than Buildings,Capital Outlay,240000.0,actual,UNH Lyme 2024 annual report — actual (scanned-ocr)
3300944260,2024,4915,To Capital Reserve Funds,Operating Transfers,365000.0,actual,UNH Lyme 2024 annual report — actual (scanned-ocr)
3300944260,2024,4916,To Expendable Trusts,Operating Transfers,25000.0,actual,UNH Lyme 2024 annual report — actual (scanned-ocr)
3300948980,2025,4130,Executive,General Government,93168.0,appropriation,UNH Monroe 2025 annual report — appropriation (text-form)
3300948980,2025,4140,Election Registration and Vital Statistics,General Government,40893.0,appropriation,UNH Monroe 2025 annual report — appropriation (text-form)
3300948980,2025,4150,Financial Administration,General Government,112045.0,appropriation,UNH Monroe 2025 annual report — appropriation (text-form)
3300948980,2025,4152,Revaluation of Property,General Government,40000.0,appropriation,UNH Monroe 2025 annual report — appropriation (text-form)
3300948980,2025,4153,Legal Services,General Government,5000.0,appropriation,UNH Monroe 2025 annual report — appropriation (text-form)
3300948980,2025,4191,Planning and Zoning,General Government,5888.0,appropriation,UNH Monroe 2025 annual report — appropriation (text-form)
3300948980,2025,4194,General Government Building,General Government,90127.0,appropriation,UNH Monroe 2025 annual report — appropriation (text-form)
3300948980,2025,4195,Cemeteries,General Government,13892.0,appropriation,UNH Monroe 2025 annual report — appropriation (text-form)
3300948980,2025,4196,Insurance,General Government,21186.0,appropriation,UNH Monroe 2025 annual report — appropriation (text-form)
3300948980,2025,4197,Advertising and Regional Association,General Government,10623.0,appropriation,UNH Monroe 2025 annual report — appropriation (text-form)
3300948980,2025,4210,Police,Public Safety,20000.0,appropriation,UNH Monroe 2025 annual report — appropriation (text-form)
3300948980,2025,4215,Ambulance,Public Safety,49438.0,appropriation,UNH Monroe 2025 annual report — appropriation (text-form)
3300948980,2025,4220,Fire,Public Safety,42214.0,appropriation,UNH Monroe 2025 annual report — appropriation (text-form)
3300948980,2025,4290,Emergency Management,Public Safety,1077.0,appropriation,UNH Monroe 2025 annual report — appropriation (text-form)
3300948980,2025,4312,Highways and Streets,Highways & Streets,292114.0,appropriation,UNH Monroe 2025 annual report — appropriation (text-form)
3300948980,2025,4316,Street Lighting,Highways & Streets,24000.0,appropriation,UNH Monroe 2025 annual report — appropriation (text-form)
3300948980,2025,4323,Solid Waste Collection,Sanitation,53000.0,appropriation,UNH Monroe 2025 annual report — appropriation (text-form)
3300948980,2025,4411,Health Administration,Health,1714.45,appropriation,UNH Monroe 2025 annual report — appropriation (text-form)
3300948980,2025,4415,"Health Agencies, Hospitals, & Other",Health,5475.0,appropriation,UNH Monroe 2025 annual report — appropriation (text-form)
3300948980,2025,4442,Direct Assistance,Welfare,2500.0,appropriation,UNH Monroe 2025 annual report — appropriation (text-form)
3300948980,2025,4520,Parks & Recreation,Culture & Recreation,3900.0,appropriation,UNH Monroe 2025 annual report — appropriation (text-form)
3300948980,2025,4550,Library,Culture & Recreation,69757.0,appropriation,UNH Monroe 2025 annual report — appropriation (text-form)
3300948980,2025,4583,Patriotic,Culture & Recreation,1500.0,appropriation,UNH Monroe 2025 annual report — appropriation (text-form)
3300948980,2025,4589,Other Culture and Recreation,Culture & Recreation,7200.0,appropriation,UNH Monroe 2025 annual report — appropriation (text-form)
3300948980,2025,4711,Debt Principal,Debt Service,31079.16,appropriation,UNH Monroe 2025 annual report — appropriation (text-form)
3300948980,2025,4712,Debt Interest,Debt Service,3496.0,appropriation,UNH Monroe 2025 annual report — appropriation (text-form)
3300948980,2025,4915,To Capital Reserve Fund,Operating Transfers,130000.0,appropriation,UNH Monroe 2025 annual report — appropriation (text-form)
3300948980,2025,4916,To Expendable Trust funds,Operating Transfers,60000.0,appropriation,UNH Monroe 2025 annual report — appropriation (text-form)
3300948980,2025,4324,Solid Waste Disposal,Sanitation,82000.0,appropriation,UNH Monroe 2025 annual report — appropriation (text-form)
3300948980,2025,4551,Patriotic,Culture & Recreation,1500.0,appropriation,UNH Monroe 2025 annual report — appropriation (text-form)
3300948980,2025,4919,Proprietary Funds,Operating Transfers,60000.0,appropriation,UNH Monroe 2025 annual report — appropriation (text-form)
3300948980,2025,4560,Child Nutrition,Culture & Recreation,29672.0,appropriation,UNH Monroe 2025 annual report — appropriation (text-form)
3300948980,2025,4810,Federal Forest Reserve,Other,227.0,appropriation,UNH Monroe 2025 annual report — appropriation (text-form)
3300958500,2024,4139,Executive,General Government,100339.0,appropriation,UNH Orford 2024 annual report — appropriation (text-form)
3300958500,2024,4151,Financial Administration,General Government,86721.0,appropriation,UNH Orford 2024 annual report — appropriation (text-form)
3300958500,2024,4152,Revaluation of Property,General Government,16395.0,appropriation,UNH Orford 2024 annual report — appropriation (text-form)
3300958500,2024,4153,Legal Expense,General Government,30500.0,appropriation,UNH Orford 2024 annual report — appropriation (text-form)
3300958500,2024,4193,Planning Board,General Government,17250.0,appropriation,UNH Orford 2024 annual report — appropriation (text-form)
3300958500,2024,4194,General Government Buildings,General Government,12950.0,appropriation,UNH Orford 2024 annual report — appropriation (text-form)
3300958500,2024,4195,Cemeteries,General Government,37170.0,appropriation,UNH Orford 2024 annual report — appropriation (text-form)
3300958500,2024,4196,Insurance,General Government,41227.0,appropriation,UNH Orford 2024 annual report — appropriation (text-form)
3300958500,2024,4199,Contingency Fund,General Government,5000.0,appropriation,UNH Orford 2024 annual report — appropriation (text-form)
3300958500,2024,4214,Police,Public Safety,186712.0,appropriation,UNH Orford 2024 annual report — appropriation (text-form)
3300958500,2024,4219,Emergency Services,Public Safety,95298.0,appropriation,UNH Orford 2024 annual report — appropriation (text-form)
3300958500,2024,4229,Fire,Public Safety,87349.0,appropriation,UNH Orford 2024 annual report — appropriation (text-form)
3300958500,2024,4298,Emergency Management,Public Safety,500.0,appropriation,UNH Orford 2024 annual report — appropriation (text-form)
3300958500,2024,4312,Highways & Streets,Highways & Streets,514841.0,appropriation,UNH Orford 2024 annual report — appropriation (text-form)
3300958500,2024,4316,Street Lighting,Highways & Streets,6000.0,appropriation,UNH Orford 2024 annual report — appropriation (text-form)
3300958500,2024,4324,Solid Waste Disposal,Sanitation,10209.0,appropriation,UNH Orford 2024 annual report — appropriation (text-form)
3300958500,2024,4414,Pest Control,Health,500.0,appropriation,UNH Orford 2024 annual report — appropriation (text-form)
3300958500,2024,4442,Direct Assistance,Welfare,5000.0,appropriation,UNH Orford 2024 annual report — appropriation (text-form)
3300958500,2024,4529,Parks & Recreation,Culture & Recreation,50685.0,appropriation,UNH Orford 2024 annual report — appropriation (text-form)
3300958500,2024,4559,Library,Culture & Recreation,57872.0,appropriation,UNH Orford 2024 annual report — appropriation (text-form)
3300958500,2024,4583,Patriotic Purposes,Culture & Recreation,1700.0,appropriation,UNH Orford 2024 annual report — appropriation (text-form)
3300958500,2024,4619,Other Conservation,Conservation & Development,3930.0,appropriation,UNH Orford 2024 annual report — appropriation (text-form)
3300962660,2025,4539,Federal Program Grants,Culture & Recreation,446983.0,appropriation,UNH Plymouth 2025 annual report — appropriation (text-form)
3300962660,2025,4560,Child Nutrition,Culture & Recreation,116291.0,appropriation,UNH Plymouth 2025 annual report — appropriation (text-form)
3300962660,2025,4570,Disabilities Programs,Culture & Recreation,130479.0,appropriation,UNH Plymouth 2025 annual report — appropriation (text-form)
3300962660,2025,4580,Medicaid Distribution,Culture & Recreation,43231.0,appropriation,UNH Plymouth 2025 annual report — appropriation (text-form)
3300962660,2025,4999,Other Federal Sources (non-4810),Other,492731.0,appropriation,UNH Plymouth 2025 annual report — appropriation (text-form)
3300962660,2025,4810,Federal Forest Reserve,Other,2617.0,appropriation,UNH Plymouth 2025 annual report — appropriation (text-form)
3300978740,2024,4312,Highwaysand Streets,Highways & Streets,60000.0,actual,UNH Warren 2024 annual report — actual (scanned-ocr)
3300978740,2024,4321,Sanitation Administration. = _,Sanitation,32200.0,actual,UNH Warren 2024 annual report — actual (scanned-ocr)
3300978740,2024,4415,Health Agencies and Hospitals a,Health,155353.0,actual,UNH Warren 2024 annual report — actual (scanned-ocr)
3300978740,2024,4520,Parks and Recreation —_,Culture & Recreation,5200.0,actual,UNH Warren 2024 annual report — actual (scanned-ocr)
3300978740,2024,4550,Library —— —_,Culture & Recreation,354247.0,actual,UNH Warren 2024 annual report — actual (scanned-ocr)
3300978740,2024,4583,Patriotic Purposes —_,Culture & Recreation,9200.0,actual,UNH Warren 2024 annual report — actual (scanned-ocr)
3300978740,2024,4589,Other Culture and Recreation OO,Culture & Recreation,650.0,actual,UNH Warren 2024 annual report — actual (scanned-ocr)
3300978740,2024,4711,"Principal - Long Term Bonds, Notes, and Other Debt —_",Debt Service,1.0,actual,UNH Warren 2024 annual report — actual (scanned-ocr)
3300978740,2024,4916,To Expendable Trusts _,Operating Transfers,50826.0,actual,UNH Warren 2024 annual report — actual (scanned-ocr)
3300980500,2025,4194,GeneralGovernment Buildings = ~~,General Government,20200.0,actual,UNH Wentworth 2025 annual report — actual (scanned-ocr)
3300980500,2025,4711,"Principal- Long Term Bonds, Notes, and OtherDebt",Debt Service,110049.0,actual,UNH Wentworth 2025 annual report — actual (scanned-ocr)
3300987060,2024,4153,Legal Expense,General Government,13650.63,appropriation,UNH Woodstock 2024 annual report — appropriation (text-form)
3300987060,2024,4194,General Government Bldg.,General Government,84896.48,appropriation,UNH Woodstock 2024 annual report — appropriation (text-form)
3300987060,2024,4195,Cemeteries,General Government,21849.0,appropriation,UNH Woodstock 2024 annual report — appropriation (text-form)
3300987060,2024,4196,Insurance,General Government,55455.0,appropriation,UNH Woodstock 2024 annual report — appropriation (text-form)
3300987060,2024,4197,Advertising & Reg. Assoc.,General Government,1020.0,appropriation,UNH Woodstock 2024 annual report — appropriation (text-form)
3300987060,2024,4299,Other (Inc. Communications),Public Safety,31046.18,appropriation,UNH Woodstock 2024 annual report — appropriation (text-form)
3300987060,2024,4312,Highways & Streets,Highways & Streets,207971.27,appropriation,UNH Woodstock 2024 annual report — appropriation (text-form)
3300987060,2024,4316,Street Lighting,Highways & Streets,26659.71,appropriation,UNH Woodstock 2024 annual report — appropriation (text-form)
3300987060,2024,4324,Solid Waste Disposal,Sanitation,298822.92,appropriation,UNH Woodstock 2024 annual report — appropriation (text-form)
3300987060,2024,4326,Sewage Collection & Disposal,Sanitation,504700.6,appropriation,UNH Woodstock 2024 annual report — appropriation (text-form)
3300987060,2024,4332,Water Distribution & Treatment,Water Distribution,583412.12,appropriation,UNH Woodstock 2024 annual report — appropriation (text-form)
3300987060,2024,4411,Health Admin. Operating,Health,98.73,appropriation,UNH Woodstock 2024 annual report — appropriation (text-form)
3300987060,2024,4414,Pest Control,Health,1699.5,appropriation,UNH Woodstock 2024 annual report — appropriation (text-form)
3300987060,2024,4583,Patriotic Purposes,Culture & Recreation,16350.0,appropriation,UNH Woodstock 2024 annual report — appropriation (text-form)
3300987060,2024,4589,Other Culture & Recreation,Culture & Recreation,354728.03,appropriation,UNH Woodstock 2024 annual report — appropriation (text-form)
3300987060,2024,4711,Princ.-Long Term Bonds & Notes,Debt Service,80527.7,appropriation,UNH Woodstock 2024 annual report — appropriation (text-form)
3300987060,2024,4721,Int.-Long Term Bonds & Notes,Debt Service,9092.52,appropriation,UNH Woodstock 2024 annual report — appropriation (text-form)
3300987060,2024,4902,"Machinery, Vehicles, Equipment",Capital Outlay,75126.4,appropriation,UNH Woodstock 2024 annual report — appropriation (text-form)
3300987060,2024,4909,Improvements Other than Bldgs.,Capital Outlay,305350.0,appropriation,UNH Woodstock 2024 annual report — appropriation (text-form)
3300987060,2024,4915,To Capital Reserve Fund,Operating Transfers,426652.0,appropriation,UNH Woodstock 2024 annual report — appropriation (text-form)
3301101300,2025,4130,Executive,General Government,621720.0,appropriation,UNH Amherst 2025 annual report — appropriation (text-form)
3301101300,2025,4140,"Election, Registration, and Vital Statistics",General Government,299850.0,appropriation,UNH Amherst 2025 annual report — appropriation (text-form)
3301101300,2025,4150,Financial Administration,General Government,725360.0,appropriation,UNH Amherst 2025 annual report — appropriation (text-form)
3301101300,2025,4152,Property Assessment,General Government,231460.0,appropriation,UNH Amherst 2025 annual report — appropriation (text-form)
3301101300,2025,4153,Legal Expense,General Government,73000.0,appropriation,UNH Amherst 2025 annual report — appropriation (text-form)
3301101300,2025,4155,Personnel Administration,General Government,281670.0,appropriation,UNH Amherst 2025 annual report — appropriation (text-form)
3301101300,2025,4191,Planning and Zoning,General Government,611360.0,appropriation,UNH Amherst 2025 annual report — appropriation (text-form)
3301101300,2025,4194,General Government Buildings,General Government,418300.0,appropriation,UNH Amherst 2025 annual report — appropriation (text-form)
3301101300,2025,4195,Cemeteries,General Government,81850.0,appropriation,UNH Amherst 2025 annual report — appropriation (text-form)
3301101300,2025,4196,Insurance Not Otherwise Allocated,General Government,194000.0,appropriation,UNH Amherst 2025 annual report — appropriation (text-form)
3301101300,2025,4198,Contingency,General Government,150000.0,appropriation,UNH Amherst 2025 annual report — appropriation (text-form)
3301101300,2025,4210,Police,Public Safety,3516950.0,appropriation,UNH Amherst 2025 annual report — appropriation (text-form)
3301101300,2025,4215,Ambulances,Public Safety,839850.0,appropriation,UNH Amherst 2025 annual report — appropriation (text-form)
3301101300,2025,4220,Fire,Public Safety,850900.0,appropriation,UNH Amherst 2025 annual report — appropriation (text-form)
3301101300,2025,4290,Emergency Management,Public Safety,5500.0,appropriation,UNH Amherst 2025 annual report — appropriation (text-form)
3301101300,2025,4299,Other Public Safety,Public Safety,564200.0,appropriation,UNH Amherst 2025 annual report — appropriation (text-form)
3301101300,2025,4311,Highway Administration,Highways & Streets,589100.0,appropriation,UNH Amherst 2025 annual report — appropriation (text-form)
3301101300,2025,4312,Highways and Streets,Highways & Streets,4427850.0,appropriation,UNH Amherst 2025 annual report — appropriation (text-form)
3301101300,2025,4316,Street Lighting,Highways & Streets,14000.0,appropriation,UNH Amherst 2025 annual report — appropriation (text-form)
3301101300,2025,4323,Solid Waste Collection,Sanitation,542000.0,appropriation,UNH Amherst 2025 annual report — appropriation (text-form)
3301101300,2025,4324,Solid Waste Disposal,Sanitation,485800.0,appropriation,UNH Amherst 2025 annual report — appropriation (text-form)
3301101300,2025,4411,Health Administration,Health,2590.0,appropriation,UNH Amherst 2025 annual report — appropriation (text-form)
3301101300,2025,4414,Pest Control,Health,400.0,appropriation,UNH Amherst 2025 annual report — appropriation (text-form)
3301101300,2025,4415,Health Agencies and Hospitals,Health,55000.0,appropriation,UNH Amherst 2025 annual report — appropriation (text-form)
3301101300,2025,4441,Welfare Administration,Welfare,10250.0,appropriation,UNH Amherst 2025 annual report — appropriation (text-form)
3301101300,2025,4520,Parks and Recreation,Culture & Recreation,577430.0,appropriation,UNH Amherst 2025 annual report — appropriation (text-form)
3301101300,2025,4550,Library,Culture & Recreation,1285150.0,appropriation,UNH Amherst 2025 annual report — appropriation (text-form)
3301101300,2025,4583,Patriotic Purposes,Culture & Recreation,21100.0,appropriation,UNH Amherst 2025 annual report — appropriation (text-form)
3301101300,2025,4589,Other Culture and Recreation,Culture & Recreation,2280.0,appropriation,UNH Amherst 2025 annual report — appropriation (text-form)
3301101300,2025,4611,Conservation Administation,Conservation & Development,14000.0,appropriation,UNH Amherst 2025 annual report — appropriation (text-form)
3301101300,2025,4711,"Principal - Long Term Bonds, Notes, and Other Debt",Debt Service,696900.0,appropriation,UNH Amherst 2025 annual report — appropriation (text-form)
3301101300,2025,4721,"Interest - Long Term Bonds, Notes, and Other Debt",Debt Service,521190.0,appropriation,UNH Amherst 2025 annual report — appropriation (text-form)
3301101300,2025,4902,"Machinery, Vehicles, and Equipment",Capital Outlay,2130000.0,appropriation,UNH Amherst 2025 annual report — appropriation (text-form)
3301101300,2025,4909,Improvements Other than Buildings,Capital Outlay,3322968.0,appropriation,UNH Amherst 2025 annual report — appropriation (text-form)
3301101300,2025,4915,To Capital Reserve Funds,Operating Transfers,777000.0,appropriation,UNH Amherst 2025 annual report — appropriation (text-form)
3301127140,2025,4120,"HURLEY, THOMAS",Other,308100.0,appropriation,UNH Francestown 2025 annual report — appropriation (text-form)
3301127140,2025,4130,"COLLIER, JOHN MICHAEL",General Government,239100.0,appropriation,UNH Francestown 2025 annual report — appropriation (text-form)
3301127140,2025,4150,"NELSON, JARED W",General Government,364100.0,appropriation,UNH Francestown 2025 annual report — appropriation (text-form)
3301127140,2025,4180,"BRYAN, STEPHEN M",General Government,577500.0,appropriation,UNH Francestown 2025 annual report — appropriation (text-form)
3301127140,2025,4200,"SULLIVAN, CHRISTOPHER",Other,445100.0,appropriation,UNH Francestown 2025 annual report — appropriation (text-form)
3301127140,2025,4201,"FORCASH, ALAN T",Other,477200.0,appropriation,UNH Francestown 2025 annual report — appropriation (text-form)
3301127140,2025,4210,"ST ONGE, RICHARD",Public Safety,484700.0,appropriation,UNH Francestown 2025 annual report — appropriation (text-form)
3301129860,2025,4130,Executive,General Government,232500.0,appropriation,UNH Goffstown 2025 annual report — appropriation (text-form)
3301129860,2025,4150,Financial Adm,General Government,21844.0,appropriation,UNH Goffstown 2025 annual report — appropriation (text-form)
3301129860,2025,4194,Building maintenance,General Government,6000.0,appropriation,UNH Goffstown 2025 annual report — appropriation (text-form)
3301129860,2025,4196,General insurance,General Government,12663.0,appropriation,UNH Goffstown 2025 annual report — appropriation (text-form)
3301129860,2025,4153,Legal,General Government,1500.0,appropriation,UNH Goffstown 2025 annual report — appropriation (text-form)
3301129860,2025,4197,Advertising/assoc.,General Government,9200.0,appropriation,UNH Goffstown 2025 annual report — appropriation (text-form)
3301129860,2025,4199,Other General Govt,General Government,31000.0,appropriation,UNH Goffstown 2025 annual report — appropriation (text-form)
3301129860,2025,4539,Federal Programs / Grants,Culture & Recreation,2500000.0,appropriation,UNH Goffstown 2025 annual report — appropriation (text-form)
3301129860,2025,4560,Child Nutrition Programs,Culture & Recreation,400000.0,appropriation,UNH Goffstown 2025 annual report — appropriation (text-form)
3301129860,2025,4580,Medicaid Distribution,Culture & Recreation,35000.0,appropriation,UNH Goffstown 2025 annual report — appropriation (text-form)
3301129860,2025,4999,USDA Commodities,Other,70000.0,appropriation,UNH Goffstown 2025 annual report — appropriation (text-form)
3301131540,2024,4130,Executive,General Government,177114.0,appropriation,UNH Greenfield 2024 annual report — appropriation (text-form)
3301131540,2024,4140,"Election, Registration, and Vital Statistics",General Government,47087.0,appropriation,UNH Greenfield 2024 annual report — appropriation (text-form)
3301131540,2024,4150,Financial Administration,General Government,61942.0,appropriation,UNH Greenfield 2024 annual report — appropriation (text-form)
3301131540,2024,4153,Legal Expense,General Government,17076.0,appropriation,UNH Greenfield 2024 annual report — appropriation (text-form)
3301131540,2024,4155,Personnel Administration,General Government,518764.0,appropriation,UNH Greenfield 2024 annual report — appropriation (text-form)
3301131540,2024,4191,Planning and Zoning,General Government,7344.0,appropriation,UNH Greenfield 2024 annual report — appropriation (text-form)
3301131540,2024,4194,General Government Buildings,General Government,102125.0,appropriation,UNH Greenfield 2024 annual report — appropriation (text-form)
3301131540,2024,4195,Cemeteries,General Government,17426.0,appropriation,UNH Greenfield 2024 annual report — appropriation (text-form)
3301131540,2024,4196,Insurance Not Otherwise Allocated,General Government,60204.0,appropriation,UNH Greenfield 2024 annual report — appropriation (text-form)
3301131540,2024,4197,Advertising and Regional Associations,General Government,3397.0,appropriation,UNH Greenfield 2024 annual report — appropriation (text-form)
3301131540,2024,4199,Other General Government,General Government,72419.0,appropriation,UNH Greenfield 2024 annual report — appropriation (text-form)
3301131540,2024,4210,Police,Public Safety,283911.0,appropriation,UNH Greenfield 2024 annual report — appropriation (text-form)
3301131540,2024,4215,Ambulances,Public Safety,103464.0,appropriation,UNH Greenfield 2024 annual report — appropriation (text-form)
3301131540,2024,4220,Fire,Public Safety,186380.0,appropriation,UNH Greenfield 2024 annual report — appropriation (text-form)
3301131540,2024,4240,Building Inspection,Public Safety,18049.0,appropriation,UNH Greenfield 2024 annual report — appropriation (text-form)
3301131540,2024,4290,Emergency Management,Public Safety,7040.0,appropriation,UNH Greenfield 2024 annual report — appropriation (text-form)
3301131540,2024,4311,Highway Administration,Highways & Streets,642989.0,appropriation,UNH Greenfield 2024 annual report — appropriation (text-form)
3301131540,2024,4312,Highways and Streets,Highways & Streets,320621.0,appropriation,UNH Greenfield 2024 annual report — appropriation (text-form)
3301131540,2024,4316,Street Lighting,Highways & Streets,11416.0,appropriation,UNH Greenfield 2024 annual report — appropriation (text-form)
3301131540,2024,4321,Sanitation Administration,Sanitation,146745.0,appropriation,UNH Greenfield 2024 annual report — appropriation (text-form)
3301131540,2024,4415,Health Agencies and Hospitals,Health,3325.0,appropriation,UNH Greenfield 2024 annual report — appropriation (text-form)
3301131540,2024,4441,Welfare Administration,Welfare,34390.0,appropriation,UNH Greenfield 2024 annual report — appropriation (text-form)
3301131540,2024,4520,Parks and Recreation,Culture & Recreation,31914.0,appropriation,UNH Greenfield 2024 annual report — appropriation (text-form)
3301131540,2024,4550,Library,Culture & Recreation,135375.0,appropriation,UNH Greenfield 2024 annual report — appropriation (text-form)
3301131540,2024,4583,Patriotic Purposes,Culture & Recreation,1467.0,appropriation,UNH Greenfield 2024 annual report — appropriation (text-form)
3301131540,2024,4589,Other Culture and Recreation,Culture & Recreation,1497.0,appropriation,UNH Greenfield 2024 annual report — appropriation (text-form)
3301131540,2024,4611,Conservation Administation,Conservation & Development,4882.0,appropriation,UNH Greenfield 2024 annual report — appropriation (text-form)
3301131540,2024,4902,"Machinery, Vehicles, and Equipment",Capital Outlay,52000.0,appropriation,UNH Greenfield 2024 annual report — appropriation (text-form)
3301131540,2024,4324,Solid Waste Disposal,Sanitation,2400.0,appropriation,UNH Greenfield 2024 annual report — appropriation (text-form)
3301131540,2024,4619,Other Conservation,Conservation & Development,1.0,appropriation,UNH Greenfield 2024 annual report — appropriation (text-form)
3301131540,2024,4711,"Principal - Long Term Bonds, Notes, and Other Debt",Debt Service,39800.0,appropriation,UNH Greenfield 2024 annual report — appropriation (text-form)
3301131540,2024,4721,"Interest - Long Term Bonds, Notes, and Other Debt",Debt Service,26006.0,appropriation,UNH Greenfield 2024 annual report — appropriation (text-form)
3301131540,2024,4723,Interest on Tax and Revenue Anticipation Notes,Debt Service,1.0,appropriation,UNH Greenfield 2024 annual report — appropriation (text-form)
3301131540,2024,4790,Other Debt Service Charges,Debt Service,7035.0,appropriation,UNH Greenfield 2024 annual report — appropriation (text-form)
3301131540,2024,4903,Buildings,Capital Outlay,1.0,appropriation,UNH Greenfield 2024 annual report — appropriation (text-form)
3301131540,2024,4915,To Capital Reserve Funds,Operating Transfers,313500.0,appropriation,UNH Greenfield 2024 annual report — appropriation (text-form)
3301131540,2024,4916,To Expendable Trusts,Operating Transfers,7000.0,appropriation,UNH Greenfield 2024 annual report — appropriation (text-form)
3301148020,2024,4130,Executive,General Government,209718.0,actual,UNH Milford 2024 annual report — actual (scanned-ocr)
3301148020,2024,4140,"Election, Registration, and Vital Statistics",General Government,191672.0,actual,UNH Milford 2024 annual report — actual (scanned-ocr)
3301148020,2024,4150,Financial Administration,General Government,984622.0,actual,UNH Milford 2024 annual report — actual (scanned-ocr)
3301148020,2024,4153,Legal Expense,General Government,42500.0,actual,UNH Milford 2024 annual report — actual (scanned-ocr)
3301148020,2024,4155,Personnel Administration,General Government,3906314.0,actual,UNH Milford 2024 annual report — actual (scanned-ocr)
3301148020,2024,4191,Planning and Zoning,General Government,263297.0,actual,UNH Milford 2024 annual report — actual (scanned-ocr)
3301148020,2024,4194,General Government Buildings,General Government,421344.0,actual,UNH Milford 2024 annual report — actual (scanned-ocr)
3301148020,2024,4195,Cemeteries za,General Government,110927.0,actual,UNH Milford 2024 annual report — actual (scanned-ocr)
3301148020,2024,4196,Insurance Not Otherwise Allocated,General Government,177022.0,actual,UNH Milford 2024 annual report — actual (scanned-ocr)
3301148020,2024,4199,Other General Government,General Government,19683.0,actual,UNH Milford 2024 annual report — actual (scanned-ocr)
3301148020,2024,4210,Police,Public Safety,2757599.0,actual,UNH Milford 2024 annual report — actual (scanned-ocr)
3301148020,2024,4215,Ambulances,Public Safety,1183827.0,actual,UNH Milford 2024 annual report — actual (scanned-ocr)
3301148020,2024,4220,Fire,Public Safety,798178.0,actual,UNH Milford 2024 annual report — actual (scanned-ocr)
3301148020,2024,4240,Building Inspection,Public Safety,152474.0,actual,UNH Milford 2024 annual report — actual (scanned-ocr)
3301148020,2024,4290,Emergency Management,Public Safety,8000.0,actual,UNH Milford 2024 annual report — actual (scanned-ocr)
3301148020,2024,4299,Other Public Safety,Public Safety,797632.0,actual,UNH Milford 2024 annual report — actual (scanned-ocr)
3301148020,2024,4311,Highway Administration,Highways & Streets,294171.0,actual,UNH Milford 2024 annual report — actual (scanned-ocr)
3301148020,2024,4312,Highways and Streets,Highways & Streets,1835511.0,actual,UNH Milford 2024 annual report — actual (scanned-ocr)
3301148020,2024,4316,Street | ighting,Highways & Streets,75600.0,actual,UNH Milford 2024 annual report — actual (scanned-ocr)
3301148020,2024,4323,Solid Waste Collection,Sanitation,901738.0,actual,UNH Milford 2024 annual report — actual (scanned-ocr)
3301148020,2024,4441,Welfare Administration,Welfare,144445.0,actual,UNH Milford 2024 annual report — actual (scanned-ocr)
3301148020,2024,4449,Other Welfare,Welfare,72000.0,actual,UNH Milford 2024 annual report — actual (scanned-ocr)
3301148020,2024,4520,Parks and Recreation,Culture & Recreation,332045.0,actual,UNH Milford 2024 annual report — actual (scanned-ocr)
3301148020,2024,4550,Library,Culture & Recreation,935107.0,actual,UNH Milford 2024 annual report — actual (scanned-ocr)
3301148020,2024,4583,Patriotic Purposes,Culture & Recreation,34000.0,actual,UNH Milford 2024 annual report — actual (scanned-ocr)
3301148020,2024,4589,Other Culture and Recreation,Culture & Recreation,3000.0,actual,UNH Milford 2024 annual report — actual (scanned-ocr)
3301148020,2024,4611,Conservation Administation,Conservation & Development,27681.0,actual,UNH Milford 2024 annual report — actual (scanned-ocr)
3301148020,2024,4711,"Principal - Long Term Bonds, Notes, and Other Debt",Debt Service,1147205.0,actual,UNH Milford 2024 annual report — actual (scanned-ocr)
3301148020,2024,4721,"Interest - Long Term Bonds, Notes, and Other Debt",Debt Service,201474.0,actual,UNH Milford 2024 annual report — actual (scanned-ocr)
3301148020,2024,4723,Interest on Tax and Revenue Anticipation Notes,Debt Service,3000.0,actual,UNH Milford 2024 annual report — actual (scanned-ocr)
3301148020,2024,4790,Other Debt Service Charges,Debt Service,1500.0,actual,UNH Milford 2024 annual report — actual (scanned-ocr)
3301148020,2024,4902,"Machinery, Vehicles, and Equipment",Capital Outlay,250465.0,actual,UNH Milford 2024 annual report — actual (scanned-ocr)
3301148020,2024,4903,Buildings,Capital Outlay,23953000.0,actual,UNH Milford 2024 annual report — actual (scanned-ocr)
3301148020,2024,4915,To Capital Reserve Funds,Operating Transfers,25000.0,actual,UNH Milford 2024 annual report — actual (scanned-ocr)
3301150740,2025,4300,Land Acquisition,Other,3.0,appropriation,UNH New Boston 2025 annual report — appropriation (text-form)
3301150740,2025,4500,Building and Construction,Other,1.0,appropriation,UNH New Boston 2025 annual report — appropriation (text-form)
3301150740,2025,4539,Federal Programs / Grants,Culture & Recreation,362302.0,appropriation,UNH New Boston 2025 annual report — appropriation (text-form)
3301150740,2025,4560,Child Nutrition Programs,Culture & Recreation,50000.0,appropriation,UNH New Boston 2025 annual report — appropriation (text-form)
3301150740,2025,4580,Medicaid Distribution,Culture & Recreation,5000.0,appropriation,UNH New Boston 2025 annual report — appropriation (text-form)
3301150740,2025,4999,Other Federal Sources,Other,16000.0,appropriation,UNH New Boston 2025 annual report — appropriation (text-form)
3301168820,2024,4324,Solid Waste Disposal,Sanitation,9775.0,appropriation,UNH Sharon 2024 annual report — appropriation (text-form)
3301168820,2024,4415,Health Agencies and Hospitals,Health,1118.0,appropriation,UNH Sharon 2024 annual report — appropriation (text-form)
3301168820,2024,4449,Other Welfare,Welfare,1740.0,appropriation,UNH Sharon 2024 annual report — appropriation (text-form)
3301179780,2023,4130,Executive,General Government,86567.0,appropriation,UNH Weare 2023 annual report — appropriation (text-form)
3301179780,2023,4140,"Election, Registration, and Vital Statistics",General Government,183271.0,appropriation,UNH Weare 2023 annual report — appropriation (text-form)
3301179780,2023,4150,Financial Administration,General Government,177669.0,appropriation,UNH Weare 2023 annual report — appropriation (text-form)
3301179780,2023,4152,Property Assessment,General Government,185377.0,appropriation,UNH Weare 2023 annual report — appropriation (text-form)
3301179780,2023,4153,Legal Expense,General Government,59485.0,appropriation,UNH Weare 2023 annual report — appropriation (text-form)
3301179780,2023,4155,Personnel Administration,General Government,243276.0,appropriation,UNH Weare 2023 annual report — appropriation (text-form)
3301179780,2023,4191,Planning and Zoning,General Government,36797.0,appropriation,UNH Weare 2023 annual report — appropriation (text-form)
3301179780,2023,4194,General Government Buildings,General Government,196339.0,appropriation,UNH Weare 2023 annual report — appropriation (text-form)
3301179780,2023,4195,Cemeteries,General Government,48565.0,appropriation,UNH Weare 2023 annual report — appropriation (text-form)
3301179780,2023,4196,Insurance Not Otherwise Allocated,General Government,652589.0,appropriation,UNH Weare 2023 annual report — appropriation (text-form)
3301179780,2023,4197,Advertising and Regional Associations,General Government,9143.0,appropriation,UNH Weare 2023 annual report — appropriation (text-form)
3301179780,2023,4210,Police,Public Safety,1953821.0,appropriation,UNH Weare 2023 annual report — appropriation (text-form)
3301179780,2023,4220,Fire,Public Safety,1324602.0,appropriation,UNH Weare 2023 annual report — appropriation (text-form)
3301179780,2023,4240,Building Inspection,Public Safety,66268.0,appropriation,UNH Weare 2023 annual report — appropriation (text-form)
3301179780,2023,4290,Emergency Management,Public Safety,4163.0,appropriation,UNH Weare 2023 annual report — appropriation (text-form)
3301179780,2023,4299,Other Public Safety,Public Safety,511.0,appropriation,UNH Weare 2023 annual report — appropriation (text-form)
3301179780,2023,4312,Highways and Streets,Highways & Streets,1552374.0,appropriation,UNH Weare 2023 annual report — appropriation (text-form)
3301179780,2023,4316,Street Lighting,Highways & Streets,5329.0,appropriation,UNH Weare 2023 annual report — appropriation (text-form)
3301179780,2023,4324,Solid Waste Disposal,Sanitation,509490.0,appropriation,UNH Weare 2023 annual report — appropriation (text-form)
3301179780,2023,4326,Sewage Collection and Disposal,Sanitation,11290.0,appropriation,UNH Weare 2023 annual report — appropriation (text-form)
3301179780,2023,4331,Water Administration,Water Distribution,4269.0,appropriation,UNH Weare 2023 annual report — appropriation (text-form)
3301179780,2023,4414,Pest Control,Health,3147.0,appropriation,UNH Weare 2023 annual report — appropriation (text-form)
3301179780,2023,4415,Health Agencies and Hospitals,Health,5874.0,appropriation,UNH Weare 2023 annual report — appropriation (text-form)
3301179780,2023,4441,Welfare Administration,Welfare,11388.0,appropriation,UNH Weare 2023 annual report — appropriation (text-form)
3301179780,2023,4520,Parks and Recreation,Culture & Recreation,72468.0,appropriation,UNH Weare 2023 annual report — appropriation (text-form)
3301179780,2023,4550,Library,Culture & Recreation,299445.0,appropriation,UNH Weare 2023 annual report — appropriation (text-form)
3301179780,2023,4611,Conservation Administation,Conservation & Development,225.0,appropriation,UNH Weare 2023 annual report — appropriation (text-form)
3301179780,2023,4619,Other Conservation,Conservation & Development,2688.0,appropriation,UNH Weare 2023 annual report — appropriation (text-form)
3301179780,2023,4902,"Machinery, Vehicles, and Equipment",Capital Outlay,106871.0,appropriation,UNH Weare 2023 annual report — appropriation (text-form)
3301179780,2023,4909,Improvements Other than Buildings,Capital Outlay,120776.0,appropriation,UNH Weare 2023 annual report — appropriation (text-form)
3301179780,2023,4915,To Capital Reserve Funds,Operating Transfers,280000.0,appropriation,UNH Weare 2023 annual report — appropriation (text-form)
3301179780,2023,4215,Ambulances,Public Safety,9000.0,appropriation,UNH Weare 2023 annual report — appropriation (text-form)
3301179780,2023,4583,Patriotic Purposes,Culture & Recreation,500.0,appropriation,UNH Weare 2023 annual report — appropriation (text-form)
3301179780,2023,4659,Other Economic Development,Conservation & Development,1.0,appropriation,UNH Weare 2023 annual report — appropriation (text-form)
3301179780,2023,4711,"Principal - Long Term Bonds, Notes, and Other Debt",Debt Service,346000.0,appropriation,UNH Weare 2023 annual report — appropriation (text-form)
3301179780,2023,4721,"Interest - Long Term Bonds, Notes, and Other Debt",Debt Service,71808.0,appropriation,UNH Weare 2023 annual report — appropriation (text-form)
3301185220,2025,4130,Executive,General Government,228713.0,appropriation,UNH Wilton 2025 annual report — appropriation (text-form)
3301185220,2025,4140,"Election, Registration, and Vital Statistics",General Government,223630.0,appropriation,UNH Wilton 2025 annual report — appropriation (text-form)
3301185220,2025,4150,Financial Administration,General Government,256223.0,appropriation,UNH Wilton 2025 annual report — appropriation (text-form)
3301185220,2025,4153,Legal Expense,General Government,45000.0,appropriation,UNH Wilton 2025 annual report — appropriation (text-form)
3301185220,2025,4155,Personnel Administration,General Government,477280.0,appropriation,UNH Wilton 2025 annual report — appropriation (text-form)
3301185220,2025,4191,Planning and Zoning,General Government,123764.0,appropriation,UNH Wilton 2025 annual report — appropriation (text-form)
3301185220,2025,4194,General Government Buildings,General Government,53491.0,appropriation,UNH Wilton 2025 annual report — appropriation (text-form)
3301185220,2025,4195,Cemeteries,General Government,51337.0,appropriation,UNH Wilton 2025 annual report — appropriation (text-form)
3301185220,2025,4196,Insurance Not Otherwise Allocated,General Government,52664.0,appropriation,UNH Wilton 2025 annual report — appropriation (text-form)
3301185220,2025,4197,Advertising and Regional Associations,General Government,40.0,appropriation,UNH Wilton 2025 annual report — appropriation (text-form)
3301185220,2025,4210,Police,Public Safety,1027496.0,appropriation,UNH Wilton 2025 annual report — appropriation (text-form)
3301185220,2025,4215,Ambulances,Public Safety,294456.0,appropriation,UNH Wilton 2025 annual report — appropriation (text-form)
3301185220,2025,4220,Fire,Public Safety,302070.0,appropriation,UNH Wilton 2025 annual report — appropriation (text-form)
3301185220,2025,4240,Building Inspection,Public Safety,67152.0,appropriation,UNH Wilton 2025 annual report — appropriation (text-form)
3301185220,2025,4290,Emergency Management,Public Safety,5807.0,appropriation,UNH Wilton 2025 annual report — appropriation (text-form)
3301185220,2025,4299,Other Public Safety,Public Safety,172022.0,appropriation,UNH Wilton 2025 annual report — appropriation (text-form)
3301185220,2025,4312,Highways and Streets,Highways & Streets,1408522.0,appropriation,UNH Wilton 2025 annual report — appropriation (text-form)
3301185220,2025,4316,Street Lighting,Highways & Streets,10000.0,appropriation,UNH Wilton 2025 annual report — appropriation (text-form)
3301185220,2025,4324,Solid Waste Disposal,Sanitation,228603.0,appropriation,UNH Wilton 2025 annual report — appropriation (text-form)
3301185220,2025,4411,Health Administration,Health,195.0,appropriation,UNH Wilton 2025 annual report — appropriation (text-form)
3301185220,2025,4415,Health Agencies and Hospitals,Health,38870.0,appropriation,UNH Wilton 2025 annual report — appropriation (text-form)
3301185220,2025,4449,Other Welfare,Welfare,49775.0,appropriation,UNH Wilton 2025 annual report — appropriation (text-form)
3301185220,2025,4520,Parks and Recreation,Culture & Recreation,30127.0,appropriation,UNH Wilton 2025 annual report — appropriation (text-form)
3301185220,2025,4550,Library,Culture & Recreation,374291.0,appropriation,UNH Wilton 2025 annual report — appropriation (text-form)
3301185220,2025,4583,Patriotic Purposes,Culture & Recreation,750.0,appropriation,UNH Wilton 2025 annual report — appropriation (text-form)
3301185220,2025,4589,Other Culture and Recreation,Culture & Recreation,34600.0,appropriation,UNH Wilton 2025 annual report — appropriation (text-form)
3301185220,2025,4611,Conservation Administation,Conservation & Development,8518.0,appropriation,UNH Wilton 2025 annual report — appropriation (text-form)
3301185220,2025,4711,"Principal - Long Term Bonds, Notes, and Other Debt",Debt Service,40000.0,appropriation,UNH Wilton 2025 annual report — appropriation (text-form)
3301185220,2025,4721,"Interest - Long Term Bonds, Notes, and Other Debt",Debt Service,25670.0,appropriation,UNH Wilton 2025 annual report — appropriation (text-form)
3301185220,2025,4902,"Machinery, Vehicles, and Equipment",Capital Outlay,150293.0,appropriation,UNH Wilton 2025 annual report — appropriation (text-form)
3301185220,2025,4903,Buildings,Capital Outlay,106000.0,appropriation,UNH Wilton 2025 annual report — appropriation (text-form)
3301185220,2025,4909,Improvements Other than Buildings,Capital Outlay,125000.0,appropriation,UNH Wilton 2025 annual report — appropriation (text-form)
3301185220,2025,4911,To Revolving Funds,Operating Transfers,25000.0,appropriation,UNH Wilton 2025 annual report — appropriation (text-form)
3301185220,2025,4913,To Capital Projects Funds,Operating Transfers,10000.0,appropriation,UNH Wilton 2025 annual report — appropriation (text-form)
3301185220,2025,4915,To Capital Reserve Funds,Operating Transfers,366970.0,appropriation,UNH Wilton 2025 annual report — appropriation (text-form)
3301185220,2025,4916,To Expendable Trusts,Operating Transfers,191000.0,appropriation,UNH Wilton 2025 annual report — appropriation (text-form)
3301185940,2020,4139,Executive Ge,General Government,30917.0,appropriation,UNH Windsor 2020 annual report — appropriation (text-form)
3301185940,2020,4149,"Election, Registration, and Vital Statistics",General Government,327.0,appropriation,UNH Windsor 2020 annual report — appropriation (text-form)
3301185940,2020,4151,Financial Administration,General Government,19959.0,appropriation,UNH Windsor 2020 annual report — appropriation (text-form)
3301185940,2020,4153,Legal Expense,General Government,1991.0,appropriation,UNH Windsor 2020 annual report — appropriation (text-form)
3301185940,2020,4193,Planning and Zoning,General Government,415.0,appropriation,UNH Windsor 2020 annual report — appropriation (text-form)
3301185940,2020,4194,General Government Buildings,General Government,9159.0,appropriation,UNH Windsor 2020 annual report — appropriation (text-form)
3301185940,2020,4195,Cemeteries,General Government,2048.0,appropriation,UNH Windsor 2020 annual report — appropriation (text-form)
3301185940,2020,4196,Insurance,General Government,1503.0,appropriation,UNH Windsor 2020 annual report — appropriation (text-form)
3301185940,2020,4197,Advertising and Regional Association,General Government,1438.0,appropriation,UNH Windsor 2020 annual report — appropriation (text-form)
3301185940,2020,4199,Other General Government,General Government,2104.0,appropriation,UNH Windsor 2020 annual report — appropriation (text-form)
3301185940,2020,4214,Police,Public Safety,3000.0,appropriation,UNH Windsor 2020 annual report — appropriation (text-form)
3301185940,2020,4229,Fire,Public Safety,39900.0,appropriation,UNH Windsor 2020 annual report — appropriation (text-form)
3301185940,2020,4249,Building Inspection Vir pe ae,Public Safety,6.05,appropriation,UNH Windsor 2020 annual report — appropriation (text-form)
3301185940,2020,4312,Highways and Streets,Highways & Streets,31719.0,appropriation,UNH Windsor 2020 annual report — appropriation (text-form)
3301185940,2020,4324,Solid Waste Disposal,Sanitation,8716.0,appropriation,UNH Windsor 2020 annual report — appropriation (text-form)
3301185940,2020,4419,"Health Agencies, Hospitals, and Other",Health,975.0,appropriation,UNH Windsor 2020 annual report — appropriation (text-form)
3301185940,2020,4559,Library,Culture & Recreation,1000.0,appropriation,UNH Windsor 2020 annual report — appropriation (text-form)
3301306260,2025,4130,Executive,General Government,188380.0,appropriation,UNH Boscawen 2025 annual report — appropriation (text-form)
3301306260,2025,4140,"Election, Registration, and Vital Statistics",General Government,100516.0,appropriation,UNH Boscawen 2025 annual report — appropriation (text-form)
3301306260,2025,4150,Financial Administration,General Government,188592.0,appropriation,UNH Boscawen 2025 annual report — appropriation (text-form)
3301306260,2025,4152,Property Assessment,General Government,82448.0,appropriation,UNH Boscawen 2025 annual report — appropriation (text-form)
3301306260,2025,4153,Legal Expense,General Government,35012.0,appropriation,UNH Boscawen 2025 annual report — appropriation (text-form)
3301306260,2025,4155,Personnel Administration,General Government,934580.0,appropriation,UNH Boscawen 2025 annual report — appropriation (text-form)
3301306260,2025,4191,Planning and Zoning,General Government,136475.0,appropriation,UNH Boscawen 2025 annual report — appropriation (text-form)
3301306260,2025,4194,General Government Buildings,General Government,221989.0,appropriation,UNH Boscawen 2025 annual report — appropriation (text-form)
3301306260,2025,4195,Cemeteries,General Government,6635.0,appropriation,UNH Boscawen 2025 annual report — appropriation (text-form)
3301306260,2025,4196,Insurance Not Otherwise Allocated,General Government,64161.0,appropriation,UNH Boscawen 2025 annual report — appropriation (text-form)
3301306260,2025,4210,Police,Public Safety,671923.0,appropriation,UNH Boscawen 2025 annual report — appropriation (text-form)
3301306260,2025,4215,Ambulances,Public Safety,304770.0,appropriation,UNH Boscawen 2025 annual report — appropriation (text-form)
3301306260,2025,4220,Fire,Public Safety,195933.0,appropriation,UNH Boscawen 2025 annual report — appropriation (text-form)
3301306260,2025,4240,Building Inspection,Public Safety,1440.0,appropriation,UNH Boscawen 2025 annual report — appropriation (text-form)
3301306260,2025,4290,Emergency Management,Public Safety,4250.0,appropriation,UNH Boscawen 2025 annual report — appropriation (text-form)
3301306260,2025,4312,Highways and Streets,Highways & Streets,570125.0,appropriation,UNH Boscawen 2025 annual report — appropriation (text-form)
3301306260,2025,4316,Street Lighting,Highways & Streets,16234.0,appropriation,UNH Boscawen 2025 annual report — appropriation (text-form)
3301306260,2025,4319,"Other Highway, Streets, and Bridges",Highways & Streets,200.0,appropriation,UNH Boscawen 2025 annual report — appropriation (text-form)
3301306260,2025,4324,Solid Waste Disposal,Sanitation,247834.0,appropriation,UNH Boscawen 2025 annual report — appropriation (text-form)
3301306260,2025,4325,Solid Waste Facilities Clean-Up,Sanitation,14965.0,appropriation,UNH Boscawen 2025 annual report — appropriation (text-form)
3301306260,2025,4329,Other Sanitation,Sanitation,91153.0,appropriation,UNH Boscawen 2025 annual report — appropriation (text-form)
3301306260,2025,4411,Health Administration,Health,11908.0,appropriation,UNH Boscawen 2025 annual report — appropriation (text-form)
3301306260,2025,4415,Health Agencies and Hospitals,Health,100.0,appropriation,UNH Boscawen 2025 annual report — appropriation (text-form)
3301306260,2025,4441,Welfare Administration,Welfare,52607.0,appropriation,UNH Boscawen 2025 annual report — appropriation (text-form)
3301306260,2025,4444,Intergovernmental Welfare Payments,Welfare,16200.0,appropriation,UNH Boscawen 2025 annual report — appropriation (text-form)
3301306260,2025,4520,Parks and Recreation,Culture & Recreation,28131.0,appropriation,UNH Boscawen 2025 annual report — appropriation (text-form)
3301306260,2025,4550,Library,Culture & Recreation,102374.0,appropriation,UNH Boscawen 2025 annual report — appropriation (text-form)
3301306260,2025,4583,Patriotic Purposes,Culture & Recreation,2000.0,appropriation,UNH Boscawen 2025 annual report — appropriation (text-form)
3301306260,2025,4589,Other Culture and Recreation,Culture & Recreation,6500.0,appropriation,UNH Boscawen 2025 annual report — appropriation (text-form)
3301306260,2025,4611,Conservation Administation,Conservation & Development,485.0,appropriation,UNH Boscawen 2025 annual report — appropriation (text-form)
3301306260,2025,4651,Economic Development Administration,Conservation & Development,3500.0,appropriation,UNH Boscawen 2025 annual report — appropriation (text-form)
3301306260,2025,4915,To Capital Reserve Funds,Operating Transfers,750000.0,appropriation,UNH Boscawen 2025 annual report — appropriation (text-form)
3301306260,2025,4198,Contingency,General Government,30000.0,appropriation,UNH Boscawen 2025 annual report — appropriation (text-form)
3301306980,2024,4130,Executive,General Government,237011.0,appropriation,UNH Bradford 2024 annual report — appropriation (text-form)
3301306980,2024,4140,"Elec, Reg & Vital Stat",General Government,11050.0,appropriation,UNH Bradford 2024 annual report — appropriation (text-form)
3301306980,2024,4150,Financial Admin,General Government,95450.0,appropriation,UNH Bradford 2024 annual report — appropriation (text-form)
3301306980,2024,4152,Reval of Property,General Government,39800.0,appropriation,UNH Bradford 2024 annual report — appropriation (text-form)
3301306980,2024,4153,Legal,General Government,66000.0,appropriation,UNH Bradford 2024 annual report — appropriation (text-form)
3301306980,2024,4155,Employee Benefits,General Government,1.0,appropriation,UNH Bradford 2024 annual report — appropriation (text-form)
3301306980,2024,4191,Planning & Zoning,General Government,13349.0,appropriation,UNH Bradford 2024 annual report — appropriation (text-form)
3301306980,2024,4194,Gen Govt Bldgs,General Government,157750.0,appropriation,UNH Bradford 2024 annual report — appropriation (text-form)
3301306980,2024,4195,Cemetery,General Government,25700.0,appropriation,UNH Bradford 2024 annual report — appropriation (text-form)
3301306980,2024,4196,Insurances,General Government,103951.0,appropriation,UNH Bradford 2024 annual report — appropriation (text-form)
3301306980,2024,4199,Other Gen Govt,General Government,8750.0,appropriation,UNH Bradford 2024 annual report — appropriation (text-form)
3301306980,2024,4210,Police Dept,Public Safety,635471.0,appropriation,UNH Bradford 2024 annual report — appropriation (text-form)
3301306980,2024,4220,Fire Dept,Public Safety,160740.0,appropriation,UNH Bradford 2024 annual report — appropriation (text-form)
3301306980,2024,4225,Rescue Squad - FAST,Public Safety,9150.0,appropriation,UNH Bradford 2024 annual report — appropriation (text-form)
3301306980,2024,4226,Rescue Services - Henniker,Public Safety,95000.0,appropriation,UNH Bradford 2024 annual report — appropriation (text-form)
3301306980,2024,4240,Building Dept,Public Safety,24000.0,appropriation,UNH Bradford 2024 annual report — appropriation (text-form)
3301306980,2024,4290,Emergency Management,Public Safety,1.0,appropriation,UNH Bradford 2024 annual report — appropriation (text-form)
3301306980,2024,4312,Highway Dept,Highways & Streets,700845.0,appropriation,UNH Bradford 2024 annual report — appropriation (text-form)
3301306980,2024,4313,Bridges,Highways & Streets,1.0,appropriation,UNH Bradford 2024 annual report — appropriation (text-form)
3301306980,2024,4316,Street Lighting,Highways & Streets,2000.0,appropriation,UNH Bradford 2024 annual report — appropriation (text-form)
3301306980,2024,4323,Solid Waste Collection,Sanitation,99991.0,appropriation,UNH Bradford 2024 annual report — appropriation (text-form)
3301306980,2024,4324,Solid Waste Disposal,Sanitation,26200.0,appropriation,UNH Bradford 2024 annual report — appropriation (text-form)
3301306980,2024,4415,Innoculations,Health,1.0,appropriation,UNH Bradford 2024 annual report — appropriation (text-form)
3301306980,2024,4441,Welfare,Welfare,7468.0,appropriation,UNH Bradford 2024 annual report — appropriation (text-form)
3301306980,2024,4445,Welfare Payments,Welfare,30270.0,appropriation,UNH Bradford 2024 annual report — appropriation (text-form)
3301306980,2024,4520,Parks & Recreation,Culture & Recreation,21509.0,appropriation,UNH Bradford 2024 annual report — appropriation (text-form)
3301306980,2024,4550,Library,Culture & Recreation,95479.0,appropriation,UNH Bradford 2024 annual report — appropriation (text-form)
3301306980,2024,4583,Patriotic Purposes,Culture & Recreation,20000.0,appropriation,UNH Bradford 2024 annual report — appropriation (text-form)
3301306980,2024,4589,Community Center,Culture & Recreation,43800.0,appropriation,UNH Bradford 2024 annual report — appropriation (text-form)
3301306980,2024,4619,Other Conservation,Conservation & Development,1000.0,appropriation,UNH Bradford 2024 annual report — appropriation (text-form)
3301306980,2024,4652,Economic Development,Conservation & Development,500.0,appropriation,UNH Bradford 2024 annual report — appropriation (text-form)
3301306980,2024,4711,Long Term Notes,Debt Service,209000.0,appropriation,UNH Bradford 2024 annual report — appropriation (text-form)
3301306980,2024,4723,Interest on Tan Notes,Debt Service,1500.0,appropriation,UNH Bradford 2024 annual report — appropriation (text-form)
3301306980,2024,4300,BACC Exterior/LED Lighting,Other,648.38,appropriation,UNH Bradford 2024 annual report — appropriation (text-form)
3301306980,2024,4902,New Equipment - HW Exp Trust,Capital Outlay,15393.0,appropriation,UNH Bradford 2024 annual report — appropriation (text-form)
3301306980,2024,4903,Capital Projects - Buildings,Capital Outlay,37382.48,appropriation,UNH Bradford 2024 annual report — appropriation (text-form)
3301306980,2024,4912,Transfers to Special Rev Funds,Operating Transfers,27336.0,appropriation,UNH Bradford 2024 annual report — appropriation (text-form)
3301306980,2024,4913,Capital Project Funds,Operating Transfers,542789.2,appropriation,UNH Bradford 2024 annual report — appropriation (text-form)
3301306980,2024,4915,Capital Reserve,Operating Transfers,342380.0,appropriation,UNH Bradford 2024 annual report — appropriation (text-form)
3301306980,2024,4100,"Electricity 2,430.7101-4589-7300 Repairs & Maint & testing 1,632.03 TOTAL 5000 Miscellaneous Expenses",Other,4589929.77,appropriation,UNH Bradford 2024 annual report — appropriation (text-form)
3301312420,2024,4130,Executive,General Government,187885.0,appropriation,UNH Chichester 2024 annual report — appropriation (text-form)
3301312420,2024,4140,"Election, Registration, and Vital Statistics",General Government,76032.0,appropriation,UNH Chichester 2024 annual report — appropriation (text-form)
3301312420,2024,4150,Financial Administration,General Government,146096.0,appropriation,UNH Chichester 2024 annual report — appropriation (text-form)
3301312420,2024,4152,Property Assessment,General Government,38017.0,appropriation,UNH Chichester 2024 annual report — appropriation (text-form)
3301312420,2024,4153,Legal Expense,General Government,44506.0,appropriation,UNH Chichester 2024 annual report — appropriation (text-form)
3301312420,2024,4155,Personnel Administration,General Government,485534.0,appropriation,UNH Chichester 2024 annual report — appropriation (text-form)
3301312420,2024,4191,Planning and Zoning,General Government,27486.0,appropriation,UNH Chichester 2024 annual report — appropriation (text-form)
3301312420,2024,4194,General Government Buildings,General Government,77975.0,appropriation,UNH Chichester 2024 annual report — appropriation (text-form)
3301312420,2024,4195,Cemeteries,General Government,18966.0,appropriation,UNH Chichester 2024 annual report — appropriation (text-form)
3301312420,2024,4196,Insurance Not Otherwise Allocated,General Government,106224.0,appropriation,UNH Chichester 2024 annual report — appropriation (text-form)
3301312420,2024,4197,Advertising and Regional Associations,General Government,6198.0,appropriation,UNH Chichester 2024 annual report — appropriation (text-form)
3301312420,2024,4199,Other General Government,General Government,13961.0,appropriation,UNH Chichester 2024 annual report — appropriation (text-form)
3301312420,2024,4210,Police,Public Safety,574827.0,appropriation,UNH Chichester 2024 annual report — appropriation (text-form)
3301312420,2024,4215,Ambulances,Public Safety,9266.0,appropriation,UNH Chichester 2024 annual report — appropriation (text-form)
3301312420,2024,4220,Fire,Public Safety,449931.0,appropriation,UNH Chichester 2024 annual report — appropriation (text-form)
3301312420,2024,4240,Building Inspection,Public Safety,21417.0,appropriation,UNH Chichester 2024 annual report — appropriation (text-form)
3301312420,2024,4290,Emergency Management,Public Safety,2057.0,appropriation,UNH Chichester 2024 annual report — appropriation (text-form)
3301312420,2024,4311,Highway Administration,Highways & Streets,209988.0,appropriation,UNH Chichester 2024 annual report — appropriation (text-form)
3301312420,2024,4312,Highways and Streets,Highways & Streets,529391.0,appropriation,UNH Chichester 2024 annual report — appropriation (text-form)
3301312420,2024,4313,Bridges,Highways & Streets,1902.0,appropriation,UNH Chichester 2024 annual report — appropriation (text-form)
3301312420,2024,4316,Street Lighting,Highways & Streets,159.0,appropriation,UNH Chichester 2024 annual report — appropriation (text-form)
3301312420,2024,4324,Solid Waste Disposal,Sanitation,139742.0,appropriation,UNH Chichester 2024 annual report — appropriation (text-form)
3301312420,2024,4411,Health Administration,Health,500.0,appropriation,UNH Chichester 2024 annual report — appropriation (text-form)
3301312420,2024,4441,Welfare Administration,Welfare,6030.0,appropriation,UNH Chichester 2024 annual report — appropriation (text-form)
3301312420,2024,4445,Vendor Payments,Welfare,1945.0,appropriation,UNH Chichester 2024 annual report — appropriation (text-form)
3301312420,2024,4520,Parks and Recreation,Culture & Recreation,18876.0,appropriation,UNH Chichester 2024 annual report — appropriation (text-form)
3301312420,2024,4550,Library,Culture & Recreation,127188.0,appropriation,UNH Chichester 2024 annual report — appropriation (text-form)
3301312420,2024,4589,Other Culture and Recreation,Culture & Recreation,6562.0,appropriation,UNH Chichester 2024 annual report — appropriation (text-form)
3301312420,2024,4611,Conservation Administation,Conservation & Development,1031.0,appropriation,UNH Chichester 2024 annual report — appropriation (text-form)
3301312420,2024,4902,"Machinery, Vehicles, and Equipment",Capital Outlay,186362.0,appropriation,UNH Chichester 2024 annual report — appropriation (text-form)
3301312420,2024,4903,Buildings,Capital Outlay,10974.0,appropriation,UNH Chichester 2024 annual report — appropriation (text-form)
3301312420,2024,4414,Pest Control,Health,1.0,appropriation,UNH Chichester 2024 annual report — appropriation (text-form)
3301312420,2024,4415,Health Agencies and Hospitals,Health,5038.0,appropriation,UNH Chichester 2024 annual report — appropriation (text-form)
3301312420,2024,4723,Interest on Tax and Revenue Anticipation Notes,Debt Service,1.0,appropriation,UNH Chichester 2024 annual report — appropriation (text-form)
3301312420,2024,4790,Other Debt Service Charges,Debt Service,1.0,appropriation,UNH Chichester 2024 annual report — appropriation (text-form)
3301312420,2024,4915,To Capital Reserve Funds,Operating Transfers,128750.0,appropriation,UNH Chichester 2024 annual report — appropriation (text-form)
3301312420,2024,4916,To Expendable Trusts,Operating Transfers,46000.0,appropriation,UNH Chichester 2024 annual report — appropriation (text-form)
3301319460,2023,4130,Executive,General Government,155407.0,appropriation,UNH Dunbarton 2023 annual report — appropriation (text-form)
3301319460,2023,4140,"Election, Registration, and Vital Statistics",General Government,85133.0,appropriation,UNH Dunbarton 2023 annual report — appropriation (text-form)
3301319460,2023,4150,Financial Administration,General Government,158906.0,appropriation,UNH Dunbarton 2023 annual report — appropriation (text-form)
3301319460,2023,4153,Legal Expense,General Government,51423.0,appropriation,UNH Dunbarton 2023 annual report — appropriation (text-form)
3301319460,2023,4155,Personnel Administration,General Government,352923.0,appropriation,UNH Dunbarton 2023 annual report — appropriation (text-form)
3301319460,2023,4191,Planning and Zoning,General Government,10063.0,appropriation,UNH Dunbarton 2023 annual report — appropriation (text-form)
3301319460,2023,4194,General Government Buildings,General Government,199658.0,appropriation,UNH Dunbarton 2023 annual report — appropriation (text-form)
3301319460,2023,4195,Cemeteries,General Government,24400.0,appropriation,UNH Dunbarton 2023 annual report — appropriation (text-form)
3301319460,2023,4196,Insurance Not Otherwise Allocated,General Government,38623.0,appropriation,UNH Dunbarton 2023 annual report — appropriation (text-form)
3301319460,2023,4210,Police,Public Safety,527647.0,appropriation,UNH Dunbarton 2023 annual report — appropriation (text-form)
3301319460,2023,4220,Fire,Public Safety,120987.0,appropriation,UNH Dunbarton 2023 annual report — appropriation (text-form)
3301319460,2023,4240,Building Inspection,Public Safety,84105.0,appropriation,UNH Dunbarton 2023 annual report — appropriation (text-form)
3301319460,2023,4311,Highway Administration,Highways & Streets,98559.0,appropriation,UNH Dunbarton 2023 annual report — appropriation (text-form)
3301319460,2023,4312,Highways and Streets,Highways & Streets,514601.0,appropriation,UNH Dunbarton 2023 annual report — appropriation (text-form)
3301319460,2023,4321,Sanitation Administration,Sanitation,171953.0,appropriation,UNH Dunbarton 2023 annual report — appropriation (text-form)
3301319460,2023,4324,Solid Waste Disposal,Sanitation,141980.0,appropriation,UNH Dunbarton 2023 annual report — appropriation (text-form)
3301319460,2023,4441,Welfare Administration,Welfare,6941.0,appropriation,UNH Dunbarton 2023 annual report — appropriation (text-form)
3301319460,2023,4442,Direct Assistance,Welfare,8850.0,appropriation,UNH Dunbarton 2023 annual report — appropriation (text-form)
3301319460,2023,4520,Parks and Recreation,Culture & Recreation,7421.0,appropriation,UNH Dunbarton 2023 annual report — appropriation (text-form)
3301319460,2023,4550,Library,Culture & Recreation,120755.0,appropriation,UNH Dunbarton 2023 annual report — appropriation (text-form)
3301319460,2023,4589,Other Culture and Recreation,Culture & Recreation,1000.0,appropriation,UNH Dunbarton 2023 annual report — appropriation (text-form)
3301319460,2023,4619,Other Conservation,Conservation & Development,2400.0,appropriation,UNH Dunbarton 2023 annual report — appropriation (text-form)
3301319460,2023,4902,"Machinery, Vehicles, and Equipment",Capital Outlay,499740.0,appropriation,UNH Dunbarton 2023 annual report — appropriation (text-form)
3301319460,2023,4915,To Capital Reserve Funds,Operating Transfers,15000.0,appropriation,UNH Dunbarton 2023 annual report — appropriation (text-form)
3301337300,2024,4130,"Executive ··--···· . , ...... ,.,. .,07 ··········· ••---···----··--",General Government,591861.0,appropriation,UNH Hooksett 2024 annual report — appropriation (text-form)
3301337300,2024,4140,"Election, Registration, and Vital Statistics ~ --07 ~---",General Government,33658.0,appropriation,UNH Hooksett 2024 annual report — appropriation (text-form)
3301337300,2024,4150,Financial Administration,General Government,850588.0,appropriation,UNH Hooksett 2024 annual report — appropriation (text-form)
3301337300,2024,4153,Legal Expense,General Government,114300.0,appropriation,UNH Hooksett 2024 annual report — appropriation (text-form)
3301337300,2024,4191,Planning and Zoning '!-,General Government,355360.0,appropriation,UNH Hooksett 2024 annual report — appropriation (text-form)
3301337300,2024,4194,General Government Buildings,General Government,546072.0,appropriation,UNH Hooksett 2024 annual report — appropriation (text-form)
3301337300,2024,4195,Cemeteries,General Government,1657.0,appropriation,UNH Hooksett 2024 annual report — appropriation (text-form)
3301337300,2024,4210,Police,Public Safety,5278889.0,appropriation,UNH Hooksett 2024 annual report — appropriation (text-form)
3301337300,2024,4240,Building Inspection,Public Safety,121579.0,appropriation,UNH Hooksett 2024 annual report — appropriation (text-form)
3301337300,2024,4311,Highway Administration,Highways & Streets,296957.0,appropriation,UNH Hooksett 2024 annual report — appropriation (text-form)
3301337300,2024,4312,Highways and Streets,Highways & Streets,2223741.0,appropriation,UNH Hooksett 2024 annual report — appropriation (text-form)
3301337300,2024,4313,Bridges,Highways & Streets,6535.0,appropriation,UNH Hooksett 2024 annual report — appropriation (text-form)
3301337300,2024,4316,Street Lighting,Highways & Streets,22872.0,appropriation,UNH Hooksett 2024 annual report — appropriation (text-form)
3301337300,2024,4319,"Other Highway, Streets, and Bridges",Highways & Streets,271005.0,appropriation,UNH Hooksett 2024 annual report — appropriation (text-form)
3301337300,2024,4321,Sanitation Administration,Sanitation,185364.0,appropriation,UNH Hooksett 2024 annual report — appropriation (text-form)
3301337300,2024,4323,Solid Waste Collection,Sanitation,325826.0,appropriation,UNH Hooksett 2024 annual report — appropriation (text-form)
3301337300,2024,4324,Solid Waste Disposal,Sanitation,765778.0,appropriation,UNH Hooksett 2024 annual report — appropriation (text-form)
3301337300,2024,4441,Welfare Administration,Welfare,104206.0,appropriation,UNH Hooksett 2024 annual report — appropriation (text-form)
3301337300,2024,4444,Intergovernmental Welfare Payments,Welfare,27902.0,appropriation,UNH Hooksett 2024 annual report — appropriation (text-form)
3301337300,2024,4520,Parks and Recreation,Culture & Recreation,606949.0,appropriation,UNH Hooksett 2024 annual report — appropriation (text-form)
3301337300,2024,4550,Library,Culture & Recreation,1058085.0,appropriation,UNH Hooksett 2024 annual report — appropriation (text-form)
3301337300,2024,4583,Patriotic Purposes,Culture & Recreation,2945.0,appropriation,UNH Hooksett 2024 annual report — appropriation (text-form)
3301337300,2024,4589,Other Culture and Recreation,Culture & Recreation,12576.0,appropriation,UNH Hooksett 2024 annual report — appropriation (text-form)
3301337300,2024,4611,Conservation Administation,Conservation & Development,1218.0,appropriation,UNH Hooksett 2024 annual report — appropriation (text-form)
3301337300,2024,4659,Other Economic Development,Conservation & Development,700.0,appropriation,UNH Hooksett 2024 annual report — appropriation (text-form)
3301337300,2024,4721,"Interest -Long Term Bonds, Notes, and Other Debt",Debt Service,117555.0,appropriation,UNH Hooksett 2024 annual report — appropriation (text-form)
3301337300,2024,4902,"Machinery, Vehicles, and Equipment",Capital Outlay,43106.0,appropriation,UNH Hooksett 2024 annual report — appropriation (text-form)
3301337300,2024,4909,Improvements Other than Buildings,Capital Outlay,760.0,appropriation,UNH Hooksett 2024 annual report — appropriation (text-form)
3301337300,2024,4903,Buildings,Capital Outlay,55000.0,appropriation,UNH Hooksett 2024 annual report — appropriation (text-form)
3301337300,2024,4915,To Capital Reserve Funds,Operating Transfers,250000.0,appropriation,UNH Hooksett 2024 annual report — appropriation (text-form)
3301337300,2024,4152,Property Assessment,General Government,4093.0,appropriation,UNH Hooksett 2024 annual report — appropriation (text-form)
3301337300,2024,4155,Personnel Administration,General Government,5258.0,appropriation,UNH Hooksett 2024 annual report — appropriation (text-form)
3301337300,2024,4220,Fire,Public Safety,115697.0,appropriation,UNH Hooksett 2024 annual report — appropriation (text-form)
3301337300,2024,4196,Insurance Not Otherwise Allocated,General Government,288644.0,appropriation,UNH Hooksett 2024 annual report — appropriation (text-form)
3301337300,2024,4197,Advertising and Regional Associations,General Government,15000.0,appropriation,UNH Hooksett 2024 annual report — appropriation (text-form)
3301337300,2024,4199,Other General Government,General Government,1.0,appropriation,UNH Hooksett 2024 annual report — appropriation (text-form)
3301337300,2024,4290,Emergency Management,Public Safety,7727.0,appropriation,UNH Hooksett 2024 annual report — appropriation (text-form)
3301337300,2024,4411,Health Administration,Health,1.0,appropriation,UNH Hooksett 2024 annual report — appropriation (text-form)
3301337300,2024,4651,Economic Development Administration,Conservation & Development,1000.0,appropriation,UNH Hooksett 2024 annual report — appropriation (text-form)
3301337300,2024,4711,"Principal -Long Term Bonds, Notes, and Other Debt",Debt Service,295000.0,appropriation,UNH Hooksett 2024 annual report — appropriation (text-form)
3301337300,2024,4723,Interest on Tax and Revenue Anticipation Notes,Debt Service,1.0,appropriation,UNH Hooksett 2024 annual report — appropriation (text-form)
3301337300,2024,4901,Land,Capital Outlay,1.0,appropriation,UNH Hooksett 2024 annual report — appropriation (text-form)
3301337300,2024,4331,Water Administration,Water Distribution,17650.0,appropriation,UNH Hooksett 2024 annual report — appropriation (text-form)
3301337300,2024,4332,Water Services,Water Distribution,1118560.0,appropriation,UNH Hooksett 2024 annual report — appropriation (text-form)
3301337300,2024,4539,Federal Program Grants,Culture & Recreation,240000.0,appropriation,UNH Hooksett 2024 annual report — appropriation (text-form)
3301337300,2024,4560,Child Nutrition,Culture & Recreation,190000.0,appropriation,UNH Hooksett 2024 annual report — appropriation (text-form)
3301337300,2024,4570,Disabilities Programs,Culture & Recreation,310000.0,appropriation,UNH Hooksett 2024 annual report — appropriation (text-form)
3301337300,2024,4580,Medicaid Distribution,Culture & Recreation,25000.0,appropriation,UNH Hooksett 2024 annual report — appropriation (text-form)
3301360020,2025,4139,Executive,General Government,458900.0,appropriation,UNH Pembroke 2025 annual report — appropriation (text-form)
3301360020,2025,4659,ECONOMIC DEVELOPMENT,Conservation & Development,355.0,appropriation,UNH Pembroke 2025 annual report — appropriation (text-form)
3301375460,2024,4150,Financial Administration,General Government,8257.0,appropriation,UNH Sutton 2024 annual report — appropriation (text-form)
3301375460,2024,4151,Financial Executive,General Government,24513.0,appropriation,UNH Sutton 2024 annual report — appropriation (text-form)
3301375460,2024,4153,Legal Expenses,General Government,1730.0,appropriation,UNH Sutton 2024 annual report — appropriation (text-form)
3301375460,2024,4155,Personnel Administration,General Government,8642.0,appropriation,UNH Sutton 2024 annual report — appropriation (text-form)
3301375460,2024,4191,Planning Board/Zoning,General Government,26065.0,appropriation,UNH Sutton 2024 annual report — appropriation (text-form)
3301375460,2024,4195,Cemeteries,General Government,823.0,appropriation,UNH Sutton 2024 annual report — appropriation (text-form)
3301375460,2024,4210,Police Department,Public Safety,30936.0,appropriation,UNH Sutton 2024 annual report — appropriation (text-form)
3301375460,2024,4215,Ambulance,Public Safety,500.0,appropriation,UNH Sutton 2024 annual report — appropriation (text-form)
3301375460,2024,4220,Fire Department,Public Safety,2728.0,appropriation,UNH Sutton 2024 annual report — appropriation (text-form)
3301375460,2024,4240,Building Inspection,Public Safety,3956.0,appropriation,UNH Sutton 2024 annual report — appropriation (text-form)
3301375460,2024,4290,Emergency Management,Public Safety,1600.0,appropriation,UNH Sutton 2024 annual report — appropriation (text-form)
3301375460,2024,4312,Highway Department,Highways & Streets,67298.0,appropriation,UNH Sutton 2024 annual report — appropriation (text-form)
3301375460,2024,4313,"Bridges 3,000 -",Highways & Streets,3000.0,appropriation,UNH Sutton 2024 annual report — appropriation (text-form)
3301375460,2024,4316,Street Lighting,Highways & Streets,185.0,appropriation,UNH Sutton 2024 annual report — appropriation (text-form)
3301375460,2024,4324,Solid Waste Disposal,Sanitation,34475.0,appropriation,UNH Sutton 2024 annual report — appropriation (text-form)
3301375460,2024,4411,"Inoculations, Tests and Expenses",Health,1012.0,appropriation,UNH Sutton 2024 annual report — appropriation (text-form)
3301375460,2024,4442,Welfare/Worthy Causes/CAP,Welfare,11112.0,appropriation,UNH Sutton 2024 annual report — appropriation (text-form)
3301375460,2024,4520,"Churches, Commons, Museum, Recreation",Culture & Recreation,443.0,appropriation,UNH Sutton 2024 annual report — appropriation (text-form)
3301375460,2024,4550,Library,Culture & Recreation,18461.0,appropriation,UNH Sutton 2024 annual report — appropriation (text-form)
3301375460,2024,4583,Patriotic Purposes,Culture & Recreation,672.0,appropriation,UNH Sutton 2024 annual report — appropriation (text-form)
3301378580,2024,4130,Executive,General Government,26575.0,appropriation,UNH Warner 2024 annual report — appropriation (text-form)
3301378580,2024,4150,Financial Administration,General Government,18400.0,appropriation,UNH Warner 2024 annual report — appropriation (text-form)
3301378580,2024,4153,Legal,General Government,1000.0,appropriation,UNH Warner 2024 annual report — appropriation (text-form)
3301378580,2024,4155,Personnel Administration,General Government,54000.0,appropriation,UNH Warner 2024 annual report — appropriation (text-form)
3301378580,2024,4196,Insurance,General Government,12000.0,appropriation,UNH Warner 2024 annual report — appropriation (text-form)
3301378580,2024,4197,Regional Assoc.Dues& Lics.,General Government,1200.0,appropriation,UNH Warner 2024 annual report — appropriation (text-form)
3301378580,2024,4199,Other (Contingency),General Government,1000.0,appropriation,UNH Warner 2024 annual report — appropriation (text-form)
3301378580,2024,4326,Sewage Collection/Disposal,Sanitation,187050.0,appropriation,UNH Warner 2024 annual report — appropriation (text-form)
3301378580,2024,4331,Water Services,Water Distribution,54420.0,appropriation,UNH Warner 2024 annual report — appropriation (text-form)
3301378580,2024,4335,Water Treatment & Other,Water Distribution,42900.0,appropriation,UNH Warner 2024 annual report — appropriation (text-form)
3301378580,2024,4711,Principal - Long Term Bonds,Debt Service,75786.0,appropriation,UNH Warner 2024 annual report — appropriation (text-form)
3301378580,2024,4721,Interest - Long Term Bonds,Debt Service,31548.0,appropriation,UNH Warner 2024 annual report — appropriation (text-form)
3301378580,2024,4903,New Construction,Capital Outlay,1773355.0,appropriation,UNH Warner 2024 annual report — appropriation (text-form)
3301380020,2025,4130,Executive,General Government,182617.0,appropriation,UNH Webster 2025 annual report — appropriation (text-form)
3301380020,2025,4140,"Election, Registration, and Vital Statistics",General Government,61933.0,appropriation,UNH Webster 2025 annual report — appropriation (text-form)
3301380020,2025,4150,Financial Administration,General Government,83961.0,appropriation,UNH Webster 2025 annual report — appropriation (text-form)
3301380020,2025,4152,Property Assessment,General Government,29895.0,appropriation,UNH Webster 2025 annual report — appropriation (text-form)
3301380020,2025,4153,Legal Expense,General Government,18180.0,appropriation,UNH Webster 2025 annual report — appropriation (text-form)
3301380020,2025,4155,Personnel Administration,General Government,85370.0,appropriation,UNH Webster 2025 annual report — appropriation (text-form)
3301380020,2025,4191,Planning and Zoning,General Government,4029.0,appropriation,UNH Webster 2025 annual report — appropriation (text-form)
3301380020,2025,4194,General Government Buildings,General Government,61470.0,appropriation,UNH Webster 2025 annual report — appropriation (text-form)
3301380020,2025,4195,Cemeteries,General Government,8404.0,appropriation,UNH Webster 2025 annual report — appropriation (text-form)
3301380020,2025,4196,Insurance Not Otherwise Allocated,General Government,127073.0,appropriation,UNH Webster 2025 annual report — appropriation (text-form)
3301380020,2025,4198,Contingency,General Government,18000.0,appropriation,UNH Webster 2025 annual report — appropriation (text-form)
3301380020,2025,4210,Police,Public Safety,335721.0,appropriation,UNH Webster 2025 annual report — appropriation (text-form)
3301380020,2025,4215,Ambulances,Public Safety,57260.0,appropriation,UNH Webster 2025 annual report — appropriation (text-form)
3301380020,2025,4220,Fire,Public Safety,111519.0,appropriation,UNH Webster 2025 annual report — appropriation (text-form)
3301380020,2025,4240,Building Inspection,Public Safety,2005.0,appropriation,UNH Webster 2025 annual report — appropriation (text-form)
3301380020,2025,4290,Emergency Management,Public Safety,1069.0,appropriation,UNH Webster 2025 annual report — appropriation (text-form)
3301380020,2025,4312,Highways and Streets,Highways & Streets,404486.0,appropriation,UNH Webster 2025 annual report — appropriation (text-form)
3301380020,2025,4324,Solid Waste Disposal,Sanitation,170113.0,appropriation,UNH Webster 2025 annual report — appropriation (text-form)
3301380020,2025,4411,Health Administration,Health,1405.0,appropriation,UNH Webster 2025 annual report — appropriation (text-form)
3301380020,2025,4415,Health Agencies and Hospitals,Health,2500.0,appropriation,UNH Webster 2025 annual report — appropriation (text-form)
3301380020,2025,4441,Welfare Administration,Welfare,4000.0,appropriation,UNH Webster 2025 annual report — appropriation (text-form)
3301380020,2025,4449,Other Welfare,Welfare,11371.0,appropriation,UNH Webster 2025 annual report — appropriation (text-form)
3301380020,2025,4520,Parks and Recreation,Culture & Recreation,4315.0,appropriation,UNH Webster 2025 annual report — appropriation (text-form)
3301380020,2025,4550,Library,Culture & Recreation,63640.0,appropriation,UNH Webster 2025 annual report — appropriation (text-form)
3301380020,2025,4583,Patriotic Purposes,Culture & Recreation,4564.0,appropriation,UNH Webster 2025 annual report — appropriation (text-form)
3301380020,2025,4589,Other Culture and Recreation,Culture & Recreation,76.0,appropriation,UNH Webster 2025 annual report — appropriation (text-form)
3301380020,2025,4611,Conservation Administation,Conservation & Development,497.0,appropriation,UNH Webster 2025 annual report — appropriation (text-form)
3301380020,2025,4619,Other Conservation,Conservation & Development,349.0,appropriation,UNH Webster 2025 annual report — appropriation (text-form)
3301380020,2025,4909,Improvements Other than Buildings,Capital Outlay,10000.0,appropriation,UNH Webster 2025 annual report — appropriation (text-form)
3301380020,2025,4902,"Machinery, Vehicles, and Equipment",Capital Outlay,44494.0,appropriation,UNH Webster 2025 annual report — appropriation (text-form)
3301380020,2025,4915,To Capital Reserve Funds,Operating Transfers,516200.0,appropriation,UNH Webster 2025 annual report — appropriation (text-form)
3301380020,2025,4916,To Expendable Trusts,Operating Transfers,90850.0,appropriation,UNH Webster 2025 annual report — appropriation (text-form)
3301380020,2025,4199,Other General Government,General Government,3506.0,appropriation,UNH Webster 2025 annual report — appropriation (text-form)
3301384900,2025,4130,Executive,General Government,190566.0,actual,UNH Wilmot 2025 annual report — actual (scanned-ocr)
3301384900,2025,4140,"Election, Registration, and Vital Statistics",General Government,39965.0,actual,UNH Wilmot 2025 annual report — actual (scanned-ocr)
3301384900,2025,4150,Financial Administration,General Government,70084.0,actual,UNH Wilmot 2025 annual report — actual (scanned-ocr)
3301384900,2025,4152,Property Assessment,General Government,15000.0,actual,UNH Wilmot 2025 annual report — actual (scanned-ocr)
3301384900,2025,4153,Legal Expense,General Government,40000.0,actual,UNH Wilmot 2025 annual report — actual (scanned-ocr)
3301384900,2025,4155,Personnel Administration,General Government,55928.0,actual,UNH Wilmot 2025 annual report — actual (scanned-ocr)
3301384900,2025,4191,Planning and Zoning,General Government,12600.0,actual,UNH Wilmot 2025 annual report — actual (scanned-ocr)
3301384900,2025,4194,General Government Buildings,General Government,34450.0,actual,UNH Wilmot 2025 annual report — actual (scanned-ocr)
3301384900,2025,4195,Cemeteries,General Government,17471.0,actual,UNH Wilmot 2025 annual report — actual (scanned-ocr)
3301384900,2025,4196,Insurance Not Otherwise Allocated,General Government,242020.0,actual,UNH Wilmot 2025 annual report — actual (scanned-ocr)
3301384900,2025,4197,Advertising and Regional Associations,General Government,12500.0,actual,UNH Wilmot 2025 annual report — actual (scanned-ocr)
3301384900,2025,4198,Contingency,General Government,50.0,actual,UNH Wilmot 2025 annual report — actual (scanned-ocr)
3301384900,2025,4210,Police,Public Safety,211477.0,actual,UNH Wilmot 2025 annual report — actual (scanned-ocr)
3301384900,2025,4215,Ambulances,Public Safety,35030.0,actual,UNH Wilmot 2025 annual report — actual (scanned-ocr)
3301384900,2025,4220,Fire,Public Safety,67000.0,actual,UNH Wilmot 2025 annual report — actual (scanned-ocr)
3301384900,2025,4290,Emergency Management,Public Safety,11500.0,actual,UNH Wilmot 2025 annual report — actual (scanned-ocr)
3301384900,2025,4299,Other Public Safety,Public Safety,13400.0,actual,UNH Wilmot 2025 annual report — actual (scanned-ocr)
3301384900,2025,4311,Highway Administration,Highways & Streets,361900.0,actual,UNH Wilmot 2025 annual report — actual (scanned-ocr)
3301384900,2025,4312,Highways and Streets,Highways & Streets,497500.0,actual,UNH Wilmot 2025 annual report — actual (scanned-ocr)
3301384900,2025,4313,Bridges,Highways & Streets,10000.0,actual,UNH Wilmot 2025 annual report — actual (scanned-ocr)
3301384900,2025,4316,Street Lighting,Highways & Streets,5200.0,actual,UNH Wilmot 2025 annual report — actual (scanned-ocr)
3301384900,2025,4321,Sanitation Administration,Sanitation,42900.0,actual,UNH Wilmot 2025 annual report — actual (scanned-ocr)
3301384900,2025,4323,Solid Waste Collection,Sanitation,1000.0,actual,UNH Wilmot 2025 annual report — actual (scanned-ocr)
3301384900,2025,4324,Solid Waste Disposal,Sanitation,87000.0,actual,UNH Wilmot 2025 annual report — actual (scanned-ocr)
3301384900,2025,4325,Solid Waste Facilities Clean-Up,Sanitation,50.0,actual,UNH Wilmot 2025 annual report — actual (scanned-ocr)
3301384900,2025,4329,Other Sanitation,Sanitation,50.0,actual,UNH Wilmot 2025 annual report — actual (scanned-ocr)
3301384900,2025,4331,Water Administration,Water Distribution,50.0,actual,UNH Wilmot 2025 annual report — actual (scanned-ocr)
3301384900,2025,4332,Water Services,Water Distribution,30.0,actual,UNH Wilmot 2025 annual report — actual (scanned-ocr)
3301384900,2025,4335,Water Treatment,Water Distribution,30.0,actual,UNH Wilmot 2025 annual report — actual (scanned-ocr)
3301384900,2025,4338,Water Conservation,Water Distribution,50.0,actual,UNH Wilmot 2025 annual report — actual (scanned-ocr)
3301384900,2025,4351,Electric Administration,Electric,30.0,actual,UNH Wilmot 2025 annual report — actual (scanned-ocr)
3301384900,2025,4353,Purchase Costs,Electric,50.0,actual,UNH Wilmot 2025 annual report — actual (scanned-ocr)
3301384900,2025,4354,Electric Equipment Maintenance,Electric,30.0,actual,UNH Wilmot 2025 annual report — actual (scanned-ocr)
3301384900,2025,4411,Health Administration,Health,350.0,actual,UNH Wilmot 2025 annual report — actual (scanned-ocr)
3301384900,2025,4414,Pest Control,Health,300.0,actual,UNH Wilmot 2025 annual report — actual (scanned-ocr)
3301384900,2025,4415,Health Agencies and Hospitals,Health,5080.0,actual,UNH Wilmot 2025 annual report — actual (scanned-ocr)
3301384900,2025,4479,Other Health,Other,50.0,actual,UNH Wilmot 2025 annual report — actual (scanned-ocr)
3301384900,2025,4444,Welfare Administration,Welfare,3300.0,actual,UNH Wilmot 2025 annual report — actual (scanned-ocr)
3301384900,2025,4445,Vendor Payments,Welfare,21000.0,actual,UNH Wilmot 2025 annual report — actual (scanned-ocr)
3301384900,2025,4449,Other Welfare,Welfare,4600.0,actual,UNH Wilmot 2025 annual report — actual (scanned-ocr)
3301384900,2025,4520,Parks and Recreation,Culture & Recreation,5250.0,actual,UNH Wilmot 2025 annual report — actual (scanned-ocr)
3301384900,2025,4550,Library,Culture & Recreation,64993.0,actual,UNH Wilmot 2025 annual report — actual (scanned-ocr)
3301384900,2025,4583,Patriotic Purposes,Culture & Recreation,500.0,actual,UNH Wilmot 2025 annual report — actual (scanned-ocr)
3301384900,2025,4589,Other Culture and Recreation,Culture & Recreation,12840.0,actual,UNH Wilmot 2025 annual report — actual (scanned-ocr)
3301384900,2025,4611,Conservation Administation,Conservation & Development,2450.0,actual,UNH Wilmot 2025 annual report — actual (scanned-ocr)
3301384900,2025,4631,Redevelopment and Housing Administration,Conservation & Development,30.0,actual,UNH Wilmot 2025 annual report — actual (scanned-ocr)
3301384900,2025,4711,"Principal - Long Term Bonds, Notes, and Other Debt",Debt Service,64500.0,actual,UNH Wilmot 2025 annual report — actual (scanned-ocr)
3301384900,2025,4721,"Interest - Long Term Bonds, Notes, and Other Debt",Debt Service,6500.0,actual,UNH Wilmot 2025 annual report — actual (scanned-ocr)
3301384900,2025,4723,Interest on Tax and Revenue Anticipation Notes,Debt Service,50180.0,actual,UNH Wilmot 2025 annual report — actual (scanned-ocr)
3301384900,2025,4902,"Machinery, Vehicles, and Equipment",Capital Outlay,405000.0,actual,UNH Wilmot 2025 annual report — actual (scanned-ocr)
3301384900,2025,4909,Improvements Other than Buildings,Capital Outlay,39600.0,actual,UNH Wilmot 2025 annual report — actual (scanned-ocr)
3301384900,2025,4911,To Revolving Funds,Operating Transfers,50.0,actual,UNH Wilmot 2025 annual report — actual (scanned-ocr)
3301384900,2025,4913,To Capital Projects Funds,Operating Transfers,30.0,actual,UNH Wilmot 2025 annual report — actual (scanned-ocr)
3301384900,2025,4915,To Capital Reserve Funds,Operating Transfers,156000.0,actual,UNH Wilmot 2025 annual report — actual (scanned-ocr)
3301384900,2025,4916,To Expendable Trusts,Operating Transfers,84500.0,actual,UNH Wilmot 2025 annual report — actual (scanned-ocr)
3301502820,2025,4130,Executive,General Government,272545.0,appropriation,UNH Auburn 2025 annual report — appropriation (text-form)
3301502820,2025,4140,"Election, Registration, and Vital Statistics",General Government,142099.0,appropriation,UNH Auburn 2025 annual report — appropriation (text-form)
3301502820,2025,4150,Financial Administration,General Government,108071.0,appropriation,UNH Auburn 2025 annual report — appropriation (text-form)
3301502820,2025,4153,Legal Expense,General Government,77584.0,appropriation,UNH Auburn 2025 annual report — appropriation (text-form)
3301502820,2025,4155,Personnel Administration,General Government,606468.0,appropriation,UNH Auburn 2025 annual report — appropriation (text-form)
3301502820,2025,4191,Planning and Zoning,General Government,17944.0,appropriation,UNH Auburn 2025 annual report — appropriation (text-form)
3301502820,2025,4194,General Government Buildings,General Government,168247.0,appropriation,UNH Auburn 2025 annual report — appropriation (text-form)
3301502820,2025,4195,Cemeteries,General Government,29256.0,appropriation,UNH Auburn 2025 annual report — appropriation (text-form)
3301502820,2025,4196,Insurance Not Otherwise Allocated,General Government,197454.0,appropriation,UNH Auburn 2025 annual report — appropriation (text-form)
3301502820,2025,4197,Advertising and Regional Associations,General Government,10422.0,appropriation,UNH Auburn 2025 annual report — appropriation (text-form)
3301502820,2025,4199,Other General Government,General Government,113841.0,appropriation,UNH Auburn 2025 annual report — appropriation (text-form)
3301502820,2025,4210,Police,Public Safety,1758609.0,appropriation,UNH Auburn 2025 annual report — appropriation (text-form)
3301502820,2025,4215,Ambulances,Public Safety,100692.0,appropriation,UNH Auburn 2025 annual report — appropriation (text-form)
3301502820,2025,4220,Fire,Public Safety,795070.0,appropriation,UNH Auburn 2025 annual report — appropriation (text-form)
3301502820,2025,4240,Building Inspection,Public Safety,69738.0,appropriation,UNH Auburn 2025 annual report — appropriation (text-form)
3301502820,2025,4312,Highways and Streets,Highways & Streets,1222682.0,appropriation,UNH Auburn 2025 annual report — appropriation (text-form)
3301502820,2025,4316,Street Lighting,Highways & Streets,6574.0,appropriation,UNH Auburn 2025 annual report — appropriation (text-form)
3301502820,2025,4324,Solid Waste Disposal,Sanitation,32014.0,appropriation,UNH Auburn 2025 annual report — appropriation (text-form)
3301502820,2025,4411,Health Administration,Health,3043.0,appropriation,UNH Auburn 2025 annual report — appropriation (text-form)
3301502820,2025,4414,Pest Control,Health,27186.0,appropriation,UNH Auburn 2025 annual report — appropriation (text-form)
3301502820,2025,4415,Health Agencies and Hospitals,Health,6000.0,appropriation,UNH Auburn 2025 annual report — appropriation (text-form)
3301502820,2025,4442,Direct Assistance,Welfare,19847.0,appropriation,UNH Auburn 2025 annual report — appropriation (text-form)
3301502820,2025,4444,Intergovernmental Welfare Payments,Welfare,4471.0,appropriation,UNH Auburn 2025 annual report — appropriation (text-form)
3301502820,2025,4520,Parks and Recreation,Culture & Recreation,152920.0,appropriation,UNH Auburn 2025 annual report — appropriation (text-form)
3301502820,2025,4550,Library,Culture & Recreation,247595.0,appropriation,UNH Auburn 2025 annual report — appropriation (text-form)
3301502820,2025,4583,Patriotic Purposes,Culture & Recreation,7348.0,appropriation,UNH Auburn 2025 annual report — appropriation (text-form)
3301502820,2025,4611,Conservation Administation,Conservation & Development,944.0,appropriation,UNH Auburn 2025 annual report — appropriation (text-form)
3301502820,2025,4909,Improvements Other than Buildings,Capital Outlay,377757.0,appropriation,UNH Auburn 2025 annual report — appropriation (text-form)
3301502820,2025,4290,Emergency Management,Public Safety,504.0,appropriation,UNH Auburn 2025 annual report — appropriation (text-form)
3301502820,2025,4299,Other Public Safety,Public Safety,2000.0,appropriation,UNH Auburn 2025 annual report — appropriation (text-form)
3301502820,2025,4723,Interest on Tax and Revenue Anticipation Notes,Debt Service,1.0,appropriation,UNH Auburn 2025 annual report — appropriation (text-form)
3301502820,2025,4901,Land,Capital Outlay,1.0,appropriation,UNH Auburn 2025 annual report — appropriation (text-form)
3301502820,2025,4902,"Machinery, Vehicles, and Equipment",Capital Outlay,1.0,appropriation,UNH Auburn 2025 annual report — appropriation (text-form)
3301509300,2025,4130,Executive,General Government,371001.0,appropriation,UNH Candia 2025 annual report — appropriation (text-form)
3301509300,2025,4140,"Election, Registration, and Vital Statistics",General Government,121903.0,appropriation,UNH Candia 2025 annual report — appropriation (text-form)
3301509300,2025,4150,Financial Administration,General Government,77243.0,appropriation,UNH Candia 2025 annual report — appropriation (text-form)
3301509300,2025,4152,Property Assessment,General Government,33000.0,appropriation,UNH Candia 2025 annual report — appropriation (text-form)
3301509300,2025,4153,Legal Expense,General Government,55000.0,appropriation,UNH Candia 2025 annual report — appropriation (text-form)
3301509300,2025,4191,Planning and Zoning,General Government,12866.0,appropriation,UNH Candia 2025 annual report — appropriation (text-form)
3301509300,2025,4194,General Government Buildings,General Government,74545.0,appropriation,UNH Candia 2025 annual report — appropriation (text-form)
3301509300,2025,4195,Cemeteries,General Government,71764.0,appropriation,UNH Candia 2025 annual report — appropriation (text-form)
3301509300,2025,4196,Insurance Not Otherwise Allocated,General Government,254470.0,appropriation,UNH Candia 2025 annual report — appropriation (text-form)
3301509300,2025,4210,Police,Public Safety,970615.0,appropriation,UNH Candia 2025 annual report — appropriation (text-form)
3301509300,2025,4215,Ambulances,Public Safety,357409.0,appropriation,UNH Candia 2025 annual report — appropriation (text-form)
3301509300,2025,4220,Fire,Public Safety,257563.0,appropriation,UNH Candia 2025 annual report — appropriation (text-form)
3301509300,2025,4240,Building Inspection,Public Safety,128467.0,appropriation,UNH Candia 2025 annual report — appropriation (text-form)
3301509300,2025,4290,Emergency Management,Public Safety,2000.0,appropriation,UNH Candia 2025 annual report — appropriation (text-form)
3301509300,2025,4311,Highway Administration,Highways & Streets,3181.0,appropriation,UNH Candia 2025 annual report — appropriation (text-form)
3301509300,2025,4312,Highways and Streets,Highways & Streets,845698.0,appropriation,UNH Candia 2025 annual report — appropriation (text-form)
3301509300,2025,4316,Street Lighting,Highways & Streets,2900.0,appropriation,UNH Candia 2025 annual report — appropriation (text-form)
3301509300,2025,4324,Solid Waste Disposal,Sanitation,523220.0,appropriation,UNH Candia 2025 annual report — appropriation (text-form)
3301509300,2025,4411,Health Administration,Health,501.0,appropriation,UNH Candia 2025 annual report — appropriation (text-form)
3301509300,2025,4414,Pest Control,Health,2653.0,appropriation,UNH Candia 2025 annual report — appropriation (text-form)
3301509300,2025,4441,Welfare Administration,Welfare,7622.0,appropriation,UNH Candia 2025 annual report — appropriation (text-form)
3301509300,2025,4442,Direct Assistance,Welfare,10000.0,appropriation,UNH Candia 2025 annual report — appropriation (text-form)
3301509300,2025,4520,Parks and Recreation,Culture & Recreation,18102.0,appropriation,UNH Candia 2025 annual report — appropriation (text-form)
3301509300,2025,4589,Other Culture and Recreation,Culture & Recreation,3.0,appropriation,UNH Candia 2025 annual report — appropriation (text-form)
3301509300,2025,4611,Conservation Administation,Conservation & Development,4262.0,appropriation,UNH Candia 2025 annual report — appropriation (text-form)
3301509300,2025,4619,Other Conservation,Conservation & Development,1.0,appropriation,UNH Candia 2025 annual report — appropriation (text-form)
3301512100,2025,4130,Executive,General Government,193406.0,appropriation,UNH Chester 2025 annual report — appropriation (text-form)
3301512100,2025,4140,"Election, Registration, and Vital Statistics",General Government,175603.0,appropriation,UNH Chester 2025 annual report — appropriation (text-form)
3301512100,2025,4150,Financial Administration,General Government,355387.0,appropriation,UNH Chester 2025 annual report — appropriation (text-form)
3301512100,2025,4152,Property Assessment,General Government,91885.0,appropriation,UNH Chester 2025 annual report — appropriation (text-form)
3301512100,2025,4153,Legal Expense,General Government,50000.0,appropriation,UNH Chester 2025 annual report — appropriation (text-form)
3301512100,2025,4155,Personnel Administration,General Government,1282275.0,appropriation,UNH Chester 2025 annual report — appropriation (text-form)
3301512100,2025,4191,Planning and Zoning,General Government,133858.0,appropriation,UNH Chester 2025 annual report — appropriation (text-form)
3301512100,2025,4194,General Government Buildings,General Government,359615.0,appropriation,UNH Chester 2025 annual report — appropriation (text-form)
3301512100,2025,4195,Cemeteries,General Government,28184.0,appropriation,UNH Chester 2025 annual report — appropriation (text-form)
3301512100,2025,4196,Insurance Not Otherwise Allocated,General Government,133991.0,appropriation,UNH Chester 2025 annual report — appropriation (text-form)
3301512100,2025,4197,Advertising and Regional Associations,General Government,8610.0,appropriation,UNH Chester 2025 annual report — appropriation (text-form)
3301512100,2025,4199,Other General Government,General Government,5200.0,appropriation,UNH Chester 2025 annual report — appropriation (text-form)
3301512100,2025,4210,Police,Public Safety,988557.0,appropriation,UNH Chester 2025 annual report — appropriation (text-form)
3301512100,2025,4215,Ambulances,Public Safety,138017.0,appropriation,UNH Chester 2025 annual report — appropriation (text-form)
3301512100,2025,4220,Fire,Public Safety,406535.0,appropriation,UNH Chester 2025 annual report — appropriation (text-form)
3301512100,2025,4240,Building Inspection,Public Safety,122838.0,appropriation,UNH Chester 2025 annual report — appropriation (text-form)
3301512100,2025,4290,Emergency Management,Public Safety,10981.0,appropriation,UNH Chester 2025 annual report — appropriation (text-form)
3301512100,2025,4312,Highways and Streets,Highways & Streets,877307.0,appropriation,UNH Chester 2025 annual report — appropriation (text-form)
3301512100,2025,4316,Street Lighting,Highways & Streets,3900.0,appropriation,UNH Chester 2025 annual report — appropriation (text-form)
3301512100,2025,4321,Sanitation Administration,Sanitation,240423.0,appropriation,UNH Chester 2025 annual report — appropriation (text-form)
3301512100,2025,4325,Solid Waste Facilities Clean-Up,Sanitation,16650.0,appropriation,UNH Chester 2025 annual report — appropriation (text-form)
3301512100,2025,4414,Pest Control,Health,17745.0,appropriation,UNH Chester 2025 annual report — appropriation (text-form)
3301512100,2025,4419,Other Health,Health,15550.0,appropriation,UNH Chester 2025 annual report — appropriation (text-form)
3301512100,2025,4442,Direct Assistance,Welfare,8.0,appropriation,UNH Chester 2025 annual report — appropriation (text-form)
3301512100,2025,4444,Intergovernmental Welfare Payments,Welfare,4512.0,appropriation,UNH Chester 2025 annual report — appropriation (text-form)
3301512100,2025,4520,Parks and Recreation,Culture & Recreation,98270.0,appropriation,UNH Chester 2025 annual report — appropriation (text-form)
3301512100,2025,4550,Library,Culture & Recreation,202850.0,appropriation,UNH Chester 2025 annual report — appropriation (text-form)
3301512100,2025,4583,Patriotic Purposes,Culture & Recreation,8500.0,appropriation,UNH Chester 2025 annual report — appropriation (text-form)
3301512100,2025,4589,Other Culture and Recreation,Culture & Recreation,54529.0,appropriation,UNH Chester 2025 annual report — appropriation (text-form)
3301512100,2025,4611,Conservation Administation,Conservation & Development,8139.0,appropriation,UNH Chester 2025 annual report — appropriation (text-form)
3301512100,2025,4711,"Principal - Long Term Bonds, Notes, and Other Debt",Debt Service,1.0,appropriation,UNH Chester 2025 annual report — appropriation (text-form)
3301512100,2025,4721,"Interest - Long Term Bonds, Notes, and Other Debt",Debt Service,1.0,appropriation,UNH Chester 2025 annual report — appropriation (text-form)
3301512100,2025,4902,"Machinery, Vehicles, and Equipment",Capital Outlay,730270.0,appropriation,UNH Chester 2025 annual report — appropriation (text-form)
3301512100,2025,4903,Buildings,Capital Outlay,217830.0,appropriation,UNH Chester 2025 annual report — appropriation (text-form)
3301512100,2025,4909,Improvements Other than Buildings,Capital Outlay,1085300.0,appropriation,UNH Chester 2025 annual report — appropriation (text-form)
3301512100,2025,4915,To Capital Reserve Funds,Operating Transfers,2372000.0,appropriation,UNH Chester 2025 annual report — appropriation (text-form)
3301517140,2025,4461,"SAPPHIRE WOODS, LLC 21.221",Other,781.0,appropriation,UNH Danville 2025 annual report — appropriation (text-form)
3301517140,2025,4462,"SAPPHIRE WOODS, LLC 42.037",Other,1547.0,appropriation,UNH Danville 2025 annual report — appropriation (text-form)
3301517140,2025,4463,"SAPPHIRE WOODS, LLC 4.583",Other,169.0,appropriation,UNH Danville 2025 annual report — appropriation (text-form)
3301517140,2025,4941,INM PROPERTIES LLC 13.740,Other,506.0,appropriation,UNH Danville 2025 annual report — appropriation (text-form)
3301517140,2025,4122,"PARKER, JAMES 2.700",Other,103.0,appropriation,UNH Danville 2025 annual report — appropriation (text-form)
3301517140,2025,4125,LEONA M BEZANSON REV TRUST 16.000,Other,488.0,appropriation,UNH Danville 2025 annual report — appropriation (text-form)
3301517140,2025,4240,L E R REALTY 1.500,Public Safety,59.0,appropriation,UNH Danville 2025 annual report — appropriation (text-form)
3301517140,2025,4248,"TURNER, DAVID L & CHERY 36.140",Public Safety,1064.0,appropriation,UNH Danville 2025 annual report — appropriation (text-form)
3301517140,2025,4249,SOUTHEAST LAND TRUST OF NH 1.000,Public Safety,39.0,appropriation,UNH Danville 2025 annual report — appropriation (text-form)
3301517140,2025,4254,SOUTHEAST LAND TRUST OF NH 2.000,Public Safety,79.0,appropriation,UNH Danville 2025 annual report — appropriation (text-form)
3301517140,2025,4118,Kingston Rd 2.00,Other,51200.0,appropriation,UNH Danville 2025 annual report — appropriation (text-form)
3301517140,2025,4131,ROW Kingston Rd 0.50,General Government,1000.0,appropriation,UNH Danville 2025 annual report — appropriation (text-form)
3301517140,2025,4192,Main St 0.75,General Government,35500.0,appropriation,UNH Danville 2025 annual report — appropriation (text-form)
3301517140,2025,4196,Hunt Rd 2.40,General Government,90400.0,appropriation,UNH Danville 2025 annual report — appropriation (text-form)
3301517140,2025,4206,Hunt Rd 23.00,Other,205800.0,appropriation,UNH Danville 2025 annual report — appropriation (text-form)
3301517140,2025,4214,Johnson Rd 0.15,Public Safety,14900.0,appropriation,UNH Danville 2025 annual report — appropriation (text-form)
3301517140,2025,4216,Johnson Rd 0.10,Public Safety,200.0,appropriation,UNH Danville 2025 annual report — appropriation (text-form)
3301517140,2025,4217,Johnson Rd 0.10,Public Safety,200.0,appropriation,UNH Danville 2025 annual report — appropriation (text-form)
3301517140,2025,4219,Frye Rd 17.00,Public Safety,189400.0,appropriation,UNH Danville 2025 annual report — appropriation (text-form)
3301517140,2025,4236,Kingston Rd 9.62,Public Safety,142500.0,appropriation,UNH Danville 2025 annual report — appropriation (text-form)
3301517140,2025,4245,Frye Rd 8.91,Public Safety,179700.0,appropriation,UNH Danville 2025 annual report — appropriation (text-form)
3301517140,2025,4250,Route 1110.01,Public Safety,800.0,appropriation,UNH Danville 2025 annual report — appropriation (text-form)
3301517140,2025,4253,Route 1114.00,Public Safety,48800.0,appropriation,UNH Danville 2025 annual report — appropriation (text-form)
3301525380,2024,4139,Executive,General Government,275042.0,appropriation,UNH Exeter 2024 annual report — appropriation (text-form)
3301525380,2024,4149,"Election, Registration, and Vital Statistics",General Government,361438.0,appropriation,UNH Exeter 2024 annual report — appropriation (text-form)
3301525380,2024,4151,Financial Administration,General Government,936435.0,appropriation,UNH Exeter 2024 annual report — appropriation (text-form)
3301525380,2024,4153,Legal Expense,General Government,87281.0,appropriation,UNH Exeter 2024 annual report — appropriation (text-form)
3301525380,2024,4159,Personnel Administration,General Government,545168.0,appropriation,UNH Exeter 2024 annual report — appropriation (text-form)
3301525380,2024,4193,Planning and Zoning,General Government,224036.0,appropriation,UNH Exeter 2024 annual report — appropriation (text-form)
3301525380,2024,4194,General Government Buildings,General Government,998263.0,appropriation,UNH Exeter 2024 annual report — appropriation (text-form)
3301525380,2024,4196,Insurance,General Government,74921.0,appropriation,UNH Exeter 2024 annual report — appropriation (text-form)
3301525380,2024,4214,Police,Public Safety,3087547.0,appropriation,UNH Exeter 2024 annual report — appropriation (text-form)
3301525380,2024,4229,Fire,Public Safety,3504492.0,appropriation,UNH Exeter 2024 annual report — appropriation (text-form)
3301525380,2024,4249,Building Inspection,Public Safety,218624.0,appropriation,UNH Exeter 2024 annual report — appropriation (text-form)
3301525380,2024,4298,Emergency Management,Public Safety,38944.0,appropriation,UNH Exeter 2024 annual report — appropriation (text-form)
3301525380,2024,4299,Other (Including Communications),Public Safety,345758.0,appropriation,UNH Exeter 2024 annual report — appropriation (text-form)
3301525380,2024,4311,Administration,Highways & Streets,332633.0,appropriation,UNH Exeter 2024 annual report — appropriation (text-form)
3301525380,2024,4312,Highways and Streets,Highways & Streets,1872071.0,appropriation,UNH Exeter 2024 annual report — appropriation (text-form)
3301525380,2024,4316,Street Lighting,Highways & Streets,173307.0,appropriation,UNH Exeter 2024 annual report — appropriation (text-form)
3301525380,2024,4319,Other,Highways & Streets,231975.0,appropriation,UNH Exeter 2024 annual report — appropriation (text-form)
3301525380,2024,4323,Solid Waste Collection,Sanitation,1157272.0,appropriation,UNH Exeter 2024 annual report — appropriation (text-form)
3301525380,2024,4411,Administration,Health,111640.0,appropriation,UNH Exeter 2024 annual report — appropriation (text-form)
3301525380,2024,4414,Pest Control,Health,1050.0,appropriation,UNH Exeter 2024 annual report — appropriation (text-form)
3301525380,2024,4442,Administration and Direct Assistance,Welfare,89596.0,appropriation,UNH Exeter 2024 annual report — appropriation (text-form)
3301525380,2024,4449,Vendor Payments and Other,Welfare,106720.0,appropriation,UNH Exeter 2024 annual report — appropriation (text-form)
3301525380,2024,4529,Parks and Recreation,Culture & Recreation,543698.0,appropriation,UNH Exeter 2024 annual report — appropriation (text-form)
3301525380,2024,4559,Library,Culture & Recreation,1081567.0,appropriation,UNH Exeter 2024 annual report — appropriation (text-form)
3301525380,2024,4583,Patriotic Purposes,Culture & Recreation,13694.0,appropriation,UNH Exeter 2024 annual report — appropriation (text-form)
3301525380,2024,4589,Other Culture and Recreation,Culture & Recreation,22428.0,appropriation,UNH Exeter 2024 annual report — appropriation (text-form)
3301525380,2024,4659,Economic Development,Conservation & Development,141259.0,appropriation,UNH Exeter 2024 annual report — appropriation (text-form)
3301525380,2024,4711,Long Term Bonds and Notes - Principal,Debt Service,999616.0,appropriation,UNH Exeter 2024 annual report — appropriation (text-form)
3301525380,2024,4721,Long Term Bonds and Notes - Interest,Debt Service,368567.0,appropriation,UNH Exeter 2024 annual report — appropriation (text-form)
3301525380,2024,4902,"Machinery, Vehicles, and Equipment",Capital Outlay,296280.0,appropriation,UNH Exeter 2024 annual report — appropriation (text-form)
3301525380,2024,4199,Other General Government,General Government,45000.0,appropriation,UNH Exeter 2024 annual report — appropriation (text-form)
3301525380,2024,4903,Buildings,Capital Outlay,1250000.0,appropriation,UNH Exeter 2024 annual report — appropriation (text-form)
3301525380,2024,4909,Improvements Other than Buildings,Capital Outlay,249000.0,appropriation,UNH Exeter 2024 annual report — appropriation (text-form)
3301525380,2024,4912,To Special Revenue Fund,Operating Transfers,5000.0,appropriation,UNH Exeter 2024 annual report — appropriation (text-form)
3301525380,2024,4913,To Capital Projects Fund,Operating Transfers,69338.0,appropriation,UNH Exeter 2024 annual report — appropriation (text-form)
3301525380,2024,4915,To Capital Reserve Fund,Operating Transfers,100000.0,appropriation,UNH Exeter 2024 annual report — appropriation (text-form)
3301525380,2024,4916,To Expendable Trusts/Fiduciary Funds,Operating Transfers,100000.0,appropriation,UNH Exeter 2024 annual report — appropriation (text-form)
3301533060,2025,4130,Executive,General Government,262467.0,appropriation,UNH Hampton 2025 annual report — appropriation (text-form)
3301533060,2025,4140,"Election, Registration, and Vital Statistics",General Government,315689.0,appropriation,UNH Hampton 2025 annual report — appropriation (text-form)
3301533060,2025,4150,Financial Administration,General Government,1205391.0,appropriation,UNH Hampton 2025 annual report — appropriation (text-form)
3301533060,2025,4153,Legal Expense,General Government,208132.0,appropriation,UNH Hampton 2025 annual report — appropriation (text-form)
3301533060,2025,4155,Personnel Administration,General Government,4581664.0,appropriation,UNH Hampton 2025 annual report — appropriation (text-form)
3301533060,2025,4191,Planning and Zoning,General Government,201666.0,appropriation,UNH Hampton 2025 annual report — appropriation (text-form)
3301533060,2025,4194,General Government Buildings,General Government,173595.0,appropriation,UNH Hampton 2025 annual report — appropriation (text-form)
3301533060,2025,4195,Cemeteries,General Government,148615.0,appropriation,UNH Hampton 2025 annual report — appropriation (text-form)
3301533060,2025,4196,Insurance Not Otherwise Allocated,General Government,5034791.0,appropriation,UNH Hampton 2025 annual report — appropriation (text-form)
3301533060,2025,4199,Other General Government,General Government,124349.0,appropriation,UNH Hampton 2025 annual report — appropriation (text-form)
3301533060,2025,4210,Police,Public Safety,663420.0,appropriation,UNH Hampton 2025 annual report — appropriation (text-form)
3301533060,2025,4220,Fire,Public Safety,4.0,appropriation,UNH Hampton 2025 annual report — appropriation (text-form)
3301533060,2025,4240,Building Inspection,Public Safety,322075.0,appropriation,UNH Hampton 2025 annual report — appropriation (text-form)
3301533060,2025,4290,Emergency Management,Public Safety,12464.0,appropriation,UNH Hampton 2025 annual report — appropriation (text-form)
3301533060,2025,4299,Other Public Safety,Public Safety,660262.0,appropriation,UNH Hampton 2025 annual report — appropriation (text-form)
3301533060,2025,4311,Highway Administration,Highways & Streets,1901192.0,appropriation,UNH Hampton 2025 annual report — appropriation (text-form)
3301533060,2025,4312,Highways and Streets,Highways & Streets,53825.0,appropriation,UNH Hampton 2025 annual report — appropriation (text-form)
3301533060,2025,4316,Street Lighting,Highways & Streets,214500.0,appropriation,UNH Hampton 2025 annual report — appropriation (text-form)
3301533060,2025,4321,Sanitation Administration,Sanitation,1848243.0,appropriation,UNH Hampton 2025 annual report — appropriation (text-form)
3301533060,2025,4323,Solid Waste Collection,Sanitation,650642.0,appropriation,UNH Hampton 2025 annual report — appropriation (text-form)
3301533060,2025,4324,Solid Waste Disposal,Sanitation,1812926.0,appropriation,UNH Hampton 2025 annual report — appropriation (text-form)
3301533060,2025,4326,Sewage Collection and Disposal,Sanitation,25997.0,appropriation,UNH Hampton 2025 annual report — appropriation (text-form)
3301533060,2025,4414,Pest Control,Health,168992.0,appropriation,UNH Hampton 2025 annual report — appropriation (text-form)
3301533060,2025,4441,Welfare Administration,Welfare,36820.0,appropriation,UNH Hampton 2025 annual report — appropriation (text-form)
3301533060,2025,4442,Direct Assistance,Welfare,33000.0,appropriation,UNH Hampton 2025 annual report — appropriation (text-form)
3301533060,2025,4520,Parks and Recreation,Culture & Recreation,351962.0,appropriation,UNH Hampton 2025 annual report — appropriation (text-form)
3301533060,2025,4550,Library,Culture & Recreation,1028640.0,appropriation,UNH Hampton 2025 annual report — appropriation (text-form)
3301533060,2025,4583,Patriotic Purposes,Culture & Recreation,2350.0,appropriation,UNH Hampton 2025 annual report — appropriation (text-form)
3301533060,2025,4589,Other Culture and Recreation,Culture & Recreation,500.0,appropriation,UNH Hampton 2025 annual report — appropriation (text-form)
3301533060,2025,4611,Conservation Administation,Conservation & Development,7886.0,appropriation,UNH Hampton 2025 annual report — appropriation (text-form)
3301533060,2025,4711,"Principal - Long Term Bonds, Notes, and Other Debt",Debt Service,2.0,appropriation,UNH Hampton 2025 annual report — appropriation (text-form)
3301533060,2025,4721,"Interest - Long Term Bonds, Notes, and Other Debt",Debt Service,845891.0,appropriation,UNH Hampton 2025 annual report — appropriation (text-form)
3301533060,2025,4723,Interest on Tax and Revenue Anticipation Notes,Debt Service,5000.0,appropriation,UNH Hampton 2025 annual report — appropriation (text-form)
3301533460,2025,4560,Child Nutrition,Culture & Recreation,18123.0,appropriation,UNH Hampton Falls 2025 annual report — appropriation (text-form)
3301533460,2025,4580,Medicaid Distribution,Culture & Recreation,10532.0,appropriation,UNH Hampton Falls 2025 annual report — appropriation (text-form)
3301533460,2025,4999,Other Federal Sources (non-4810),Other,9061.0,appropriation,UNH Hampton Falls 2025 annual report — appropriation (text-form)
3301551380,2025,4130,Executive,General Government,190797.0,appropriation,UNH Newfields 2025 annual report — appropriation (text-form)
3301551380,2025,4140,"Election, Registration, and Vital Statistics",General Government,9331.0,appropriation,UNH Newfields 2025 annual report — appropriation (text-form)
3301551380,2025,4150,Financial Administration,General Government,28394.0,appropriation,UNH Newfields 2025 annual report — appropriation (text-form)
3301551380,2025,4152,Property Assessment,General Government,22424.0,appropriation,UNH Newfields 2025 annual report — appropriation (text-form)
3301551380,2025,4153,Legal Expense,General Government,35015.0,appropriation,UNH Newfields 2025 annual report — appropriation (text-form)
3301551380,2025,4191,Planning and Zoning,General Government,14677.0,appropriation,UNH Newfields 2025 annual report — appropriation (text-form)
3301551380,2025,4194,General Government Buildings,General Government,32921.0,appropriation,UNH Newfields 2025 annual report — appropriation (text-form)
3301551380,2025,4195,Cemeteries,General Government,22894.0,appropriation,UNH Newfields 2025 annual report — appropriation (text-form)
3301551380,2025,4196,Insurance Not Otherwise Allocated,General Government,44704.0,appropriation,UNH Newfields 2025 annual report — appropriation (text-form)
3301551380,2025,4197,Advertising and Regional Associations,General Government,4154.0,appropriation,UNH Newfields 2025 annual report — appropriation (text-form)
3301551380,2025,4199,Other General Government,General Government,38083.0,appropriation,UNH Newfields 2025 annual report — appropriation (text-form)
3301551380,2025,4210,Police,Public Safety,804879.0,appropriation,UNH Newfields 2025 annual report — appropriation (text-form)
3301551380,2025,4215,Ambulances,Public Safety,5552.0,appropriation,UNH Newfields 2025 annual report — appropriation (text-form)
3301551380,2025,4220,Fire,Public Safety,160937.0,appropriation,UNH Newfields 2025 annual report — appropriation (text-form)
3301551380,2025,4240,Building Inspection,Public Safety,25039.0,appropriation,UNH Newfields 2025 annual report — appropriation (text-form)
3301551380,2025,4290,Emergency Management,Public Safety,12104.0,appropriation,UNH Newfields 2025 annual report — appropriation (text-form)
3301551380,2025,4312,Highways and Streets,Highways & Streets,404672.0,appropriation,UNH Newfields 2025 annual report — appropriation (text-form)
3301551380,2025,4316,Street Lighting,Highways & Streets,5446.0,appropriation,UNH Newfields 2025 annual report — appropriation (text-form)
3301551380,2025,4321,Sanitation Administration,Sanitation,48372.0,appropriation,UNH Newfields 2025 annual report — appropriation (text-form)
3301551380,2025,4323,Solid Waste Collection,Sanitation,80813.0,appropriation,UNH Newfields 2025 annual report — appropriation (text-form)
3301551380,2025,4324,Solid Waste Disposal,Sanitation,44464.0,appropriation,UNH Newfields 2025 annual report — appropriation (text-form)
3301551380,2025,4325,Solid Waste Facilities Clean-Up,Sanitation,1350.0,appropriation,UNH Newfields 2025 annual report — appropriation (text-form)
3301551380,2025,4329,Other Sanitation,Sanitation,6533.0,appropriation,UNH Newfields 2025 annual report — appropriation (text-form)
3301551380,2025,4415,Health Agencies and Hospitals,Health,3000.0,appropriation,UNH Newfields 2025 annual report — appropriation (text-form)
3301551380,2025,4441,Welfare Administration,Welfare,3621.0,appropriation,UNH Newfields 2025 annual report — appropriation (text-form)
3301551380,2025,4520,Parks and Recreation,Culture & Recreation,2600.0,appropriation,UNH Newfields 2025 annual report — appropriation (text-form)
3301551380,2025,4550,Library,Culture & Recreation,76392.0,appropriation,UNH Newfields 2025 annual report — appropriation (text-form)
3301551380,2025,4589,Other Culture and Recreation,Culture & Recreation,15902.0,appropriation,UNH Newfields 2025 annual report — appropriation (text-form)
3301551380,2025,4611,Conservation Administation,Conservation & Development,7375.0,appropriation,UNH Newfields 2025 annual report — appropriation (text-form)
3301551380,2025,4915,To Capital Reserve Funds,Operating Transfers,50000.0,appropriation,UNH Newfields 2025 annual report — appropriation (text-form)
3301551380,2025,4916,To Expendable Trusts,Operating Transfers,50000.0,appropriation,UNH Newfields 2025 annual report — appropriation (text-form)
3301551380,2025,4299,Other Public Safety,Public Safety,1.0,appropriation,UNH Newfields 2025 annual report — appropriation (text-form)
3301551380,2025,4583,Patriotic Purposes,Culture & Recreation,500.0,appropriation,UNH Newfields 2025 annual report — appropriation (text-form)
3301551380,2025,4619,Other Conservation,Conservation & Development,5.0,appropriation,UNH Newfields 2025 annual report — appropriation (text-form)
3301551380,2025,4711,"Principal - Long Term Bonds, Notes, and Other Debt",Debt Service,60000.0,appropriation,UNH Newfields 2025 annual report — appropriation (text-form)
3301551380,2025,4721,"Interest - Long Term Bonds, Notes, and Other Debt",Debt Service,3200.0,appropriation,UNH Newfields 2025 annual report — appropriation (text-form)
3301567620,2024,4130,Execut-ive ---- ------·-···-··,General Government,371138.0,appropriation,UNH Sandown 2024 annual report — appropriation (text-form)
3301567620,2024,4140,"Election, Registration, and Vital Statistics",General Government,121479.0,appropriation,UNH Sandown 2024 annual report — appropriation (text-form)
3301567620,2024,4150,Financial Administration,General Government,280459.0,appropriation,UNH Sandown 2024 annual report — appropriation (text-form)
3301567620,2024,4155,Personnel Administration,General Government,816079.0,appropriation,UNH Sandown 2024 annual report — appropriation (text-form)
3301567620,2024,4191,Planning and Zoning,General Government,23803.0,appropriation,UNH Sandown 2024 annual report — appropriation (text-form)
3301567620,2024,4194,General Government Buildings,General Government,104173.0,appropriation,UNH Sandown 2024 annual report — appropriation (text-form)
3301567620,2024,4195,Cemeteries,General Government,4368.0,appropriation,UNH Sandown 2024 annual report — appropriation (text-form)
3301567620,2024,4196,Insurance Not otherwise Allocated,General Government,135231.0,appropriation,UNH Sandown 2024 annual report — appropriation (text-form)
3301567620,2024,4199,Other General Governme-nt ----------02 --·,General Government,517.0,appropriation,UNH Sandown 2024 annual report — appropriation (text-form)
3301567620,2024,4210,Police,Public Safety,772139.0,appropriation,UNH Sandown 2024 annual report — appropriation (text-form)
3301567620,2024,4215,Ambulances,Public Safety,197755.0,appropriation,UNH Sandown 2024 annual report — appropriation (text-form)
3301567620,2024,4220,Fire,Public Safety,306657.0,appropriation,UNH Sandown 2024 annual report — appropriation (text-form)
3301567620,2024,4240,Building Inspection,Public Safety,66006.0,appropriation,UNH Sandown 2024 annual report — appropriation (text-form)
3301567620,2024,4312,Highways and Streets,Highways & Streets,913718.0,appropriation,UNH Sandown 2024 annual report — appropriation (text-form)
3301567620,2024,4321,Sanitation Administration,Sanitation,558300.0,appropriation,UNH Sandown 2024 annual report — appropriation (text-form)
3301567620,2024,4325,Solid Waste Facilities Clean-Up,Sanitation,2714.0,appropriation,UNH Sandown 2024 annual report — appropriation (text-form)
3301567620,2024,4326,Sewage Collection and Disposal,Sanitation,96684.0,appropriation,UNH Sandown 2024 annual report — appropriation (text-form)
3301567620,2024,4411,Health Administration,Health,4552.0,appropriation,UNH Sandown 2024 annual report — appropriation (text-form)
3301567620,2024,4415,Health Agencies and Hospitals,Health,19393.0,appropriation,UNH Sandown 2024 annual report — appropriation (text-form)
3301567620,2024,4449,Other Welfare,Welfare,7556.0,appropriation,UNH Sandown 2024 annual report — appropriation (text-form)
3301567620,2024,4550,Library,Culture & Recreation,356024.0,appropriation,UNH Sandown 2024 annual report — appropriation (text-form)
3301567620,2024,4619,Other Conservation,Conservation & Development,6161.0,appropriation,UNH Sandown 2024 annual report — appropriation (text-form)
3301567620,2024,4721,"Interest -Long- Te-rm -Bon-ds,- No-tes,- an-d O-the-r De-bt --02 ------",Debt Service,6.0,appropriation,UNH Sandown 2024 annual report — appropriation (text-form)
3301567620,2024,4915,To Capital Reserve Funds,Operating Transfers,592000.0,appropriation,UNH Sandown 2024 annual report — appropriation (text-form)
3301567620,2024,4916,To Expendable Trusts,Operating Transfers,7400.0,appropriation,UNH Sandown 2024 annual report — appropriation (text-form)
3301567620,2024,4311,Highway Administration,Highways & Streets,9590.0,appropriation,UNH Sandown 2024 annual report — appropriation (text-form)
3301567620,2024,4723,Interest on Tax and Revenue Anticipation Notes,Debt Service,5000.0,appropriation,UNH Sandown 2024 annual report — appropriation (text-form)
3301574340,2025,4130,Executive,General Government,224673.0,appropriation,UNH Stratham 2025 annual report — appropriation (text-form)
3301574340,2025,4140,"Election, Registration, and Vital Statistics",General Government,9532.0,appropriation,UNH Stratham 2025 annual report — appropriation (text-form)
3301574340,2025,4150,Financial Administration,General Government,590374.0,appropriation,UNH Stratham 2025 annual report — appropriation (text-form)
3301574340,2025,4155,Personnel Administration,General Government,1247162.0,appropriation,UNH Stratham 2025 annual report — appropriation (text-form)
3301574340,2025,4195,Cemeteries,General Government,36850.0,appropriation,UNH Stratham 2025 annual report — appropriation (text-form)
3301574340,2025,4196,Insurance Not Otherwise Allocated,General Government,149097.0,appropriation,UNH Stratham 2025 annual report — appropriation (text-form)
3301574340,2025,4199,Other General Government,General Government,36968.0,appropriation,UNH Stratham 2025 annual report — appropriation (text-form)
3301574340,2025,4210,Police,Public Safety,1422052.0,appropriation,UNH Stratham 2025 annual report — appropriation (text-form)
3301574340,2025,4312,and Streets,Highways & Streets,735251.0,appropriation,UNH Stratham 2025 annual report — appropriation (text-form)
3301574340,2025,4316,Street,Highways & Streets,7989.0,appropriation,UNH Stratham 2025 annual report — appropriation (text-form)
3301574340,2025,4323,Solid Waste Collection,Sanitation,1109791.0,appropriation,UNH Stratham 2025 annual report — appropriation (text-form)
3301574340,2025,4414,Pest Control,Health,50600.0,appropriation,UNH Stratham 2025 annual report — appropriation (text-form)
3301574340,2025,4415,Health Agencies and Hospitals,Health,38400.0,appropriation,UNH Stratham 2025 annual report — appropriation (text-form)
3301574340,2025,4441,Welfare Administration,Welfare,17017.0,appropriation,UNH Stratham 2025 annual report — appropriation (text-form)
3301574340,2025,4520,Parks and Recreation,Culture & Recreation,409338.0,appropriation,UNH Stratham 2025 annual report — appropriation (text-form)
3301574340,2025,4550,Library,Culture & Recreation,559560.0,appropriation,UNH Stratham 2025 annual report — appropriation (text-form)
3301574340,2025,4583,Patriotic Purposes,Culture & Recreation,2142.0,appropriation,UNH Stratham 2025 annual report — appropriation (text-form)
3301574340,2025,4611,Conservation Administration,Conservation & Development,938.0,appropriation,UNH Stratham 2025 annual report — appropriation (text-form)
3301574340,2025,4619,other Conservation,Conservation & Development,3808.0,appropriation,UNH Stratham 2025 annual report — appropriation (text-form)
3301574340,2025,4659,Other Economic Development,Conservation & Development,300.0,appropriation,UNH Stratham 2025 annual report — appropriation (text-form)
3301574340,2025,4902,"Machinery, Vehicles, and Equipment",Capital Outlay,41801.0,appropriation,UNH Stratham 2025 annual report — appropriation (text-form)
3301574340,2025,4903,Buildings,Capital Outlay,47373.0,appropriation,UNH Stratham 2025 annual report — appropriation (text-form)
3301574340,2025,4909,Improvements other than Buildings,Capital Outlay,459746.0,appropriation,UNH Stratham 2025 annual report — appropriation (text-form)
3301574340,2025,4139,Executive,General Government,256790.0,appropriation,UNH Stratham 2025 annual report — appropriation (text-form)
3301574340,2025,4560,Child Nutrition,Culture & Recreation,48299.0,appropriation,UNH Stratham 2025 annual report — appropriation (text-form)
3301574340,2025,4580,Medicaid Distribution,Culture & Recreation,77443.0,appropriation,UNH Stratham 2025 annual report — appropriation (text-form)
3301585780,2024,4130,Executive,General Government,2183.0,appropriation,UNH Windham 2024 annual report — appropriation (text-form)
3301585780,2024,4140,"Election, Registration, and Vital Statistics",General Government,345642.0,appropriation,UNH Windham 2024 annual report — appropriation (text-form)
3301585780,2024,4150,Financial Administration,General Government,1398607.0,appropriation,UNH Windham 2024 annual report — appropriation (text-form)
3301585780,2024,4152,Property Assessment,General Government,179802.0,appropriation,UNH Windham 2024 annual report — appropriation (text-form)
3301585780,2024,4153,Legal Expense,General Government,191452.0,appropriation,UNH Windham 2024 annual report — appropriation (text-form)
3301585780,2024,4191,Planning and Zoning,General Government,581938.0,appropriation,UNH Windham 2024 annual report — appropriation (text-form)
3301585780,2024,4194,General Government Buildings,General Government,501904.0,appropriation,UNH Windham 2024 annual report — appropriation (text-form)
3301585780,2024,4195,Cemeteries,General Government,23949.0,appropriation,UNH Windham 2024 annual report — appropriation (text-form)
3301585780,2024,4196,Insurance Not Otherwise Allocated,General Government,2220059.0,appropriation,UNH Windham 2024 annual report — appropriation (text-form)
3301585780,2024,4210,Police,Public Safety,3495172.0,appropriation,UNH Windham 2024 annual report — appropriation (text-form)
3301585780,2024,4220,Fire,Public Safety,3955812.0,appropriation,UNH Windham 2024 annual report — appropriation (text-form)
3301585780,2024,4290,Emergency Management,Public Safety,5316.0,appropriation,UNH Windham 2024 annual report — appropriation (text-form)
3301585780,2024,4299,Other Public Safety,Public Safety,519403.0,appropriation,UNH Windham 2024 annual report — appropriation (text-form)
3301585780,2024,4312,Highways and Streets,Highways & Streets,1724094.0,appropriation,UNH Windham 2024 annual report — appropriation (text-form)
3301585780,2024,4316,Street Lighting,Highways & Streets,15239.0,appropriation,UNH Windham 2024 annual report — appropriation (text-form)
3301585780,2024,4324,Solid Waste Disposal,Sanitation,1327394.0,appropriation,UNH Windham 2024 annual report — appropriation (text-form)
3301585780,2024,4415,Health Agencies and Hospitals,Health,50003.0,appropriation,UNH Windham 2024 annual report — appropriation (text-form)
3301585780,2024,4441,Welfare Administration,Welfare,20264.0,appropriation,UNH Windham 2024 annual report — appropriation (text-form)
3301585780,2024,4520,Parks and Recreation,Culture & Recreation,254695.0,appropriation,UNH Windham 2024 annual report — appropriation (text-form)
3301585780,2024,4550,Library,Culture & Recreation,1200586.0,appropriation,UNH Windham 2024 annual report — appropriation (text-form)
3301585780,2024,4589,Other Culture and Recreation,Culture & Recreation,117216.0,appropriation,UNH Windham 2024 annual report — appropriation (text-form)
3301585780,2024,4619,Other Conservation,Conservation & Development,8101.0,appropriation,UNH Windham 2024 annual report — appropriation (text-form)
3301585780,2024,4902,"Machinery, Vehicles, and Equipment",Capital Outlay,221951.0,appropriation,UNH Windham 2024 annual report — appropriation (text-form)
3301585780,2024,4903,Buildings,Capital Outlay,144874.0,appropriation,UNH Windham 2024 annual report — appropriation (text-form)
3301585780,2024,4909,Improvements Other than Buildings,Capital Outlay,169106.0,appropriation,UNH Windham 2024 annual report — appropriation (text-form)
3301703460,2025,4130,Executive,General Government,356053.0,appropriation,UNH Barrington 2025 annual report — appropriation (text-form)
3301703460,2025,4150,Financial Administration,General Government,754725.0,appropriation,UNH Barrington 2025 annual report — appropriation (text-form)
3301703460,2025,4152,Property Assessment,General Government,19500.0,appropriation,UNH Barrington 2025 annual report — appropriation (text-form)
3301703460,2025,4153,Legal Expense,General Government,46043.0,appropriation,UNH Barrington 2025 annual report — appropriation (text-form)
3301703460,2025,4155,Personnel Administration,General Government,12483.0,appropriation,UNH Barrington 2025 annual report — appropriation (text-form)
3301703460,2025,4191,Planning and Zoning,General Government,238999.0,appropriation,UNH Barrington 2025 annual report — appropriation (text-form)
3301703460,2025,4195,Cemeteries,General Government,16540.0,appropriation,UNH Barrington 2025 annual report — appropriation (text-form)
3301703460,2025,4210,Police,Public Safety,1900290.0,appropriation,UNH Barrington 2025 annual report — appropriation (text-form)
3301703460,2025,4220,Fire,Public Safety,1062031.0,appropriation,UNH Barrington 2025 annual report — appropriation (text-form)
3301703460,2025,4240,Building Inspection,Public Safety,274739.0,appropriation,UNH Barrington 2025 annual report — appropriation (text-form)
3301703460,2025,4311,Highway Administration,Highways & Streets,1124636.0,appropriation,UNH Barrington 2025 annual report — appropriation (text-form)
3301703460,2025,4312,Highways and Streets,Highways & Streets,1263988.0,appropriation,UNH Barrington 2025 annual report — appropriation (text-form)
3301703460,2025,4313,Bridges,Highways & Streets,9518.0,appropriation,UNH Barrington 2025 annual report — appropriation (text-form)
3301703460,2025,4321,Sanitation Administration,Sanitation,198238.0,appropriation,UNH Barrington 2025 annual report — appropriation (text-form)
3301703460,2025,4324,Solid Waste Disposal,Sanitation,212199.0,appropriation,UNH Barrington 2025 annual report — appropriation (text-form)
3301703460,2025,4339,Other Water,Water Distribution,2500.0,appropriation,UNH Barrington 2025 annual report — appropriation (text-form)
3301703460,2025,4415,Health Agencies and Hospitals,Health,16571.0,appropriation,UNH Barrington 2025 annual report — appropriation (text-form)
3301703460,2025,4441,Welfare Administration,Welfare,49.0,appropriation,UNH Barrington 2025 annual report — appropriation (text-form)
3301703460,2025,4444,Intergovernmental Welfare Payments,Welfare,20313.0,appropriation,UNH Barrington 2025 annual report — appropriation (text-form)
3301703460,2025,4449,Other Welfare,Welfare,7906.0,appropriation,UNH Barrington 2025 annual report — appropriation (text-form)
3301703460,2025,4520,Parks and Recreation,Culture & Recreation,166637.0,appropriation,UNH Barrington 2025 annual report — appropriation (text-form)
3301703460,2025,4550,Library,Culture & Recreation,448743.0,appropriation,UNH Barrington 2025 annual report — appropriation (text-form)
3301703460,2025,4140,"Election, Registration, and Vital Statistics",General Government,318683.0,appropriation,UNH Barrington 2025 annual report — appropriation (text-form)
3301703460,2025,4194,General Government Buildings,General Government,502303.0,appropriation,UNH Barrington 2025 annual report — appropriation (text-form)
3301703460,2025,4196,Insurance Not Otherwise Allocated,General Government,91188.0,appropriation,UNH Barrington 2025 annual report — appropriation (text-form)
3301703460,2025,4197,Advertising and Regional Associations,General Government,9478.0,appropriation,UNH Barrington 2025 annual report — appropriation (text-form)
3301703460,2025,4338,Water Conservation,Water Distribution,12800.0,appropriation,UNH Barrington 2025 annual report — appropriation (text-form)
3301703460,2025,4583,Patriotic Purposes,Culture & Recreation,1.0,appropriation,UNH Barrington 2025 annual report — appropriation (text-form)
3301726020,2025,4130,Executive,General Government,336151.0,appropriation,UNH Farmington 2025 annual report — appropriation (text-form)
3301726020,2025,4140,"Election, Registration, and Vital Statistics",General Government,246418.0,appropriation,UNH Farmington 2025 annual report — appropriation (text-form)
3301726020,2025,4150,Financial Administration,General Government,185840.0,appropriation,UNH Farmington 2025 annual report — appropriation (text-form)
3301726020,2025,4152,Property Assessment,General Government,25001.0,appropriation,UNH Farmington 2025 annual report — appropriation (text-form)
3301726020,2025,4153,Legal Expense,General Government,100000.0,appropriation,UNH Farmington 2025 annual report — appropriation (text-form)
3301726020,2025,4155,Personnel Administration,General Government,125558.0,appropriation,UNH Farmington 2025 annual report — appropriation (text-form)
3301726020,2025,4191,Planning and Zoning,General Government,125633.0,appropriation,UNH Farmington 2025 annual report — appropriation (text-form)
3301726020,2025,4194,General Government Buildings,General Government,162672.0,appropriation,UNH Farmington 2025 annual report — appropriation (text-form)
3301726020,2025,4196,Insurance Not Otherwise Allocated,General Government,267397.0,appropriation,UNH Farmington 2025 annual report — appropriation (text-form)
3301726020,2025,4199,Other General Government,General Government,60000.0,appropriation,UNH Farmington 2025 annual report — appropriation (text-form)
3301726020,2025,4210,Police,Public Safety,2149149.0,appropriation,UNH Farmington 2025 annual report — appropriation (text-form)
3301726020,2025,4220,Fire,Public Safety,1303293.0,appropriation,UNH Farmington 2025 annual report — appropriation (text-form)
3301726020,2025,4240,Building Inspection,Public Safety,149390.0,appropriation,UNH Farmington 2025 annual report — appropriation (text-form)
3301726020,2025,4290,Emergency Management,Public Safety,12502.0,appropriation,UNH Farmington 2025 annual report — appropriation (text-form)
3301726020,2025,4311,Highway Administration,Highways & Streets,795333.0,appropriation,UNH Farmington 2025 annual report — appropriation (text-form)
3301726020,2025,4312,Highways and Streets,Highways & Streets,993301.0,appropriation,UNH Farmington 2025 annual report — appropriation (text-form)
3301726020,2025,4313,Bridges,Highways & Streets,15000.0,appropriation,UNH Farmington 2025 annual report — appropriation (text-form)
3301726020,2025,4316,Street Lighting,Highways & Streets,18500.0,appropriation,UNH Farmington 2025 annual report — appropriation (text-form)
3301726020,2025,4321,Sanitation Administration,Sanitation,203376.0,appropriation,UNH Farmington 2025 annual report — appropriation (text-form)
3301726020,2025,4324,Solid Waste Disposal,Sanitation,276000.0,appropriation,UNH Farmington 2025 annual report — appropriation (text-form)
3301726020,2025,4332,Water Services,Water Distribution,3500.0,appropriation,UNH Farmington 2025 annual report — appropriation (text-form)
3301726020,2025,4414,Pest Control,Health,1900.0,appropriation,UNH Farmington 2025 annual report — appropriation (text-form)
3301726020,2025,4415,Health Agencies and Hospitals,Health,7268.0,appropriation,UNH Farmington 2025 annual report — appropriation (text-form)
3301726020,2025,4441,Welfare Administration,Welfare,41083.0,appropriation,UNH Farmington 2025 annual report — appropriation (text-form)
3301726020,2025,4449,Other Welfare,Welfare,70000.0,appropriation,UNH Farmington 2025 annual report — appropriation (text-form)
3301726020,2025,4520,Parks and Recreation,Culture & Recreation,197908.0,appropriation,UNH Farmington 2025 annual report — appropriation (text-form)
3301726020,2025,4550,Library,Culture & Recreation,356420.0,appropriation,UNH Farmington 2025 annual report — appropriation (text-form)
3301726020,2025,4583,Patriotic Purposes,Culture & Recreation,1000.0,appropriation,UNH Farmington 2025 annual report — appropriation (text-form)
3301726020,2025,4611,Conservation Administation,Conservation & Development,2095.0,appropriation,UNH Farmington 2025 annual report — appropriation (text-form)
3301726020,2025,4659,Other Economic Development,Conservation & Development,47592.0,appropriation,UNH Farmington 2025 annual report — appropriation (text-form)
3301726020,2025,4711,"Principal - Long Term Bonds, Notes, and Other Debt",Debt Service,418695.0,appropriation,UNH Farmington 2025 annual report — appropriation (text-form)
3301726020,2025,4721,"Interest - Long Term Bonds, Notes, and Other Debt",Debt Service,139148.0,appropriation,UNH Farmington 2025 annual report — appropriation (text-form)
3301726020,2025,4790,Other Debt Service Charges,Debt Service,1.0,appropriation,UNH Farmington 2025 annual report — appropriation (text-form)
3301726020,2025,4915,To Capital Reserve Funds,Operating Transfers,810000.0,appropriation,UNH Farmington 2025 annual report — appropriation (text-form)
3301726020,2025,4916,To Expendable Trusts,Operating Transfers,342500.0,appropriation,UNH Farmington 2025 annual report — appropriation (text-form)
3301744820,2025,4130,Executive,General Government,84337.0,appropriation,UNH Madbury 2025 annual report — appropriation (text-form)
3301751220,2025,4130,Executive,General Government,235849.0,appropriation,UNH New Durham 2025 annual report — appropriation (text-form)
3301751220,2025,4140,"Election, Registration, and Vital Statistics",General Government,111852.0,appropriation,UNH New Durham 2025 annual report — appropriation (text-form)
3301751220,2025,4150,Financial Administration,General Government,186001.0,appropriation,UNH New Durham 2025 annual report — appropriation (text-form)
3301751220,2025,4152,Property Assessment,General Government,90392.0,appropriation,UNH New Durham 2025 annual report — appropriation (text-form)
3301751220,2025,4153,Legal Expense,General Government,30000.0,appropriation,UNH New Durham 2025 annual report — appropriation (text-form)
3301751220,2025,4155,Personnel Administration,General Government,140703.0,appropriation,UNH New Durham 2025 annual report — appropriation (text-form)
3301751220,2025,4191,Planning and Zoning,General Government,18131.0,appropriation,UNH New Durham 2025 annual report — appropriation (text-form)
3301751220,2025,4194,General Government Buildings,General Government,38719.0,appropriation,UNH New Durham 2025 annual report — appropriation (text-form)
3301751220,2025,4195,Cemeteries,General Government,9285.0,appropriation,UNH New Durham 2025 annual report — appropriation (text-form)
3301751220,2025,4196,Insurance Not Otherwise Allocated,General Government,80285.0,appropriation,UNH New Durham 2025 annual report — appropriation (text-form)
3301751220,2025,4199,Other General Government,General Government,8003.0,appropriation,UNH New Durham 2025 annual report — appropriation (text-form)
3301751220,2025,4210,Police,Public Safety,805428.0,appropriation,UNH New Durham 2025 annual report — appropriation (text-form)
3301751220,2025,4220,Fire,Public Safety,364145.0,appropriation,UNH New Durham 2025 annual report — appropriation (text-form)
3301751220,2025,4240,Building Inspection,Public Safety,87364.0,appropriation,UNH New Durham 2025 annual report — appropriation (text-form)
3301751220,2025,4290,Emergency Management,Public Safety,19931.0,appropriation,UNH New Durham 2025 annual report — appropriation (text-form)
3301751220,2025,4312,Highways and Streets,Highways & Streets,1226951.0,appropriation,UNH New Durham 2025 annual report — appropriation (text-form)
3301751220,2025,4324,Solid Waste Disposal,Sanitation,458459.0,appropriation,UNH New Durham 2025 annual report — appropriation (text-form)
3301751220,2025,4411,Health Administration,Health,2864.0,appropriation,UNH New Durham 2025 annual report — appropriation (text-form)
3301751220,2025,4415,Health Agencies and Hospitals,Health,7806.0,appropriation,UNH New Durham 2025 annual report — appropriation (text-form)
3301751220,2025,4441,Welfare Administration,Welfare,23586.0,appropriation,UNH New Durham 2025 annual report — appropriation (text-form)
3301751220,2025,4520,Parks and Recreation,Culture & Recreation,98121.0,appropriation,UNH New Durham 2025 annual report — appropriation (text-form)
3301751220,2025,4550,Library,Culture & Recreation,174875.0,appropriation,UNH New Durham 2025 annual report — appropriation (text-form)
3301751220,2025,4583,Patriotic Purposes,Culture & Recreation,556.0,appropriation,UNH New Durham 2025 annual report — appropriation (text-form)
3301751220,2025,4589,Other Culture and Recreation,Culture & Recreation,7052.0,appropriation,UNH New Durham 2025 annual report — appropriation (text-form)
3301751220,2025,4611,Conservation Administation,Conservation & Development,1477.0,appropriation,UNH New Durham 2025 annual report — appropriation (text-form)
3301751220,2025,4721,"Interest - Long Term Bonds, Notes, and Other Debt",Debt Service,1.0,appropriation,UNH New Durham 2025 annual report — appropriation (text-form)
3301751220,2025,4723,Interest on Tax and Revenue Anticipation Notes,Debt Service,2.0,appropriation,UNH New Durham 2025 annual report — appropriation (text-form)
3301751220,2025,4909,Improvements Other than Buildings,Capital Outlay,560000.0,appropriation,UNH New Durham 2025 annual report — appropriation (text-form)
3301751220,2025,4915,To Capital Reserve Funds,Operating Transfers,710928.0,appropriation,UNH New Durham 2025 annual report — appropriation (text-form)
3301751220,2025,4916,To Expendable Trusts,Operating Transfers,155000.0,appropriation,UNH New Durham 2025 annual report — appropriation (text-form)
3301751220,2025,4711,"Principal - Long Term Bonds, Notes, and Other Debt",Debt Service,10000.0,appropriation,UNH New Durham 2025 annual report — appropriation (text-form)
3301751220,2025,4197,Advertising and Regional Associations,General Government,800.0,appropriation,UNH New Durham 2025 annual report — appropriation (text-form)
3301751220,2025,4359,Other Electric Costs,Electric,220.0,appropriation,UNH New Durham 2025 annual report — appropriation (text-form)
3301751220,2025,4903,Buildings,Capital Outlay,200.0,appropriation,UNH New Durham 2025 annual report — appropriation (text-form)
3301751220,2025,4319,"Other Highway, Streets, and Bridges",Highways & Streets,2000.0,appropriation,UNH New Durham 2025 annual report — appropriation (text-form)
3301773860,2024,4139,Executive,General Government,99970.0,appropriation,UNH Strafford 2024 annual report — appropriation (text-form)
3301773860,2024,4149,"Election, Registration, and Vital Statistics",General Government,69478.0,appropriation,UNH Strafford 2024 annual report — appropriation (text-form)
3301773860,2024,4151,Financial Administration,General Government,102386.0,appropriation,UNH Strafford 2024 annual report — appropriation (text-form)
3301773860,2024,4152,Revaluation of Property,General Government,37758.0,appropriation,UNH Strafford 2024 annual report — appropriation (text-form)
3301773860,2024,4153,Legal Expense,General Government,17565.0,appropriation,UNH Strafford 2024 annual report — appropriation (text-form)
3301773860,2024,4159,Personnel Administration,General Government,41876.0,appropriation,UNH Strafford 2024 annual report — appropriation (text-form)
3301773860,2024,4193,Planning and Zoning,General Government,45473.0,appropriation,UNH Strafford 2024 annual report — appropriation (text-form)
3301773860,2024,4194,General Government Buildings,General Government,54117.0,appropriation,UNH Strafford 2024 annual report — appropriation (text-form)
3301773860,2024,4195,Cemeteries,General Government,9000.0,appropriation,UNH Strafford 2024 annual report — appropriation (text-form)
3301773860,2024,4196,Insurance,General Government,69148.0,appropriation,UNH Strafford 2024 annual report — appropriation (text-form)
3301773860,2024,4197,Advertising and Regional Association,General Government,9927.0,appropriation,UNH Strafford 2024 annual report — appropriation (text-form)
3301773860,2024,4199,Other General Government,General Government,6312.0,appropriation,UNH Strafford 2024 annual report — appropriation (text-form)
3301773860,2024,4214,Police,Public Safety,865030.0,appropriation,UNH Strafford 2024 annual report — appropriation (text-form)
3301773860,2024,4229,Fire,Public Safety,977003.0,appropriation,UNH Strafford 2024 annual report — appropriation (text-form)
3301773860,2024,4249,Building Inspection,Public Safety,35090.0,appropriation,UNH Strafford 2024 annual report — appropriation (text-form)
3301773860,2024,4298,Emergency Management,Public Safety,5000.0,appropriation,UNH Strafford 2024 annual report — appropriation (text-form)
3301773860,2024,4311,Administration,Highways & Streets,721658.0,appropriation,UNH Strafford 2024 annual report — appropriation (text-form)
3301773860,2024,4316,Street Lighting,Highways & Streets,4533.0,appropriation,UNH Strafford 2024 annual report — appropriation (text-form)
3301773860,2024,4321,Administration,Sanitation,325698.0,appropriation,UNH Strafford 2024 annual report — appropriation (text-form)
3301773860,2024,4414,Pest Control,Health,1371.0,appropriation,UNH Strafford 2024 annual report — appropriation (text-form)
3301773860,2024,4419,"Health Agencies, Hospitals, and Other",Health,3991.0,appropriation,UNH Strafford 2024 annual report — appropriation (text-form)
3301773860,2024,4442,Administration and Direct Assistance,Welfare,1775.0,appropriation,UNH Strafford 2024 annual report — appropriation (text-form)
3301773860,2024,4449,Vendor Payments and Other,Welfare,11192.0,appropriation,UNH Strafford 2024 annual report — appropriation (text-form)
3301773860,2024,4529,Parks and Recreation,Culture & Recreation,5701.0,appropriation,UNH Strafford 2024 annual report — appropriation (text-form)
3301773860,2024,4559,Library,Culture & Recreation,156769.0,appropriation,UNH Strafford 2024 annual report — appropriation (text-form)
3301773860,2024,4583,Patriotic Purposes,Culture & Recreation,10698.0,appropriation,UNH Strafford 2024 annual report — appropriation (text-form)
3301773860,2024,4902,"Machinery, Vehicles, and Equipment",Capital Outlay,293073.0,appropriation,UNH Strafford 2024 annual report — appropriation (text-form)
3301773860,2024,4903,Buildings,Capital Outlay,25527.0,appropriation,UNH Strafford 2024 annual report — appropriation (text-form)
3301773860,2024,4909,Improvements Other than Buildings,Capital Outlay,432600.0,appropriation,UNH Strafford 2024 annual report — appropriation (text-form)
3301773860,2024,4915,To Capital Reserve Fund,Operating Transfers,25000.0,appropriation,UNH Strafford 2024 annual report — appropriation (text-form)
3301773860,2024,4612,Admin & Purchase of Natural Resources,Conservation & Development,2500.0,appropriation,UNH Strafford 2024 annual report — appropriation (text-form)
3301773860,2024,4723,Int. on Tax Anticipation Note,Debt Service,2000.0,appropriation,UNH Strafford 2024 annual report — appropriation (text-form)
3301916340,2024,4130,Executive,General Government,56691.0,appropriation,UNH Croydon 2024 annual report — appropriation (text-form)
3301916340,2024,4140,"Election, Registration, and Vital Statistics",General Government,765.0,appropriation,UNH Croydon 2024 annual report — appropriation (text-form)
3301916340,2024,4150,Financial Administration,General Government,19560.0,appropriation,UNH Croydon 2024 annual report — appropriation (text-form)
3301916340,2024,4152,Property Assessment,General Government,15481.0,appropriation,UNH Croydon 2024 annual report — appropriation (text-form)
3301916340,2024,4153,Legal Expense,General Government,20537.0,appropriation,UNH Croydon 2024 annual report — appropriation (text-form)
3301916340,2024,4155,Personnel Administration,General Government,38397.0,appropriation,UNH Croydon 2024 annual report — appropriation (text-form)
3301916340,2024,4191,Planning and Zoning,General Government,2872.0,appropriation,UNH Croydon 2024 annual report — appropriation (text-form)
3301916340,2024,4194,General Government Buildings,General Government,37732.0,appropriation,UNH Croydon 2024 annual report — appropriation (text-form)
3301916340,2024,4195,Cemeteries,General Government,8000.0,appropriation,UNH Croydon 2024 annual report — appropriation (text-form)
3301916340,2024,4215,Ambulances,Public Safety,36542.0,appropriation,UNH Croydon 2024 annual report — appropriation (text-form)
3301916340,2024,4299,Other Public Safety,Public Safety,14683.0,appropriation,UNH Croydon 2024 annual report — appropriation (text-form)
3301916340,2024,4312,Highways and Streets,Highways & Streets,290973.0,appropriation,UNH Croydon 2024 annual report — appropriation (text-form)
3301916340,2024,4316,Street Lighting,Highways & Streets,2155.0,appropriation,UNH Croydon 2024 annual report — appropriation (text-form)
3301916340,2024,4323,Solid Waste Collection,Sanitation,70407.0,appropriation,UNH Croydon 2024 annual report — appropriation (text-form)
3301916340,2024,4411,Health Administration,Health,45.0,appropriation,UNH Croydon 2024 annual report — appropriation (text-form)
3301916340,2024,4445,Vendor Payments,Welfare,5006.0,appropriation,UNH Croydon 2024 annual report — appropriation (text-form)
3301916340,2024,4210,Police,Public Safety,50000.0,appropriation,UNH Croydon 2024 annual report — appropriation (text-form)
3301916340,2024,4902,"Machinery, Vehicles, and Equipment",Capital Outlay,25368.0,appropriation,UNH Croydon 2024 annual report — appropriation (text-form)
3301916340,2024,4903,Buildings,Capital Outlay,13000.0,appropriation,UNH Croydon 2024 annual report — appropriation (text-form)
3301916340,2024,4915,To Capital Reserve Funds,Operating Transfers,5000.0,appropriation,UNH Croydon 2024 annual report — appropriation (text-form)
3301916340,2024,4539,Federal Program Grants,Culture & Recreation,84914.0,appropriation,UNH Croydon 2024 annual report — appropriation (text-form)
3301916340,2024,4570,Disabilities Programs,Culture & Recreation,13156.0,appropriation,UNH Croydon 2024 annual report — appropriation (text-form)
3301941700,2025,4130,Executive,General Government,91617.0,appropriation,UNH Lempster 2025 annual report — appropriation (text-form)
3301941700,2025,4140,"Election, Registration, and Vital Statistics",General Government,62766.0,appropriation,UNH Lempster 2025 annual report — appropriation (text-form)
3301941700,2025,4150,Financial Administration,General Government,15427.0,appropriation,UNH Lempster 2025 annual report — appropriation (text-form)
3301941700,2025,4152,Property Assessment,General Government,37949.0,appropriation,UNH Lempster 2025 annual report — appropriation (text-form)
3301941700,2025,4153,Legal Expense,General Government,16303.0,appropriation,UNH Lempster 2025 annual report — appropriation (text-form)
3301941700,2025,4155,Personnel Administration,General Government,192524.0,appropriation,UNH Lempster 2025 annual report — appropriation (text-form)
3301941700,2025,4191,Planning and Zoning,General Government,9302.0,appropriation,UNH Lempster 2025 annual report — appropriation (text-form)
3301941700,2025,4194,General Government Buildings,General Government,22801.0,appropriation,UNH Lempster 2025 annual report — appropriation (text-form)
3301941700,2025,4195,Cemeteries,General Government,9726.0,appropriation,UNH Lempster 2025 annual report — appropriation (text-form)
3301941700,2025,4196,Insurance Not Otherwise Allocated,General Government,28190.0,appropriation,UNH Lempster 2025 annual report — appropriation (text-form)
3301941700,2025,4199,Other General Government,General Government,1160.0,appropriation,UNH Lempster 2025 annual report — appropriation (text-form)
3301941700,2025,4210,Police,Public Safety,67237.0,appropriation,UNH Lempster 2025 annual report — appropriation (text-form)
3301941700,2025,4215,Ambulances,Public Safety,37190.0,appropriation,UNH Lempster 2025 annual report — appropriation (text-form)
3301941700,2025,4220,Fire,Public Safety,75245.0,appropriation,UNH Lempster 2025 annual report — appropriation (text-form)
3301941700,2025,4240,Building Inspection,Public Safety,3172.0,appropriation,UNH Lempster 2025 annual report — appropriation (text-form)
3301941700,2025,4290,Emergency Management,Public Safety,1956.0,appropriation,UNH Lempster 2025 annual report — appropriation (text-form)
3301941700,2025,4311,Highway Administration,Highways & Streets,151503.0,appropriation,UNH Lempster 2025 annual report — appropriation (text-form)
3301941700,2025,4312,Highways and Streets,Highways & Streets,322614.0,appropriation,UNH Lempster 2025 annual report — appropriation (text-form)
3301941700,2025,4316,Street Lighting,Highways & Streets,1074.0,appropriation,UNH Lempster 2025 annual report — appropriation (text-form)
3301941700,2025,4321,Sanitation Administration,Sanitation,31002.0,appropriation,UNH Lempster 2025 annual report — appropriation (text-form)
3301941700,2025,4323,Solid Waste Collection,Sanitation,62159.0,appropriation,UNH Lempster 2025 annual report — appropriation (text-form)
3301941700,2025,4325,Solid Waste Facilities Clean-Up,Sanitation,1712.0,appropriation,UNH Lempster 2025 annual report — appropriation (text-form)
3301941700,2025,4326,Sewage Collection and Disposal,Sanitation,1538.0,appropriation,UNH Lempster 2025 annual report — appropriation (text-form)
3301941700,2025,4411,Health Administration,Health,2700.0,appropriation,UNH Lempster 2025 annual report — appropriation (text-form)
3301941700,2025,4414,Pest Control,Health,3000.0,appropriation,UNH Lempster 2025 annual report — appropriation (text-form)
3301941700,2025,4415,Health Agencies and Hospitals,Health,7762.0,appropriation,UNH Lempster 2025 annual report — appropriation (text-form)
3301941700,2025,4441,Welfare Administration,Welfare,1600.0,appropriation,UNH Lempster 2025 annual report — appropriation (text-form)
3301941700,2025,4442,Direct Assistance,Welfare,1102.0,appropriation,UNH Lempster 2025 annual report — appropriation (text-form)
3301941700,2025,4520,Parks and Recreation,Culture & Recreation,1700.0,appropriation,UNH Lempster 2025 annual report — appropriation (text-form)
3301941700,2025,4550,Library,Culture & Recreation,17404.0,appropriation,UNH Lempster 2025 annual report — appropriation (text-form)
3301941700,2025,4583,Patriotic Purposes,Culture & Recreation,282.0,appropriation,UNH Lempster 2025 annual report — appropriation (text-form)
3301941700,2025,4589,Other Culture and Recreation,Culture & Recreation,2732.0,appropriation,UNH Lempster 2025 annual report — appropriation (text-form)
3301941700,2025,4611,Conservation Administation,Conservation & Development,5100.0,appropriation,UNH Lempster 2025 annual report — appropriation (text-form)
3301941700,2025,4902,"Machinery, Vehicles, and Equipment",Capital Outlay,360311.0,appropriation,UNH Lempster 2025 annual report — appropriation (text-form)
3301941700,2025,4903,Buildings,Capital Outlay,2919.0,appropriation,UNH Lempster 2025 annual report — appropriation (text-form)
3301941700,2025,4909,Improvements Other than Buildings,Capital Outlay,181542.0,appropriation,UNH Lempster 2025 annual report — appropriation (text-form)
3301941700,2025,4915,To Capital Reserve Funds,Operating Transfers,1500.0,appropriation,UNH Lempster 2025 annual report — appropriation (text-form)
3301941700,2025,4916,To Expendable Trusts,Operating Transfers,80000.0,appropriation,UNH Lempster 2025 annual report — appropriation (text-form)
3301952580,2024,4130,Executive,General Government,278451.0,appropriation,UNH Newport 2024 annual report — appropriation (text-form)
3301952580,2024,4140,"Election, Registration, and Vital Statistics",General Government,185436.0,appropriation,UNH Newport 2024 annual report — appropriation (text-form)
3301952580,2024,4150,Financial Administration,General Government,359444.0,appropriation,UNH Newport 2024 annual report — appropriation (text-form)
3301952580,2024,4152,Property Assessment,General Government,102855.0,appropriation,UNH Newport 2024 annual report — appropriation (text-form)
3301952580,2024,4153,Legal Expense,General Government,113416.0,appropriation,UNH Newport 2024 annual report — appropriation (text-form)
3301952580,2024,4191,Planning and Zoning,General Government,46731.0,appropriation,UNH Newport 2024 annual report — appropriation (text-form)
3301952580,2024,4194,General Government Buildings,General Government,479818.0,appropriation,UNH Newport 2024 annual report — appropriation (text-form)
3301952580,2024,4195,Cemeteries,General Government,2850.0,appropriation,UNH Newport 2024 annual report — appropriation (text-form)
3301952580,2024,4197,Advertising and Regional Associations,General Government,23702.0,appropriation,UNH Newport 2024 annual report — appropriation (text-form)
3301952580,2024,4199,Other General Government,General Government,133327.0,appropriation,UNH Newport 2024 annual report — appropriation (text-form)
3301952580,2024,4210,Police,Public Safety,1745272.0,appropriation,UNH Newport 2024 annual report — appropriation (text-form)
3301952580,2024,4215,Ambulances,Public Safety,777042.0,appropriation,UNH Newport 2024 annual report — appropriation (text-form)
3301952580,2024,4220,Fire,Public Safety,739444.0,appropriation,UNH Newport 2024 annual report — appropriation (text-form)
3301952580,2024,4240,Building Inspection,Public Safety,54525.0,appropriation,UNH Newport 2024 annual report — appropriation (text-form)
3301952580,2024,4290,Emergency Management,Public Safety,10403.0,appropriation,UNH Newport 2024 annual report — appropriation (text-form)
3301952580,2024,4299,Other Public Safety,Public Safety,534938.0,appropriation,UNH Newport 2024 annual report — appropriation (text-form)
3301952580,2024,4311,Highway Administration,Highways & Streets,282557.0,appropriation,UNH Newport 2024 annual report — appropriation (text-form)
3301952580,2024,4312,Highways and Streets,Highways & Streets,1079162.0,appropriation,UNH Newport 2024 annual report — appropriation (text-form)
3301952580,2024,4313,Bridges,Highways & Streets,14515.0,appropriation,UNH Newport 2024 annual report — appropriation (text-form)
3301952580,2024,4316,Street Lighting,Highways & Streets,24417.0,appropriation,UNH Newport 2024 annual report — appropriation (text-form)
3301952580,2024,4323,Solid Waste Collection,Sanitation,945.0,appropriation,UNH Newport 2024 annual report — appropriation (text-form)
3301952580,2024,4411,Health Administration,Health,1785.0,appropriation,UNH Newport 2024 annual report — appropriation (text-form)
3301952580,2024,4415,Health Agencies and Hospitals,Health,22670.0,appropriation,UNH Newport 2024 annual report — appropriation (text-form)
3301952580,2024,4441,Welfare Administration,Welfare,33726.0,appropriation,UNH Newport 2024 annual report — appropriation (text-form)
3301952580,2024,4442,Direct Assistance,Welfare,410267.0,appropriation,UNH Newport 2024 annual report — appropriation (text-form)
3301952580,2024,4520,Parks and Recreation,Culture & Recreation,404005.0,appropriation,UNH Newport 2024 annual report — appropriation (text-form)
3301952580,2024,4550,Library,Culture & Recreation,374393.0,appropriation,UNH Newport 2024 annual report — appropriation (text-form)
3301952580,2024,4583,Patriotic Purposes,Culture & Recreation,2881.0,appropriation,UNH Newport 2024 annual report — appropriation (text-form)
3301952580,2024,4611,Conservation Administation,Conservation & Development,884.0,appropriation,UNH Newport 2024 annual report — appropriation (text-form)
3301952580,2024,4651,Economic Development Administration,Conservation & Development,75436.0,appropriation,UNH Newport 2024 annual report — appropriation (text-form)
3301952580,2024,4790,Other Debt Service Charges,Debt Service,203398.0,appropriation,UNH Newport 2024 annual report — appropriation (text-form)
3301952580,2024,4902,"Machinery, Vehicles, and Equipment",Capital Outlay,235005.0,appropriation,UNH Newport 2024 annual report — appropriation (text-form)
3301952580,2024,4903,Buildings,Capital Outlay,48250.0,appropriation,UNH Newport 2024 annual report — appropriation (text-form)
3301952580,2024,4909,Improvements Other than Buildings,Capital Outlay,311887.0,appropriation,UNH Newport 2024 annual report — appropriation (text-form)
3301952580,2024,4915,To Capital Reserve Funds,Operating Transfers,5000.0,appropriation,UNH Newport 2024 annual report — appropriation (text-form)
3301952580,2024,4196,Insurance Not Otherwise Allocated,General Government,1.0,appropriation,UNH Newport 2024 annual report — appropriation (text-form)
3301952580,2024,4449,Other Welfare,Welfare,200000.0,appropriation,UNH Newport 2024 annual report — appropriation (text-form)
3301952580,2024,4711,"Principal - Long Term Bonds, Notes, and Other Debt",Debt Service,302777.0,appropriation,UNH Newport 2024 annual report — appropriation (text-form)
3301952580,2024,4721,"Interest - Long Term Bonds, Notes, and Other Debt",Debt Service,17819.0,appropriation,UNH Newport 2024 annual report — appropriation (text-form)
3301952580,2024,4723,Interest on Tax and Revenue Anticipation Notes,Debt Service,1.0,appropriation,UNH Newport 2024 annual report — appropriation (text-form)
3301952580,2024,4912,To Special Revenue Funds,Operating Transfers,1.0,appropriation,UNH Newport 2024 annual report — appropriation (text-form)
3301977940,2024,4130,Executive,General Government,83715.0,appropriation,UNH Unity 2024 annual report — appropriation (text-form)
3301977940,2024,4140,"Election, Registration, and Vital Statistics",General Government,134145.0,appropriation,UNH Unity 2024 annual report — appropriation (text-form)
3301977940,2024,4150,Financial Administration,General Government,128818.0,appropriation,UNH Unity 2024 annual report — appropriation (text-form)
3301977940,2024,4152,Property Assessment,General Government,15200.0,appropriation,UNH Unity 2024 annual report — appropriation (text-form)
3301977940,2024,4153,Legal Expense,General Government,25706.0,appropriation,UNH Unity 2024 annual report — appropriation (text-form)
3301977940,2024,4155,Personnel Administration,General Government,225649.0,appropriation,UNH Unity 2024 annual report — appropriation (text-form)
3301977940,2024,4191,Planning and Zoning,General Government,3450.0,appropriation,UNH Unity 2024 annual report — appropriation (text-form)
3301977940,2024,4194,General Government Buildings,General Government,136459.0,appropriation,UNH Unity 2024 annual report — appropriation (text-form)
3301977940,2024,4195,Cemeteries,General Government,16443.0,appropriation,UNH Unity 2024 annual report — appropriation (text-form)
3301977940,2024,4196,Insurance Not Otherwise Allocated,General Government,31740.0,appropriation,UNH Unity 2024 annual report — appropriation (text-form)
3301977940,2024,4210,Police,Public Safety,64298.0,appropriation,UNH Unity 2024 annual report — appropriation (text-form)
3301977940,2024,4215,Ambulances,Public Safety,10294.0,appropriation,UNH Unity 2024 annual report — appropriation (text-form)
3301977940,2024,4220,Fire,Public Safety,76899.0,appropriation,UNH Unity 2024 annual report — appropriation (text-form)
3301977940,2024,4240,Building Inspection,Public Safety,5042.0,appropriation,UNH Unity 2024 annual report — appropriation (text-form)
3301977940,2024,4290,Emergency Management,Public Safety,3000.0,appropriation,UNH Unity 2024 annual report — appropriation (text-form)
3301977940,2024,4312,Highways and Streets,Highways & Streets,476751.0,appropriation,UNH Unity 2024 annual report — appropriation (text-form)
3301977940,2024,4323,Solid Waste Collection,Sanitation,3301.0,appropriation,UNH Unity 2024 annual report — appropriation (text-form)
3301977940,2024,4326,Sewage Collection and Disposal,Sanitation,2507.0,appropriation,UNH Unity 2024 annual report — appropriation (text-form)
3301977940,2024,4329,Other Sanitation,Sanitation,87297.0,appropriation,UNH Unity 2024 annual report — appropriation (text-form)
3301977940,2024,4520,Parks and Recreation,Culture & Recreation,26766.0,appropriation,UNH Unity 2024 annual report — appropriation (text-form)
3301977940,2024,4550,Library,Culture & Recreation,21208.0,appropriation,UNH Unity 2024 annual report — appropriation (text-form)
3301977940,2024,4583,Patriotic Purposes,Culture & Recreation,3819.0,appropriation,UNH Unity 2024 annual report — appropriation (text-form)
3301977940,2024,4619,Other Conservation,Conservation & Development,2700.0,appropriation,UNH Unity 2024 annual report — appropriation (text-form)
3301977940,2024,4903,Buildings,Capital Outlay,20000.0,appropriation,UNH Unity 2024 annual report — appropriation (text-form)
3301977940,2024,4915,To Capital Reserve Funds,Operating Transfers,250000.0,appropriation,UNH Unity 2024 annual report — appropriation (text-form)
3301977940,2024,4916,To Expendable Trusts,Operating Transfers,5000.0,appropriation,UNH Unity 2024 annual report — appropriation (text-form)
