{"type":"Topology","objects":{"data":{"geometries":[{"properties":{"geoid":"3300922020","name":"Easton","entity_type":"town","county":"Grafton"},"type":"Polygon","arcs":[[-107,-87,-317,-92,-2,-312]],"id":"feature_000"},{"properties":{"geoid":"3300932180","name":"Groton","entity_type":"town","county":"Grafton"},"type":"Polygon","arcs":[[-60,-711,-15,-116,-666,-85]],"id":"feature_001"},{"properties":{"geoid":"3301744820","name":"Madbury","entity_type":"town","county":"Strafford"},"type":"Polygon","arcs":[[-340,-40,-18,-334]],"id":"feature_002"},{"properties":{"geoid":"3300725180","name":"Erving's Grant","entity_type":"unincorporated","county":"Coos"},"type":"Polygon","arcs":[[-114,-485,-685,-253]],"id":"feature_003"},{"properties":{"geoid":"3300716660","name":"Cutt's Grant","entity_type":"unincorporated","county":"Coos"},"type":"Polygon","arcs":[[-235,-459,-57,-132,-83]],"id":"feature_004"},{"properties":{"geoid":"3301552900","name":"Newton","entity_type":"town","county":"Rockingham"},"type":"Polygon","arcs":[[-6,-4,-556,0,-8]],"id":"feature_005"},{"properties":{"geoid":"3300763860","name":"Randolph","entity_type":"town","county":"Coos"},"type":"Polygon","arcs":[[-231,-139,-175,-242,-33]],"id":"feature_006"},{"properties":{"geoid":"3300905060","name":"Benton","entity_type":"town","county":"Grafton"},"type":"Polygon","arcs":[[-616,-313,1,-95,-120]],"id":"feature_007"},{"properties":{"geoid":"3301335540","name":"Henniker","entity_type":"town","county":"Merrimack"},"type":"Polygon","arcs":[[-19,-149,-20,-109,-713,-479]],"id":"feature_008"},{"properties":{"geoid":"3300731780","name":"Green's Grant","entity_type":"unincorporated","county":"Coos"},"type":"Polygon","arcs":[[-569,-223,-257,-3]],"id":"feature_009"},{"properties":{"geoid":"3300784420","name":"Whitefield","entity_type":"town","county":"Coos"},"type":"Polygon","arcs":[[-249,-245,-10,-140,-238]],"id":"feature_010"},{"properties":{"geoid":"3300776580","name":"Thompson & Meserve's Purchase","entity_type":"unincorporated","county":"Coos"},"type":"Polygon","arcs":[[-176,-138,-570,2,-256,-455,-234]],"id":"feature_011"},{"properties":{"geoid":"3301509300","name":"Candia","entity_type":"town","county":"Rockingham"},"type":"Polygon","arcs":[[-192,-184,-216,-68,-298]],"id":"feature_012"},{"properties":{"geoid":"3301521380","name":"East Kingston","entity_type":"town","county":"Rockingham"},"type":"Polygon","arcs":[[-200,-732,-553,3,-5]],"id":"feature_013"},{"properties":{"geoid":"3301540100","name":"Kingston","entity_type":"town","county":"Rockingham"},"type":"Polygon","arcs":[[-501,-221,-77,-58,-201,4,5,-7]],"id":"feature_014"},{"properties":{"geoid":"3301562500","name":"Plaistow","entity_type":"town","county":"Rockingham"},"type":"Polygon","arcs":[[6,7,8,-213,-502]],"id":"feature_015"},{"properties":{"geoid":"3300710100","name":"Carroll","entity_type":"town","county":"Coos"},"type":"Polygon","arcs":[[-244,-178,-11,-84,-130,-141,9]],"id":"feature_016"},{"properties":{"geoid":"3300716100","name":"Crawford's Purchase","entity_type":"unincorporated","county":"Coos"},"type":"Polygon","arcs":[[-177,-237,-82,10]],"id":"feature_017"},{"properties":{"geoid":"3300719300","name":"Dummer","entity_type":"town","county":"Coos"},"type":"Polygon","arcs":[[-254,-683,-81,-56,-12,-35]],"id":"feature_018"},{"properties":{"geoid":"3300747860","name":"Milan","entity_type":"town","county":"Coos"},"type":"Polygon","arcs":[[-36,11,-55,-13,-228,-32]],"id":"feature_019"},{"properties":{"geoid":"3300774500","name":"Success","entity_type":"unincorporated","county":"Coos"},"type":"Polygon","arcs":[[-229,12,-54,13,-71,-136]],"id":"feature_020"},{"properties":{"geoid":"3300908980","name":"Canaan","entity_type":"town","county":"Grafton"},"type":"Polygon","arcs":[[-421,-86,-669,-42,-423,-452]],"id":"feature_021"},{"properties":{"geoid":"3300923860","name":"Ellsworth","entity_type":"town","county":"Grafton"},"type":"Polygon","arcs":[[-94,-16,-308,-59,-122]],"id":"feature_022"},{"properties":{"geoid":"3300935220","name":"Hebron","entity_type":"town","county":"Grafton"},"type":"Polygon","arcs":[[14,-710,-302,-304,-117]],"id":"feature_023"},{"properties":{"geoid":"3300976740","name":"Thornton","entity_type":"town","county":"Grafton"},"type":"Polygon","arcs":[[-93,-320,-330,-17,-498,-309,15]],"id":"feature_024"},{"properties":{"geoid":"3300979380","name":"Waterville Valley","entity_type":"town","county":"Grafton"},"type":"Polygon","arcs":[[-329,-414,-492,16]],"id":"feature_025"},{"properties":{"geoid":"3301741460","name":"Lee","entity_type":"town","county":"Strafford"},"type":"Polygon","arcs":[[-335,17,-41,-508,-194,-135]],"id":"feature_026"},{"properties":{"geoid":"3301972740","name":"Springfield","entity_type":"town","county":"Sullivan"},"type":"Polygon","arcs":[[-587,-425,-43,-283,-64,-268,-172]],"id":"feature_027"},{"properties":{"geoid":"3301306980","name":"Bradford","entity_type":"town","county":"Merrimack"},"type":"Polygon","arcs":[[-653,-70,-150,18,-478,-28]],"id":"feature_028"},{"properties":{"geoid":"3301337540","name":"Hopkinton","entity_type":"town","county":"Merrimack"},"type":"Polygon","arcs":[[-148,-281,-579,-626,-290,-110,19]],"id":"feature_029"},{"properties":{"geoid":"3300128980","name":"Gilmanton","entity_type":"town","county":"Belknap"},"type":"Polygon","arcs":[[-352,-679,-161,-96,-633,-438]],"id":"feature_030"},{"properties":{"geoid":"3301142260","name":"Litchfield","entity_type":"town","county":"Hillsborough"},"type":"Polygon","arcs":[[-168,-211,-518,-738,-524]],"id":"feature_031"},{"properties":{"geoid":"3301151940","name":"New Ipswich","entity_type":"town","county":"Hillsborough"},"type":"Polygon","arcs":[[-49,-389,-48,-377,20,-25]],"id":"feature_032"},{"properties":{"geoid":"3300311780","name":"Chatham","entity_type":"town","county":"Carroll"},"type":"Polygon","arcs":[[-227,21,-742,-429,-529]],"id":"feature_033"},{"properties":{"geoid":"3300332500","name":"Hale's Location","entity_type":"unincorporated","county":"Carroll"},"type":"Polygon","arcs":[[-747,-411,-430]],"id":"feature_034"},{"properties":{"geoid":"3300500820","name":"Alstead","entity_type":"town","county":"Cheshire"},"type":"Polygon","arcs":[[-61,-154,-718,-516,-505,-751]],"id":"feature_035"},{"properties":{"geoid":"3300526500","name":"Fitzwilliam","entity_type":"town","county":"Cheshire"},"type":"Polygon","arcs":[[-163,-47,-27,22,-725]],"id":"feature_036"},{"properties":{"geoid":"3300534420","name":"Harrisville","entity_type":"town","county":"Cheshire"},"type":"Polygon","arcs":[[-24,-372,-67,-101,-400,-406]],"id":"feature_037"},{"properties":{"geoid":"3300550580","name":"Nelson","entity_type":"town","county":"Cheshire"},"type":"Polygon","arcs":[[-44,-664,-362,-367,23,-405]],"id":"feature_038"},{"properties":{"geoid":"3300564580","name":"Rindge","entity_type":"town","county":"Cheshire"},"type":"Polygon","arcs":[[-50,24,25,26,-46]],"id":"feature_039"},{"properties":{"geoid":"3301978980","name":"Washington","entity_type":"town","county":"Sullivan"},"type":"Polygon","arcs":[[-99,-263,27,-482,-52,-661,-153]],"id":"feature_040"},{"properties":{"geoid":"3300780740","name":"Wentworth's Location","entity_type":"unincorporated","county":"Coos"},"type":"Polygon","arcs":[[-98,-31,28,-78,-484]],"id":"feature_041"},{"properties":{"geoid":"3300768500","name":"Second College Grant","entity_type":"unincorporated","county":"Coos"},"type":"Polygon","arcs":[[-559,29,30,-97]],"id":"feature_042"},{"properties":{"geoid":"3301726020","name":"Farmington","entity_type":"town","county":"Strafford"},"type":"Polygon","arcs":[[-342,-674,-38,-74,-345]],"id":"feature_043"},{"properties":{"geoid":"3300739940","name":"Kilkenny","entity_type":"unincorporated","county":"Coos"},"type":"Polygon","arcs":[[-37,31,-232,32,-241,-247]],"id":"feature_044"},{"properties":{"geoid":"3300761780","name":"Pittsburg","entity_type":"town","county":"Coos"},"type":"Polygon","arcs":[[-557,-562,33]],"id":"feature_045"},{"properties":{"geoid":"3300773060","name":"Stark","entity_type":"town","county":"Coos"},"type":"Polygon","arcs":[[-261,-255,34,35,36,-246,-540]],"id":"feature_046"},{"properties":{"geoid":"3300345060","name":"Madison","entity_type":"town","county":"Carroll"},"type":"Polygon","arcs":[[-412,-745,-63,-687,-129,-395]],"id":"feature_047"},{"properties":{"geoid":"3301765140","name":"Rochester","entity_type":"city","county":"Strafford"},"type":"Polygon","arcs":[[37,-673,38,-351,-337,-333,-75]],"id":"feature_048"},{"properties":{"geoid":"3301719700","name":"Durham","entity_type":"town","county":"Strafford"},"type":"Polygon","arcs":[[39,-339,-447,-509,40]],"id":"feature_049"},{"properties":{"geoid":"3300930820","name":"Grafton","entity_type":"town","county":"Grafton"},"type":"Polygon","arcs":[[-424,41,-668,-119,-73,-284,42]],"id":"feature_050"},{"properties":{"geoid":"3300942020","name":"Lisbon","entity_type":"town","county":"Grafton"},"type":"Polygon","arcs":[[-45,-324,-105,-315,-125]],"id":"feature_051"},{"properties":{"geoid":"3300574900","name":"Sullivan","entity_type":"town","county":"Cheshire"},"type":"Polygon","arcs":[[-665,43,-404,-604,-721]],"id":"feature_052"},{"properties":{"geoid":"3300944100","name":"Lyman","entity_type":"town","county":"Grafton"},"type":"Polygon","arcs":[[-325,44,-124,-444]],"id":"feature_053"},{"properties":{"geoid":"3300538500","name":"Jaffrey","entity_type":"town","county":"Cheshire"},"type":"Polygon","arcs":[[-103,-66,-51,45,46,-162,-402]],"id":"feature_054"},{"properties":{"geoid":"3301101300","name":"Amherst","entity_type":"town","county":"Hillsborough"},"type":"Polygon","arcs":[[-88,-381,-159,-526,-373,-466]],"id":"feature_055"},{"properties":{"geoid":"3301127140","name":"Francestown","entity_type":"town","county":"Hillsborough"},"type":"Polygon","arcs":[[-715,-112,-384,-164,-364,-89]],"id":"feature_056"},{"properties":{"geoid":"3301131940","name":"Greenville","entity_type":"town","county":"Hillsborough"},"type":"Polygon","arcs":[[-388,-644,-375,47]],"id":"feature_057"},{"properties":{"geoid":"3301168820","name":"Sharon","entity_type":"town","county":"Hillsborough"},"type":"Polygon","arcs":[[-65,-390,48,49,50]],"id":"feature_058"},{"properties":{"geoid":"3301185940","name":"Windsor","entity_type":"town","county":"Hillsborough"},"type":"Polygon","arcs":[[51,-481,-360,-662]],"id":"feature_059"},{"properties":{"geoid":"3300708420","name":"Cambridge","entity_type":"unincorporated","county":"Coos"},"type":"Polygon","arcs":[[-80,52,53,54,55]],"id":"feature_060"},{"properties":{"geoid":"3300732420","name":"Hadley's Purchase","entity_type":"unincorporated","county":"Coos"},"type":"Polygon","arcs":[[56,-458,-428,-133]],"id":"feature_061"},{"properties":{"geoid":"3301507220","name":"Brentwood","entity_type":"town","county":"Rockingham"},"type":"Polygon","arcs":[[-195,-202,57,-76]],"id":"feature_062"},{"properties":{"geoid":"3300965940","name":"Rumney","entity_type":"town","county":"Grafton"},"type":"Polygon","arcs":[[-156,58,-307,-705,59]],"id":"feature_063"},{"properties":{"geoid":"3301900260","name":"Acworth","entity_type":"town","county":"Sullivan"},"type":"Polygon","arcs":[[-598,-100,-151,60,-750,-173]],"id":"feature_064"},{"properties":{"geoid":"3301366980","name":"Salisbury","entity_type":"town","county":"Merrimack"},"type":"Polygon","arcs":[[-91,-295,-571,-280,-147]],"id":"feature_065"},{"properties":{"geoid":"3300323380","name":"Eaton","entity_type":"town","county":"Carroll"},"type":"Polygon","arcs":[[-744,61,-688,62]],"id":"feature_066"},{"properties":{"geoid":"3301352100","name":"New London","entity_type":"town","county":"Merrimack"},"type":"Polygon","arcs":[[63,-289,-69,-651,-269]],"id":"feature_067"},{"properties":{"geoid":"3301160580","name":"Peterborough","entity_type":"town","county":"Hillsborough"},"type":"Polygon","arcs":[[-371,-366,-385,64,65,-102,66]],"id":"feature_068"},{"properties":{"geoid":"3301502820","name":"Auburn","entity_type":"town","county":"Rockingham"},"type":"Polygon","arcs":[[67,-215,-699,-209,-167,-299]],"id":"feature_069"},{"properties":{"geoid":"3301375460","name":"Sutton","entity_type":"town","county":"Merrimack"},"type":"Polygon","arcs":[[68,-288,-145,69,-652]],"id":"feature_070"},{"properties":{"geoid":"3300768980","name":"Shelburne","entity_type":"town","county":"Coos"},"type":"Polygon","arcs":[[70,71,-225,-137]],"id":"feature_071"},{"properties":{"geoid":"3301316980","name":"Danbury","entity_type":"town","county":"Merrimack"},"type":"Polygon","arcs":[[-118,-585,-90,-285,72]],"id":"feature_072"},{"properties":{"geoid":"3301773860","name":"Strafford","entity_type":"town","county":"Strafford"},"type":"Polygon","arcs":[[-160,73,74,-332,-611,-276]],"id":"feature_073"},{"properties":{"geoid":"3301527940","name":"Fremont","entity_type":"town","county":"Rockingham"},"type":"Polygon","arcs":[[-186,-196,75,76,-220,-187,-218]],"id":"feature_074"},{"properties":{"geoid":"3301129860","name":"Goffstown","entity_type":"town","county":"Hillsborough"},"type":"Polygon","arcs":[[-291,-301,-170,-158,-379,-111]],"id":"feature_075"},{"properties":{"geoid":"3300725140","name":"Errol","entity_type":"town","county":"Coos"},"type":"Polygon","arcs":[[77,78,79,80,-682]],"id":"feature_076"},{"properties":{"geoid":"3300704100","name":"Bean's Grant","entity_type":"unincorporated","county":"Coos"},"type":"Polygon","arcs":[[81,-236,82,-131,83]],"id":"feature_077"},{"properties":{"geoid":"3300918740","name":"Dorchester","entity_type":"town","county":"Grafton"},"type":"Polygon","arcs":[[-157,84,85,-420]],"id":"feature_078"},{"properties":{"geoid":"3300927300","name":"Franconia","entity_type":"town","county":"Grafton"},"type":"Polygon","arcs":[[-143,-318,86,-106]],"id":"feature_079"},{"properties":{"geoid":"3301149140","name":"Mont Vernon","entity_type":"town","county":"Hillsborough"},"type":"Polygon","arcs":[[-382,87,-465,-165]],"id":"feature_080"},{"properties":{"geoid":"3301104900","name":"Bennington","entity_type":"town","county":"Hillsborough"},"type":"Polygon","arcs":[[-361,-716,88,-363,-369]],"id":"feature_081"},{"properties":{"geoid":"3301301460","name":"Andover","entity_type":"town","county":"Merrimack"},"type":"Polygon","arcs":[[89,-584,-296,90,-146,-286]],"id":"feature_082"},{"properties":{"geoid":"3300987060","name":"Woodstock","entity_type":"town","county":"Grafton"},"type":"Polygon","arcs":[[91,-321,92,93,-121,94]],"id":"feature_083"},{"properties":{"geoid":"3301343380","name":"Loudon","entity_type":"town","county":"Merrimack"},"type":"Polygon","arcs":[[-634,95,-279,-123,-272,-577]],"id":"feature_084"},{"properties":{"geoid":"3300718340","name":"Dix's Grant","entity_type":"unincorporated","county":"Coos"},"type":"Polygon","arcs":[[-564,-560,96,97,-483]],"id":"feature_085"},{"properties":{"geoid":"3301941700","name":"Lempster","entity_type":"town","county":"Sullivan"},"type":"Polygon","arcs":[[-597,-264,98,-152,99]],"id":"feature_086"},{"properties":{"geoid":"3300519140","name":"Dublin","entity_type":"town","county":"Cheshire"},"type":"Polygon","arcs":[[100,101,102,-401]],"id":"feature_087"},{"properties":{"geoid":"3301568260","name":"Seabrook","entity_type":"town","county":"Rockingham"},"type":"Polygon","arcs":[[-108,-207,103,-554,-730]],"id":"feature_088"},{"properties":{"geoid":"3300974740","name":"Sugar Hill","entity_type":"town","county":"Grafton"},"type":"Polygon","arcs":[[104,-144,105,106,-311]],"id":"feature_089"},{"properties":{"geoid":"3301533460","name":"Hampton Falls","entity_type":"town","county":"Rockingham"},"type":"Polygon","arcs":[[-199,-208,107,-729]],"id":"feature_090"},{"properties":{"geoid":"3301179780","name":"Weare","entity_type":"town","county":"Hillsborough"},"type":"Polygon","arcs":[[108,109,-292,110,-378,111,-714]],"id":"feature_091"},{"properties":{"geoid":"3300713940","name":"Columbia","entity_type":"town","county":"Coos"},"type":"Polygon","arcs":[[112,-488,-486,113,-252,-259]],"id":"feature_092"},{"properties":{"geoid":"3301550980","name":"New Castle","entity_type":"town","county":"Rockingham"},"type":"Polygon","arcs":[[114,-549,-701]],"id":"feature_093"},{"properties":{"geoid":"3300900580","name":"Alexandria","entity_type":"town","county":"Grafton"},"type":"Polygon","arcs":[[115,116,-306,-580,117,118,-667]],"id":"feature_094"},{"properties":{"geoid":"3300978740","name":"Warren","entity_type":"town","county":"Grafton"},"type":"Polygon","arcs":[[119,120,121,-155,-535]],"id":"feature_095"},{"properties":{"geoid":"3301312420","name":"Chichester","entity_type":"town","county":"Merrimack"},"type":"Polygon","arcs":[[122,-278,-134,-273]],"id":"feature_096"},{"properties":{"geoid":"3300902020","name":"Ashland","entity_type":"town","county":"Grafton"},"type":"Polygon","arcs":[[-128,-620,-303,-708]],"id":"feature_097"},{"properties":{"geoid":"3300903940","name":"Bath","entity_type":"town","county":"Grafton"},"type":"Polygon","arcs":[[-445,123,124,-314,-615,125]],"id":"feature_098"},{"properties":{"geoid":"3300512260","name":"Chesterfield","entity_type":"town","county":"Cheshire"},"type":"Polygon","arcs":[[-490,-607,-753,-408,-398,126]],"id":"feature_099"},{"properties":{"geoid":"3300936900","name":"Holderness","entity_type":"town","county":"Grafton"},"type":"Polygon","arcs":[[-310,-496,-394,-416,127,-707]],"id":"feature_100"},{"properties":{"geoid":"3300358740","name":"Ossipee","entity_type":"town","county":"Carroll"},"type":"Polygon","arcs":[[-396,128,-691,-442,-473,-171,-533,-391]],"id":"feature_101"},{"properties":{"geoid":"3300334500","name":"Hart's Location","entity_type":"town","county":"Carroll"},"type":"Polygon","arcs":[[129,130,131,132,-427,-328,-142]],"id":"feature_102"},{"properties":{"geoid":"3301324900","name":"Epsom","entity_type":"town","county":"Merrimack"},"type":"Polygon","arcs":[[133,-277,-609,-189,-470,-274]],"id":"feature_103"},{"properties":{"geoid":"3301557460","name":"Nottingham","entity_type":"town","county":"Rockingham"},"type":"Polygon","arcs":[[-613,-336,134,-193,-185,-190]],"id":"feature_104"},{"properties":{"geoid":"3300730260","name":"Gorham","entity_type":"town","county":"Coos"},"type":"Polygon","arcs":[[-230,135,136,-224,-567,137,138]],"id":"feature_105"},{"properties":{"geoid":"3300905460","name":"Bethlehem","entity_type":"town","county":"Grafton"},"type":"Polygon","arcs":[[-239,139,140,141,-327,-319,142,143,-323]],"id":"feature_106"},{"properties":{"geoid":"3300140180","name":"Laconia","entity_type":"city","county":"Belknap"},"type":"Polygon","arcs":[[-353,-436,-357,-355]],"id":"feature_107"},{"properties":{"geoid":"3301378580","name":"Warner","entity_type":"town","county":"Merrimack"},"type":"Polygon","arcs":[[144,-287,145,146,-282,147,148,149]],"id":"feature_108"},{"properties":{"geoid":"3300545700","name":"Marlow","entity_type":"town","county":"Cheshire"},"type":"Polygon","arcs":[[150,151,152,-660,-719,153]],"id":"feature_109"},{"properties":{"geoid":"3300177060","name":"Tilton","entity_type":"town","county":"Belknap"},"type":"Polygon","arcs":[[-358,-440,-166,-293]],"id":"feature_110"},{"properties":{"geoid":"3300980500","name":"Wentworth","entity_type":"town","county":"Grafton"},"type":"Polygon","arcs":[[-536,154,155,156,-179]],"id":"feature_111"},{"properties":{"geoid":"3301104500","name":"Bedford","entity_type":"town","county":"Hillsborough"},"type":"Polygon","arcs":[[157,-169,-522,158,-380]],"id":"feature_112"},{"properties":{"geoid":"3300103220","name":"Barnstead","entity_type":"town","county":"Belknap"},"type":"Polygon","arcs":[[-678,159,-275,160]],"id":"feature_113"},{"properties":{"geoid":"3300577380","name":"Troy","entity_type":"town","county":"Cheshire"},"type":"Polygon","arcs":[[-403,161,162,-724,-756]],"id":"feature_114"},{"properties":{"geoid":"3301144580","name":"Lyndeborough","entity_type":"town","county":"Hillsborough"},"type":"Polygon","arcs":[[163,-383,164,-464,-641,-387,-365]],"id":"feature_115"},{"properties":{"geoid":"3301354260","name":"Northfield","entity_type":"town","county":"Merrimack"},"type":"Polygon","arcs":[[-294,165,-439,-632,-573]],"id":"feature_116"},{"properties":{"geoid":"3301145140","name":"Manchester","entity_type":"city","county":"Hillsborough"},"type":"Polygon","arcs":[[-300,166,-212,167,-523,168,169]],"id":"feature_117"},{"properties":{"geoid":"3300386420","name":"Wolfeboro","entity_type":"town","county":"Carroll"},"type":"Polygon","arcs":[[170,-477,-640,-343,-676,-534]],"id":"feature_118"},{"properties":{"geoid":"3301916340","name":"Croydon","entity_type":"town","county":"Sullivan"},"type":"Polygon","arcs":[[-592,-588,171,-267,-265,-181]],"id":"feature_119"},{"properties":{"geoid":"3301911380","name":"Charlestown","entity_type":"town","county":"Sullivan"},"type":"Polygon","arcs":[[-658,-599,172,-749,-504,173]],"id":"feature_120"},{"properties":{"geoid":"3300743620","name":"Low & Burbank's Grant","entity_type":"unincorporated","county":"Coos"},"type":"Polygon","arcs":[[-243,174,175,-233,176,177]],"id":"feature_121"},{"properties":{"geoid":"3300958500","name":"Orford","entity_type":"town","county":"Grafton"},"type":"Polygon","arcs":[[-537,178,-419,179]],"id":"feature_122"},{"properties":{"geoid":"3301915060","name":"Cornish","entity_type":"town","county":"Sullivan"},"type":"Polygon","arcs":[[-593,180,-655,181]],"id":"feature_123"},{"properties":{"geoid":"3301554580","name":"North Hampton","entity_type":"town","county":"Rockingham"},"type":"Polygon","arcs":[[-188,-433,-551,182,-205]],"id":"feature_124"},{"properties":{"geoid":"3301564020","name":"Raymond","entity_type":"town","county":"Rockingham"},"type":"Polygon","arcs":[[183,-191,184,-197,185,-217]],"id":"feature_125"},{"properties":{"geoid":"3301567620","name":"Sandown","entity_type":"town","county":"Rockingham"},"type":"Polygon","arcs":[[186,-222,-499,-693,-219]],"id":"feature_126"},{"properties":{"geoid":"3301574340","name":"Stratham","entity_type":"town","county":"Rockingham"},"type":"Polygon","arcs":[[-461,-512,-434,187,-198]],"id":"feature_127"},{"properties":{"geoid":"3301585780","name":"Windham","entity_type":"town","county":"Rockingham"},"type":"Polygon","arcs":[[-210,-697,-646,-600,-520]],"id":"feature_128"},{"properties":{"geoid":"3301517460","name":"Deerfield","entity_type":"town","county":"Rockingham"},"type":"Polygon","arcs":[[-471,188,-614,189,190,191]],"id":"feature_129"},{"properties":{"geoid":"3301524660","name":"Epping","entity_type":"town","county":"Rockingham"},"type":"Polygon","arcs":[[192,193,-514,-463,-203,194,195,196]],"id":"feature_130"},{"properties":{"geoid":"3301525380","name":"Exeter","entity_type":"town","county":"Rockingham"},"type":"Polygon","arcs":[[-462,197,-204,198,-728,199,200,201,202]],"id":"feature_131"},{"properties":{"geoid":"3301533060","name":"Hampton","entity_type":"town","county":"Rockingham"},"type":"Polygon","arcs":[[203,204,205,206,207]],"id":"feature_132"},{"properties":{"geoid":"3301543220","name":"Londonderry","entity_type":"town","county":"Rockingham"},"type":"Polygon","arcs":[[208,-698,209,-519,210,211]],"id":"feature_133"},{"properties":{"geoid":"3301502340","name":"Atkinson","entity_type":"town","county":"Rockingham"},"type":"Polygon","arcs":[[-503,212,213,-647,-695]],"id":"feature_134"},{"properties":{"geoid":"3301512100","name":"Chester","entity_type":"town","county":"Rockingham"},"type":"Polygon","arcs":[[214,215,216,217,218,-692]],"id":"feature_135"},{"properties":{"geoid":"3301517140","name":"Danville","entity_type":"town","county":"Rockingham"},"type":"Polygon","arcs":[[219,220,-500,221]],"id":"feature_136"},{"properties":{"geoid":"3300704260","name":"Bean's Purchase","entity_type":"unincorporated","county":"Coos"},"type":"Polygon","arcs":[[222,-568,223,224,225,226,-528,-258]],"id":"feature_137"},{"properties":{"geoid":"3300705140","name":"Berlin","entity_type":"city","county":"Coos"},"type":"Polygon","arcs":[[227,228,229,230,231]],"id":"feature_138"},{"properties":{"geoid":"3300711220","name":"Chandler's Purchase","entity_type":"unincorporated","county":"Coos"},"type":"Polygon","arcs":[[232,233,-460,234,235,236]],"id":"feature_139"},{"properties":{"geoid":"3300716820","name":"Dalton","entity_type":"town","county":"Coos"},"type":"Polygon","arcs":[[-250,237,238,-322,239]],"id":"feature_140"},{"properties":{"geoid":"3300738820","name":"Jefferson","entity_type":"town","county":"Coos"},"type":"Polygon","arcs":[[240,241,242,243,244,-248]],"id":"feature_141"},{"properties":{"geoid":"3300740420","name":"Lancaster","entity_type":"town","county":"Coos"},"type":"Polygon","arcs":[[-541,245,246,247,248,249,250]],"id":"feature_142"},{"properties":{"geoid":"3300757860","name":"Odell","entity_type":"unincorporated","county":"Coos"},"type":"Polygon","arcs":[[251,252,-684,253,254,-260]],"id":"feature_143"},{"properties":{"geoid":"3300761620","name":"Pinkham's Grant","entity_type":"unincorporated","county":"Coos"},"type":"Polygon","arcs":[[255,256,257,-527,-456]],"id":"feature_144"},{"properties":{"geoid":"3300774180","name":"Stratford","entity_type":"town","county":"Coos"},"type":"Polygon","arcs":[[258,259,260,-539,261]],"id":"feature_145"},{"properties":{"geoid":"3301930500","name":"Goshen","entity_type":"town","county":"Sullivan"},"type":"Polygon","arcs":[[-270,-654,262,263,-596,-266]],"id":"feature_146"},{"properties":{"geoid":"3301952580","name":"Newport","entity_type":"town","county":"Sullivan"},"type":"Polygon","arcs":[[264,-271,265,-595,-656]],"id":"feature_147"},{"properties":{"geoid":"3301975060","name":"Sunapee","entity_type":"town","county":"Sullivan"},"type":"Polygon","arcs":[[266,267,268,-650,269,270]],"id":"feature_148"},{"properties":{"geoid":"3301360020","name":"Pembroke","entity_type":"town","county":"Merrimack"},"type":"Polygon","arcs":[[271,272,273,-469,-628,-578]],"id":"feature_149"},{"properties":{"geoid":"3301361940","name":"Pittsfield","entity_type":"town","county":"Merrimack"},"type":"Polygon","arcs":[[274,275,-610,276,277,278]],"id":"feature_150"},{"properties":{"geoid":"3301380020","name":"Webster","entity_type":"town","county":"Merrimack"},"type":"Polygon","arcs":[[279,-574,-575,280,281]],"id":"feature_151"},{"properties":{"geoid":"3301384900","name":"Wilmot","entity_type":"town","county":"Merrimack"},"type":"Polygon","arcs":[[282,283,284,285,286,287,288]],"id":"feature_152"},{"properties":{"geoid":"3301319460","name":"Dunbarton","entity_type":"town","county":"Merrimack"},"type":"Polygon","arcs":[[289,-631,-297,290,291]],"id":"feature_153"},{"properties":{"geoid":"3301327380","name":"Franklin","entity_type":"city","county":"Merrimack"},"type":"Polygon","arcs":[[-583,-359,292,293,-572,294,295]],"id":"feature_154"},{"properties":{"geoid":"3301337300","name":"Hooksett","entity_type":"town","county":"Merrimack"},"type":"Polygon","arcs":[[296,-630,-472,297,298,299,300]],"id":"feature_155"},{"properties":{"geoid":"3300907540","name":"Bridgewater","entity_type":"town","county":"Grafton"},"type":"Polygon","arcs":[[301,-709,302,-619,-305]],"id":"feature_156"},{"properties":{"geoid":"3300907700","name":"Bristol","entity_type":"town","county":"Grafton"},"type":"Polygon","arcs":[[303,304,-625,-581,305]],"id":"feature_157"},{"properties":{"geoid":"3300908660","name":"Campton","entity_type":"town","county":"Grafton"},"type":"Polygon","arcs":[[306,307,308,-497,309,-706]],"id":"feature_158"},{"properties":{"geoid":"3300940660","name":"Landaff","entity_type":"town","county":"Grafton"},"type":"Polygon","arcs":[[310,311,312,313,314]],"id":"feature_159"},{"properties":{"geoid":"3300941300","name":"Lebanon","entity_type":"city","county":"Grafton"},"type":"Polygon","arcs":[[-453,-426,-589,315]],"id":"feature_160"},{"properties":{"geoid":"3300941860","name":"Lincoln","entity_type":"town","county":"Grafton"},"type":"Polygon","arcs":[[316,317,318,-331,319,320]],"id":"feature_161"},{"properties":{"geoid":"3300942580","name":"Littleton","entity_type":"town","county":"Grafton"},"type":"Polygon","arcs":[[321,322,323,324,-443,325]],"id":"feature_162"},{"properties":{"geoid":"3300942820","name":"Livermore","entity_type":"unincorporated","county":"Grafton"},"type":"Polygon","arcs":[[326,327,-432,-415,328,329,330]],"id":"feature_163"},{"properties":{"geoid":"3301703460","name":"Barrington","entity_type":"town","county":"Strafford"},"type":"Polygon","arcs":[[331,332,-341,333,334,335,-612]],"id":"feature_164"},{"properties":{"geoid":"3301718820","name":"Dover","entity_type":"city","county":"Strafford"},"type":"Polygon","arcs":[[336,-350,-347,337,-448,338,339,340]],"id":"feature_165"},{"properties":{"geoid":"3301747700","name":"Middleton","entity_type":"town","county":"Strafford"},"type":"Polygon","arcs":[[-476,-670,341,-344,-638]],"id":"feature_166"},{"properties":{"geoid":"3301751220","name":"New Durham","entity_type":"town","county":"Strafford"},"type":"Polygon","arcs":[[342,-639,343,344,-677]],"id":"feature_167"},{"properties":{"geoid":"3301765540","name":"Rollinsford","entity_type":"town","county":"Strafford"},"type":"Polygon","arcs":[[-349,345,346]],"id":"feature_168"},{"properties":{"geoid":"3301769940","name":"Somersworth","entity_type":"city","county":"Strafford"},"type":"Polygon","arcs":[[347,348,349,350]],"id":"feature_169"},{"properties":{"geoid":"3300128740","name":"Gilford","entity_type":"town","county":"Belknap"},"type":"Polygon","arcs":[[-354,-392,-680,351,-437,352]],"id":"feature_170"},{"properties":{"geoid":"3300147140","name":"Meredith","entity_type":"town","county":"Belknap"},"type":"Polygon","arcs":[[-418,-393,353,354,-356,-622]],"id":"feature_171"},{"properties":{"geoid":"3300167300","name":"Sanbornton","entity_type":"town","county":"Belknap"},"type":"Polygon","arcs":[[-623,355,356,-435,357,358,-582]],"id":"feature_172"},{"properties":{"geoid":"3301101700","name":"Antrim","entity_type":"town","county":"Hillsborough"},"type":"Polygon","arcs":[[-663,359,-480,-717,360,-368,361]],"id":"feature_173"},{"properties":{"geoid":"3301131540","name":"Greenfield","entity_type":"town","county":"Hillsborough"},"type":"Polygon","arcs":[[362,363,364,-386,365,-370]],"id":"feature_174"},{"properties":{"geoid":"3301133700","name":"Hancock","entity_type":"town","county":"Hillsborough"},"type":"Polygon","arcs":[[366,367,368,369,370,371]],"id":"feature_175"},{"properties":{"geoid":"3301137140","name":"Hollis","entity_type":"town","county":"Hillsborough"},"type":"Polygon","arcs":[[-467,372,-525,-741,373,-734]],"id":"feature_176"},{"properties":{"geoid":"3301146260","name":"Mason","entity_type":"town","county":"Hillsborough"},"type":"Polygon","arcs":[[374,-643,-468,-736,375,376]],"id":"feature_177"},{"properties":{"geoid":"3301150740","name":"New Boston","entity_type":"town","county":"Hillsborough"},"type":"Polygon","arcs":[[377,378,379,380,381,382,383]],"id":"feature_178"},{"properties":{"geoid":"3301176260","name":"Temple","entity_type":"town","county":"Hillsborough"},"type":"Polygon","arcs":[[384,385,386,-645,387,388,389]],"id":"feature_179"},{"properties":{"geoid":"3300349380","name":"Moultonborough","entity_type":"town","county":"Carroll"},"type":"Polygon","arcs":[[-495,-397,390,-532,-681,391,392,-417,393]],"id":"feature_180"},{"properties":{"geoid":"3300376100","name":"Tamworth","entity_type":"town","county":"Carroll"},"type":"Polygon","arcs":[[-413,394,395,396,-494]],"id":"feature_181"},{"properties":{"geoid":"3300536660","name":"Hinsdale","entity_type":"town","county":"Cheshire"},"type":"Polygon","arcs":[[397,-410,398]],"id":"feature_182"},{"properties":{"geoid":"3300545460","name":"Marlborough","entity_type":"town","county":"Cheshire"},"type":"Polygon","arcs":[[-606,-407,399,400,401,402,-755]],"id":"feature_183"},{"properties":{"geoid":"3300565700","name":"Roxbury","entity_type":"town","county":"Cheshire"},"type":"Polygon","arcs":[[403,404,405,406,-605]],"id":"feature_184"},{"properties":{"geoid":"3300585540","name":"Winchester","entity_type":"town","county":"Cheshire"},"type":"Polygon","arcs":[[407,-758,-727,408,409]],"id":"feature_185"},{"properties":{"geoid":"3300300420","name":"Albany","entity_type":"town","county":"Carroll"},"type":"Polygon","arcs":[[-431,410,-746,411,412,-493,413,414]],"id":"feature_186"},{"properties":{"geoid":"3300110660","name":"Center Harbor","entity_type":"town","county":"Belknap"},"type":"Polygon","arcs":[[415,416,417,-621]],"id":"feature_187"},{"properties":{"geoid":"3300944260","name":"Lyme","entity_type":"town","county":"Grafton"},"type":"Polygon","arcs":[[418,419,420,-451,421]],"id":"feature_188"},{"properties":{"geoid":"3300924340","name":"Enfield","entity_type":"town","county":"Grafton"},"type":"Polygon","arcs":[[422,423,424,-586,-590,425]],"id":"feature_189"},{"properties":{"geoid":"3300303700","name":"Bartlett","entity_type":"town","county":"Carroll"},"type":"Polygon","arcs":[[426,427,-457,-530,428,-748,429,430,431]],"id":"feature_190"},{"properties":{"geoid":"3301531700","name":"Greenland","entity_type":"town","county":"Rockingham"},"type":"Polygon","arcs":[[-450,-703,-552,432,433,-511]],"id":"feature_191"},{"properties":{"geoid":"3300104740","name":"Belmont","entity_type":"town","county":"Belknap"},"type":"Polygon","arcs":[[434,435,436,437,438,439]],"id":"feature_192"},{"properties":{"geoid":"3300323620","name":"Effingham","entity_type":"town","county":"Carroll"},"type":"Polygon","arcs":[[-690,440,-474,441]],"id":"feature_193"},{"properties":{"geoid":"3300948980","name":"Monroe","entity_type":"town","county":"Grafton"},"type":"Polygon","arcs":[[442,443,444,445]],"id":"feature_194"},{"properties":{"geoid":"3301551620","name":"Newington","entity_type":"town","county":"Rockingham"},"type":"Polygon","arcs":[[446,447,448,-704,449,-510]],"id":"feature_195"},{"properties":{"geoid":"3300933860","name":"Hanover","entity_type":"town","county":"Grafton"},"type":"Polygon","arcs":[[450,451,452,453]],"id":"feature_196"},{"properties":{"geoid":"3300767860","name":"Sargent's Purchase","entity_type":"unincorporated","county":"Coos"},"type":"Polygon","arcs":[[454,455,-531,456,457,458,459]],"id":"feature_197"},{"properties":{"geoid":"3301551380","name":"Newfields","entity_type":"town","county":"Rockingham"},"type":"Polygon","arcs":[[-513,460,461,462]],"id":"feature_198"},{"properties":{"geoid":"3301148020","name":"Milford","entity_type":"town","county":"Hillsborough"},"type":"Polygon","arcs":[[463,464,465,466,-733,467,-642]],"id":"feature_199"},{"properties":{"geoid":"3301300660","name":"Allenstown","entity_type":"town","county":"Merrimack"},"type":"Polygon","arcs":[[468,469,470,471,-629]],"id":"feature_200"},{"properties":{"geoid":"3300378180","name":"Wakefield","entity_type":"town","county":"Carroll"},"type":"Polygon","arcs":[[472,473,474,-671,475,-637,476]],"id":"feature_201"},{"properties":{"geoid":"3301136180","name":"Hillsborough","entity_type":"town","county":"Hillsborough"},"type":"Polygon","arcs":[[477,478,-712,479,480,481]],"id":"feature_202"},{"properties":{"geoid":"3300718420","name":"Dixville","entity_type":"unincorporated","county":"Coos"},"type":"Polygon","arcs":[[-487,-543,-565,482,483,-686,484,485]],"id":"feature_203"},{"properties":{"geoid":"3300713780","name":"Colebrook","entity_type":"town","county":"Coos"},"type":"Polygon","arcs":[[-544,486,487,488]],"id":"feature_204"},{"properties":{"geoid":"3300582660","name":"Westmoreland","entity_type":"town","county":"Cheshire"},"type":"Polygon","arcs":[[-506,-517,-608,489,490]],"id":"feature_205"},{"properties":{"geoid":"3300367780","name":"Sandwich","entity_type":"town","county":"Carroll"},"type":"Polygon","arcs":[[491,492,493,494,495,496,497]],"id":"feature_206"},{"properties":{"geoid":"3301532900","name":"Hampstead","entity_type":"town","county":"Rockingham"},"type":"Polygon","arcs":[[498,499,500,501,502,-694]],"id":"feature_207"},{"properties":{"geoid":"3300578420","name":"Walpole","entity_type":"town","county":"Cheshire"},"type":"Polygon","arcs":[[503,-752,504,-515,505,506]],"id":"feature_208"},{"properties":{"geoid":"3301552340","name":"Newmarket","entity_type":"town","county":"Rockingham"},"type":"Polygon","arcs":[[507,508,509,510,511,512,513]],"id":"feature_209"},{"properties":{"geoid":"3300575300","name":"Surry","entity_type":"town","county":"Cheshire"},"type":"Polygon","arcs":[[514,515,-723,-603,516]],"id":"feature_210"},{"properties":{"geoid":"3301137940","name":"Hudson","entity_type":"town","county":"Hillsborough"},"type":"Polygon","arcs":[[517,518,519,-602,520,-739]],"id":"feature_211"},{"properties":{"geoid":"3301147540","name":"Merrimack","entity_type":"town","county":"Hillsborough"},"type":"Polygon","arcs":[[521,522,523,-737,524,525]],"id":"feature_212"},{"properties":{"geoid":"3300338260","name":"Jackson","entity_type":"town","county":"Carroll"},"type":"Polygon","arcs":[[526,527,528,529,530]],"id":"feature_213"},{"properties":{"geoid":"3300377620","name":"Tuftonboro","entity_type":"town","county":"Carroll"},"type":"Polygon","arcs":[[531,532,533,-675]],"id":"feature_214"},{"properties":{"geoid":"3300961060","name":"Piermont","entity_type":"town","county":"Grafton"},"type":"Polygon","arcs":[[-617,534,535,536,537]],"id":"feature_215"},{"properties":{"geoid":"3300756100","name":"Northumberland","entity_type":"town","county":"Coos"},"type":"Polygon","arcs":[[538,539,540,541]],"id":"feature_216"},{"properties":{"geoid":"3300773380","name":"Stewartstown","entity_type":"town","county":"Coos"},"type":"Polygon","arcs":[[-566,542,543,544]],"id":"feature_217"},{"properties":{"geoid":"3301566180","name":"Rye","entity_type":"town","county":"Rockingham"},"type":"MultiPolygon","arcs":[[[545]],[[546]],[[547]],[[-702,548,549,550,551]]],"id":"feature_218"},{"properties":{"geoid":"3301571140","name":"South Hampton","entity_type":"town","county":"Rockingham"},"type":"Polygon","arcs":[[552,-731,553,554,555]],"id":"feature_219"},{"properties":{"geoid":"3300702420","name":"Atkinson & Gilmanton","entity_type":"unincorporated","county":"Coos"},"type":"Polygon","arcs":[[556,557,558,559,-563]],"id":"feature_220"},{"properties":{"geoid":"3300713220","name":"Clarksville","entity_type":"town","county":"Coos"},"type":"Polygon","arcs":[[560,561,562,563,564,565]],"id":"feature_221"},{"properties":{"geoid":"3300746020","name":"Martin's Location","entity_type":"unincorporated","county":"Coos"},"type":"Polygon","arcs":[[566,567,568,569]],"id":"feature_222"},{"properties":{"geoid":"3301306260","name":"Boscawen","entity_type":"town","county":"Merrimack"},"type":"Polygon","arcs":[[570,571,572,-636,-576,573]],"id":"feature_223"},{"properties":{"geoid":"3301314200","name":"Concord","entity_type":"city","county":"Merrimack"},"type":"Polygon","arcs":[[574,575,-635,576,577,-627,578]],"id":"feature_224"},{"properties":{"geoid":"3301335860","name":"Hill","entity_type":"town","county":"Merrimack"},"type":"Polygon","arcs":[[579,580,-624,581,582,583,584]],"id":"feature_225"},{"properties":{"geoid":"3301931220","name":"Grantham","entity_type":"town","county":"Sullivan"},"type":"Polygon","arcs":[[585,586,587,-591]],"id":"feature_226"},{"properties":{"geoid":"3301962340","name":"Plainfield","entity_type":"town","county":"Sullivan"},"type":"Polygon","arcs":[[588,589,590,591,592,593]],"id":"feature_227"},{"properties":{"geoid":"3301977940","name":"Unity","entity_type":"town","county":"Sullivan"},"type":"Polygon","arcs":[[-657,594,595,596,597,598]],"id":"feature_228"},{"properties":{"geoid":"3301159940","name":"Pelham","entity_type":"town","county":"Hillsborough"},"type":"Polygon","arcs":[[599,-649,600,601]],"id":"feature_229"},{"properties":{"geoid":"3300539300","name":"Keene","entity_type":"city","county":"Cheshire"},"type":"Polygon","arcs":[[602,-722,603,604,605,-754,606,607]],"id":"feature_230"},{"properties":{"geoid":"3301556820","name":"Northwood","entity_type":"town","county":"Rockingham"},"type":"Polygon","arcs":[[608,609,610,611,612,613]],"id":"feature_231"},{"properties":{"geoid":"3300934820","name":"Haverhill","entity_type":"town","county":"Grafton"},"type":"Polygon","arcs":[[614,615,616,617]],"id":"feature_232"},{"properties":{"geoid":"3300151540","name":"New Hampton","entity_type":"town","county":"Belknap"},"type":"Polygon","arcs":[[618,619,620,621,622,623,624]],"id":"feature_233"},{"properties":{"geoid":"3301306500","name":"Bow","entity_type":"town","county":"Merrimack"},"type":"Polygon","arcs":[[625,626,627,628,629,630]],"id":"feature_234"},{"properties":{"geoid":"3301309860","name":"Canterbury","entity_type":"town","county":"Merrimack"},"type":"Polygon","arcs":[[631,632,633,634,635]],"id":"feature_235"},{"properties":{"geoid":"3300307940","name":"Brookfield","entity_type":"town","county":"Carroll"},"type":"Polygon","arcs":[[636,637,638,639]],"id":"feature_236"},{"properties":{"geoid":"3301185220","name":"Wilton","entity_type":"town","county":"Hillsborough"},"type":"Polygon","arcs":[[640,641,642,643,644]],"id":"feature_237"},{"properties":{"geoid":"3301566660","name":"Salem","entity_type":"town","county":"Rockingham"},"type":"Polygon","arcs":[[645,-696,646,647,648]],"id":"feature_238"},{"properties":{"geoid":"3301350900","name":"Newbury","entity_type":"town","county":"Merrimack"},"type":"Polygon","arcs":[[649,650,651,652,653]],"id":"feature_239"},{"properties":{"geoid":"3301912900","name":"Claremont","entity_type":"city","county":"Sullivan"},"type":"Polygon","arcs":[[654,655,656,657,658]],"id":"feature_240"},{"properties":{"geoid":"3300573700","name":"Stoddard","entity_type":"town","county":"Cheshire"},"type":"Polygon","arcs":[[659,660,661,662,663,664,-720]],"id":"feature_241"},{"properties":{"geoid":"3300958340","name":"Orange","entity_type":"town","county":"Grafton"},"type":"Polygon","arcs":[[665,666,667,668]],"id":"feature_242"},{"properties":{"geoid":"3301748660","name":"Milton","entity_type":"town","county":"Strafford"},"type":"Polygon","arcs":[[669,670,671,672,673]],"id":"feature_243"},{"properties":{"geoid":"3300101060","name":"Alton","entity_type":"town","county":"Belknap"},"type":"Polygon","arcs":[[674,675,676,677,678,679,680]],"id":"feature_244"},{"properties":{"geoid":"3300748260","name":"Millsfield","entity_type":"unincorporated","county":"Coos"},"type":"Polygon","arcs":[[681,682,683,684,685]],"id":"feature_245"},{"properties":{"geoid":"3300327700","name":"Freedom","entity_type":"town","county":"Carroll"},"type":"Polygon","arcs":[[686,687,688,689,690]],"id":"feature_246"},{"properties":{"geoid":"3301517940","name":"Derry","entity_type":"town","county":"Rockingham"},"type":"Polygon","arcs":[[691,692,693,694,695,696,697,698]],"id":"feature_247"},{"properties":{"geoid":"3301562900","name":"Portsmouth","entity_type":"city","county":"Rockingham"},"type":"Polygon","arcs":[[699,700,701,702,703]],"id":"feature_248"},{"properties":{"geoid":"3300962660","name":"Plymouth","entity_type":"town","county":"Grafton"},"type":"Polygon","arcs":[[704,705,706,707,708,709,710]],"id":"feature_249"},{"properties":{"geoid":"3301117780","name":"Deering","entity_type":"town","county":"Hillsborough"},"type":"Polygon","arcs":[[711,712,713,714,715,716]],"id":"feature_250"},{"properties":{"geoid":"3300529220","name":"Gilsum","entity_type":"town","county":"Cheshire"},"type":"Polygon","arcs":[[717,718,719,720,721,722]],"id":"feature_251"},{"properties":{"geoid":"3300564420","name":"Richmond","entity_type":"town","county":"Cheshire"},"type":"Polygon","arcs":[[-757,723,724,725,726]],"id":"feature_252"},{"properties":{"geoid":"3301539780","name":"Kensington","entity_type":"town","county":"Rockingham"},"type":"Polygon","arcs":[[727,728,729,730,731]],"id":"feature_253"},{"properties":{"geoid":"3301108100","name":"Brookline","entity_type":"town","county":"Hillsborough"},"type":"Polygon","arcs":[[732,733,734,735]],"id":"feature_254"},{"properties":{"geoid":"3301150260","name":"Nashua","entity_type":"city","county":"Hillsborough"},"type":"Polygon","arcs":[[736,737,738,739,740]],"id":"feature_255"},{"properties":{"geoid":"3300314660","name":"Conway","entity_type":"town","county":"Carroll"},"type":"Polygon","arcs":[[741,742,743,744,745,746,747]],"id":"feature_256"},{"properties":{"geoid":"3301940900","name":"Langdon","entity_type":"town","county":"Sullivan"},"type":"Polygon","arcs":[[748,749,750,751]],"id":"feature_257"},{"properties":{"geoid":"3300575700","name":"Swanzey","entity_type":"town","county":"Cheshire"},"type":"Polygon","arcs":[[752,753,754,755,756,757]],"id":"feature_258"}],"type":"GeometryCollection"}},"bbox":[-72.557247,42.69699,-70.610621,45.305476],"transform":{"scale":[1.9466279466279556e-06,2.608488608488608e-06],"translate":[-72.557247,42.69699]},"arcs":[[[801286,64123],[-17343,-1980],[-6781,-3949],[-4707,-5994]],[[359465,535171],[32381,-9210]],[[677970,619680],[-1497,0],[658,-10067]],[[793420,75497],[553,424],[-4167,228],[-62,-485],[-2086,-53]],[[801463,99963],[-19261,-6344],[4029,-11734],[1427,-6274]],[[787658,75611],[-16385,-297],[-6237,-5380],[-439,-4115],[-5331,-4258]],[[735640,69276],[4468,828],[12997,-7713],[6161,-830]],[[759266,61561],[-3888,-3200],[17077,-6161]],[[772455,52200],[-5464,-10299],[-26483,4370]],[[498422,616360],[-4836,16183],[36937,3203]],[[588728,586889],[-15139,16281],[8787,1219]],[[637593,730942],[69969,1118]],[[736299,701958],[27475,30944]],[[785050,733857],[1229,-20356],[3991,-45153]],[[366096,379632],[23140,19603],[11037,-2996]],[[427113,454294],[-3002,18535]],[[509930,458573],[-2148,-173],[-18015,30998]],[[801015,182261],[19237,-3638]],[[347189,197950],[-16344,-2393]],[[423649,169752],[-28385,35296]],[[386236,4565],[-63510,1281]],[[794695,608743],[5253,-82572]],[[245871,7381],[-64184,1284]],[[254800,103054],[-12196,501],[23,243],[-26949,348],[595,-492],[-337,-2351],[-15599,555]],[[314885,35047],[1662,-4732],[6179,-24469]],[[322726,5846],[-76855,1535]],[[245871,7381],[-6489,29544]],[[252645,213951],[10355,-120],[1921,-12284],[16680,-13357]],[[776162,830429],[1544,-13217]],[[771280,872566],[1616,-16189],[3266,-25948]],[[776162,830429],[-66225,-2251]],[[629150,718181],[-12409,-17937]],[[600201,670191],[1121,-14328]],[[561071,888117],[-18513,-109],[524,331],[-463,701],[304,2276],[1738,627],[-1516,1039],[3050,3075],[1469,2848],[33,727],[-1061,806],[-2070,-456],[-1898,202],[-2233,1411],[67,1025],[282,351],[911,96],[1142,-263],[1442,1076],[-810,1133],[1338,1361],[311,1467],[-1178,1743],[247,368],[2659,317],[1862,-216],[-15,1040],[1027,765],[412,1128],[1789,246],[1358,832],[-283,859],[1771,-234],[4635,439],[1779,3424],[1425,193],[1060,587],[861,1438],[1475,1016],[1541,316],[1641,859],[464,1288],[-166,429],[-871,366],[1170,826],[3294,368],[1590,1818],[3156,1012],[1858,1314],[1065,2220],[-841,816],[439,595],[-685,900],[-3557,1518],[-730,1025],[1737,821],[337,1798],[1390,367],[1912,1202],[1610,3005],[-513,1831],[2855,1769],[1651,2247],[692,1099],[-499,1570],[316,613],[2166,484],[955,689],[1796,1936],[-182,1963],[2918,1070],[1102,1005],[-663,1946],[-2140,2576],[-2126,561],[-4186,456],[-863,1262],[-2126,1052],[-2458,407],[-1045,775],[-5319,2164],[-1047,850],[-1180,-70],[-515,254],[0,613],[814,570],[1928,175],[2841,-517],[1346,-587],[549,-727],[4619,-578],[1645,1094],[1944,211],[732,1034],[2543,1033],[2227,411],[4220,-526],[1296,-1533],[1278,-842],[2309,-640],[2445,2111],[167,674],[1614,1647],[7027,1262],[2959,1967],[214,1472],[-936,889],[-463,1222],[-1880,1437],[1312,1306],[3708,-438],[2992,1315],[1846,-367],[3923,728],[1247,859],[1146,1788],[5554,902],[3393,1806],[2727,78],[1098,622],[1015,1376],[1946,1577],[2362,1007],[2329,-96],[1714,744],[1235,-81],[945,677],[947,-1210],[-100,-683],[1031,-885],[4325,577],[3792,-1245],[-932,-849],[1217,-1725],[690,-3577],[1827,-1902],[1564,341],[4140,-2034],[1478,325],[516,-281],[2647,-2382],[2046,-604],[1948,-2636],[-747,-737],[978,-705],[1579,-8],[3110,1477],[699,-929],[4538,-254],[4504,1474],[2443,-18],[832,-254],[914,-1180],[1610,-315],[914,-625],[1296,-140],[-32,-1043],[1911,-17],[615,-1481],[864,-465],[1196,587],[549,859],[2127,1042],[1081,-78],[1961,517],[2364,1089],[2390,-608],[1263,-877],[3888,-1551],[133,-1201],[1595,1139],[5552,734],[1048,482],[2050,3162],[1770,613],[439,1568],[1926,1122],[-102,1323],[700,910],[1085,601],[388,1872],[2644,342],[1745,1210],[846,1490],[-1879,-106],[-716,903],[1062,1682],[2178,1079],[-367,1095],[3790,2787],[6272,1369],[842,-10],[3601,-22441],[2216,-25294],[6612,-63754]],[[633564,753212],[242,-3495],[-1826,-155],[744,-5502],[1741,103],[2034,-13260],[1094,39]],[[637593,730942],[-8443,-12761]],[[629150,718181],[-49173,-14802],[228,-3410],[-4962,-1506]],[[763703,230918],[8364,5414],[32414,23158]],[[807402,261532],[617,-1175],[4072,-3395],[1157,-1667],[-363,-1900],[3921,-5440],[1645,-724],[1843,-323],[2010,-2437],[1794,-549],[776,542],[7405,1033],[2247,-232],[1003,-2757],[7378,-3562],[2269,-175],[195,-3784],[-429,-637],[2596,-1345],[2618,35],[988,-1347],[-516,-995],[-3090,-1986],[720,-729],[2930,-82],[1525,487],[514,-237],[-993,-526],[-491,-1229],[284,-164]],[[820252,178623],[28666,-5399],[26809,-7295]],[[809834,147740],[10418,30883]],[[275910,350547],[7385,6152]],[[319495,318916],[-67736,5786],[-1207,3527]],[[195806,125078],[-470,-14679],[-784,14]],[[356940,611812],[-37803,-31092]],[[299254,35427],[-59872,1498]],[[239382,36925],[-19840,287],[-1396,6349]],[[384549,10883],[-6546,23339]],[[337304,34840],[-22419,207]],[[314885,35047],[-15631,380]],[[299254,35427],[-4883,17023]],[[266665,165543],[7537,12006]],[[782069,771699],[1958,-20894],[1023,-16948]],[[785050,733857],[-21276,-955]],[[763774,732902],[-56212,-842]],[[707562,732060],[-2054,39102]],[[617204,562260],[10801,1135],[1867,2662]],[[797080,100273],[-42352,266]],[[375636,455736],[53087,-11579]],[[401033,411682],[-67052,12732]],[[151423,181316],[-35783,-2725]],[[803439,470913],[771,-18416]],[[757683,443890],[-1607,5657],[-3621,6],[462,12421],[-5017,8722]],[[258650,285264],[21775,-1620],[6063,6452],[4755,4302]],[[342580,57518],[-48209,-5068]],[[294371,52450],[-3324,12003]],[[285639,85280],[-1160,4133]],[[598994,131867],[52944,-7517]],[[278858,263126],[55169,7444]],[[325263,224633],[-14525,-1825]],[[716922,667508],[73348,840]],[[790270,668348],[3149,-38144]],[[321713,320824],[13262,9899],[6711,5728],[14133,8988]],[[718105,252304],[36868,-17065],[8730,-4321]],[[763703,230918],[8333,-3700]],[[758733,124166],[-4005,-23627]],[[754728,100539],[-2180,-23]],[[689454,815853],[70879,549],[17373,810]],[[777706,817212],[2992,-28013],[1371,-17500]],[[782069,771699],[-46060,-309],[-2211,-228],[-28290,0]],[[705508,771162],[-13742,-88]],[[588728,586889],[11826,6251],[10637,12413]],[[618623,585015],[-1584,-1196],[298,-1047],[-713,-676],[337,-2094],[-573,-1146],[-901,-135],[-3026,-4411],[-1380,-1131],[926,-4005],[-3966,-2986]],[[597121,581827],[-8393,5062]],[[333981,424414],[-7589,-20877],[-5244,-16695]],[[321148,386842],[-24433,4010],[-17387,3826],[-22928,4118]],[[426431,560312],[-30681,6666]],[[470548,91428],[1740,-4240],[-2540,-275],[2579,-8266],[-2108,-172],[3504,-6046],[-14518,-1427],[706,-2732],[-2124,-243],[767,-2945],[-1081,-88]],[[348078,128746],[1854,-6230],[1161,91],[596,-2004],[-2046,-123],[74,-963],[-2395,434],[-523,1309],[-1845,-116],[628,-3577],[1795,97],[549,-1448],[2139,114],[1466,-4767]],[[356289,291751],[24513,6341]],[[442616,286648],[-9103,-2654],[-25976,-6357],[-38212,-9948]],[[391846,525961],[1584,3615],[9774,-2659]],[[470610,508538],[-28054,-39836],[-18445,4127]],[[424111,472829],[-35698,7888]],[[376779,493317],[3334,6331],[11733,26313]],[[566243,270524],[54418,-21496]],[[721656,865451],[-11719,-37273]],[[709937,828178],[-21831,-556]],[[222842,211825],[-2171,-24536],[-14886,-1366]],[[173393,183174],[-10251,36758]],[[205989,86448],[79650,-1168]],[[285639,85280],[3180,-13377],[2228,-7450]],[[291047,64453],[-36430,311],[-39049,1096]],[[896319,73733],[-1694,-1837],[-797,-4692],[-2298,-158],[-4636,-1135],[-3381,-1504],[-5779,-1555],[-19269,8308],[-8544,1503],[-6040,12]],[[364301,572585],[27584,30935]],[[416766,596550],[-1452,-1181],[-19564,-28391]],[[395750,566978],[-15842,2857]],[[891162,76904],[-4834,305],[-103,-1686],[978,-84],[674,-565],[-180,-1436],[-2033,1198],[-592,1059],[-1845,946],[-643,1694],[-546,100],[-471,-729],[-1090,508],[-627,-280],[-964,149],[274,620],[-1097,134],[141,-561],[-784,204],[-587,-280],[-1521,769],[-3050,646],[-7139,-595],[-11139,775],[-1043,-479],[-3337,-643],[-3647,750],[-1113,1002],[-2603,-31]],[[383725,163804],[39924,5948]],[[423649,169752],[33283,4887]],[[470535,136929],[3282,-7896],[-1897,-231]],[[408026,121586],[-1200,3223],[-7901,-1123],[-2752,7280]],[[490601,795109],[3663,1680],[-33,1820],[1375,965],[4269,814],[2289,-26],[4318,3302],[-932,1767],[638,1329],[1601,1651],[51,666],[-3790,1906],[-419,1061],[1751,2088],[2595,789],[3109,222],[792,744],[1997,3442],[1847,369],[1137,691],[240,588],[-399,1403],[-2084,1858],[-90,810],[1253,1050],[2496,1084],[433,791],[-1146,1130],[3,676],[2166,1790],[3205,959],[2546,320],[2865,1545],[-70,1316],[794,517],[2052,350],[703,445]],[[618529,814621],[-3583,-10207]],[[934577,144465],[16167,576],[1389,-6039],[-3974,-613],[-152,-2931]],[[345135,383011],[20961,-3379]],[[366096,379632],[-895,-361],[-3921,-3233],[13446,-4033],[-376,-340],[14596,-4358],[3974,2159]],[[379798,324793],[-16070,25682],[-7909,-5036]],[[355819,345439],[-18225,2930]],[[305134,498821],[71645,-5504]],[[376779,493317],[17372,-1404],[-5738,-11196]],[[388413,480717],[-12777,-24981]],[[568745,210158],[15491,11236],[19524,14900]],[[278568,591824],[40569,-11104]],[[319137,580720],[1265,-4017]],[[265890,559212],[379,281],[-640,231],[-1715,-41],[-257,475],[846,1359],[-2689,38],[-707,1242],[-1312,452],[-770,646],[-2298,4424],[-1974,2111],[-2480,1849],[816,2751],[2872,1980],[473,1515],[-755,1629],[642,570],[1498,395],[1244,1957]],[[1125,61770],[424,737],[-463,2182],[-555,468],[556,1574],[-146,1676],[1326,3657],[6229,1691],[4074,2567],[672,719],[-61,3532],[704,1691],[2541,1069],[432,465],[97,1121],[-1467,3866],[308,2180]],[[501300,381431],[-228,4996],[-14439,7364],[-16618,9538],[-17912,-781]],[[702591,434806],[3057,713]],[[586321,580865],[10800,962]],[[597121,581827],[5464,-13738],[5456,-1901]],[[608041,566188],[8803,-3086],[360,-842]],[[617204,562260],[6451,-15399],[-188,-12044],[3959,-2416],[6325,2244]],[[592176,193237],[11242,12623],[10862,13058]],[[786263,169047],[-23759,-21570]],[[716733,671981],[189,-4473]],[[716922,667508],[1905,-37240]],[[681309,629931],[-7415,-74]],[[673894,629857],[-1724,41621]],[[447094,628560],[51328,-12200]],[[498422,616360],[5746,-19230],[35142,3182],[807,-2814],[18562,1679],[13546,-4127],[14096,-14185]],[[586321,580865],[-5450,-486],[6851,-16653]],[[523789,575240],[-102341,20132],[-4682,1178]],[[416766,596550],[-2579,474],[-22302,6496]],[[325263,224633],[38967,4551],[-5064,8110],[-13200,18590]],[[360115,265296],[9210,2393]],[[369325,267689],[1880,-29852],[24942,6474]],[[427153,209769],[-31889,-4721]],[[395264,205048],[-48075,-7098]],[[347189,197950],[-21926,26683]],[[151423,181316],[21970,1858]],[[173393,183174],[32392,2749]],[[205785,185923],[-8498,-12656],[-2720,-6551]],[[161386,143312],[-9963,38004]],[[307219,467564],[118,-2068],[68299,-9760]],[[375636,455736],[-27333,-20222],[-14322,-11100]],[[333981,424414],[-32600,6489],[-28975,6497]],[[483293,104412],[61684,5107]],[[506943,76395],[-5957,18019],[-14557,-1360]],[[718105,252304],[-17394,-11869],[-7369,-6197],[-14611,-8819]],[[620661,249028],[34906,27523]],[[214462,57290],[3684,-13729]],[[218146,43561],[-18444,24],[651,-3709],[-10606,184],[493,-2533],[-5189,-87],[447,-1618],[-11500,144]],[[384921,97177],[31021,3079]],[[421242,86383],[2649,-6191],[-478,-74],[1200,-3214],[923,37],[401,-1372],[6201,308],[337,-1404],[3473,281],[274,-1854],[-776,-2583],[823,-11],[117,-822],[1160,-1404],[-172,-1059],[950,-2315],[869,-159],[564,-1123],[3418,260]],[[481483,286326],[1238,26],[1318,-471],[548,-1196],[1051,-676],[830,687],[1309,392],[1678,0],[705,-260],[1033,-1898],[1076,266],[486,643],[1537,263],[-282,954],[1271,981],[2347,-561],[1994,1121],[2407,-93],[2406,848],[2716,2105],[1134,206],[3024,-784],[562,219],[-593,749],[424,670],[909,284],[2029,-220],[3088,-988]],[[598398,119732],[7810,-23832]],[[572758,74146],[-5707,5437]],[[567482,82069],[-784,3256],[330,3068],[-1325,2922],[-1467,1943],[-904,2713],[-1007,825],[-4469,1854],[-2335,4660],[-7675,-820],[-1865,7110],[-1004,-81]],[[544977,109519],[-8418,25665]],[[704270,376392],[11405,-4165],[5902,4522],[15477,-5917],[1486,924],[1322,-52],[29721,-11574]],[[229042,296255],[-2116,-8824]],[[112307,215767],[-9070,-757],[7322,-20465]],[[54018,178016],[116,3386],[-353,744],[4701,2919],[-177,955],[-2921,2664],[-434,1271],[5810,3278],[643,657],[-450,2401],[-1011,2393],[32,1455],[3100,4363],[401,1149],[-1525,1875],[-1173,2270],[125,3322],[1784,2138],[7006,1901],[3150,3041],[3909,4416],[3172,7860],[3187,3680],[-1108,1560],[-2524,1271],[-3937,3840],[-80,490],[1877,2309]],[[603188,633014],[58062,892],[188,-4220],[12456,171]],[[673894,629857],[-60594,-16802]],[[608785,611847],[-26409,-7458]],[[582376,604389],[-7234,28961]],[[301080,467185],[3524,-833],[271,-2640],[-18382,-13346],[-14087,-12966]],[[199227,450690],[-2132,2707],[443,1757],[1106,740],[4585,219],[1243,597],[324,1706],[1470,1670],[2260,1758],[8139,3014],[1351,1320],[4580,1545],[1805,979],[1169,1538],[627,4135],[-1168,3458],[298,1009],[877,556],[3103,61],[2352,698],[3701,3031]],[[169357,305003],[-1402,293],[-7212,-7754],[-9203,2094],[-509,-1024],[-3089,410],[-1348,-7876],[1223,-12542]],[[82608,280604],[401,3680],[857,2348],[1759,2514],[-993,6187],[4905,3311],[631,1569],[699,4425],[-2266,3306],[-5924,2992],[-1064,1060],[-96,999],[1114,2162]],[[917910,104471],[-710,-551],[-58,-616],[1151,-781],[-1057,-1188],[-1987,-1575],[-1783,-157],[-2480,-1806]],[[665720,122309],[15848,24574]],[[690575,145675],[42141,-5537]],[[722830,124299],[-9107,-14085]],[[707875,100998],[15297,-230]],[[867637,118127],[-10143,-13075]],[[636762,178421],[1128,-132],[17834,21679]],[[719453,180161],[-10512,-8804],[9078,-3226],[-6852,-5361],[-8058,3905],[-9172,-7458],[8592,-1015],[-6302,-6599],[-573,85],[-5079,-6013]],[[690575,145675],[-9007,1208]],[[681568,146883],[-64537,8400]],[[732716,140138],[4693,7217],[25095,122]],[[762504,147477],[31010,119]],[[794329,123993],[-35596,173]],[[758733,124166],[-35903,133]],[[722830,124299],[9886,15839]],[[834268,124204],[94,-977],[-1089,-895],[-1718,-740],[-650,-1264],[815,-2673],[-1194,258],[-925,-277],[-45,-800],[752,-98],[1570,497],[78,-442],[-1073,-553],[1132,-885],[-130,-679],[25609,-9624]],[[850298,103587],[-12307,-2536]],[[808862,99565],[-7399,398]],[[801463,99963],[-434,282],[-2970,272],[-979,-244]],[[797080,100273],[-1128,3618],[1653,559],[526,-275],[476,392],[1413,38],[-5691,19388]],[[794329,123993],[-1427,5180]],[[850298,103587],[7196,1465]],[[857494,105052],[27777,-4535],[25715,-2720]],[[910986,97797],[-1370,-1807],[208,-1280],[-2324,-486],[-1702,-1105],[-1958,-3777],[-426,-2204],[248,-1289],[1749,-1074],[-3996,-186],[-1769,-418],[-1408,-1442],[-1012,-2262],[-163,-5563],[-744,-1171]],[[896319,73733],[-5157,3171]],[[891162,76904],[86,2659],[-611,658],[-5150,2369],[-3306,149],[-424,1155],[-612,-49],[-1266,-1068],[-859,135],[-4061,3945],[699,425],[-1914,634],[635,842],[-1168,202],[-188,594],[-1584,-123],[-1559,883],[-1568,202],[-1905,1304],[-1599,6],[-2076,2600],[484,666],[-330,680],[-3150,1688],[102,412],[-3269,1892],[-3331,1161],[-1121,1662],[-1819,1000]],[[606208,95900],[15669,-2035]],[[629064,55199],[-8646,-687],[1466,-974],[-683,-1971],[628,-1524],[-1004,-1184],[2407,-674],[-1137,-1292],[290,-591],[549,-214],[-2125,-1681],[792,-1103],[-673,-752],[-2784,-860],[-462,-684],[423,-673],[-1474,27],[-297,-1115],[-1646,-155]],[[580583,49013],[-7825,25133]],[[572758,74146],[-4588,15350],[38937,3404],[-899,3000]],[[729871,62690],[9047,-6996],[218,-1106],[1129,-951],[-1278,-1454],[1348,-616],[1035,-980],[972,-2156],[-1834,-2160]],[[740508,46271],[-8604,1419],[-8836,-2262],[-8512,-2765]],[[640226,91525],[5605,13073],[812,-66],[2316,4859],[-2125,203],[1678,2995],[2516,7163],[910,4598]],[[651938,124350],[13782,-2041]],[[665720,122309],[-3263,-5180],[24784,-3829],[-217,-641],[9516,208],[8037,-1559],[9146,-1094]],[[713723,110214],[-5848,-9216]],[[707875,100998],[-22686,1793],[1863,-17320]],[[723172,100768],[29376,-252]],[[752548,100516],[-489,-2733],[-1322,-21163],[-5471,-541]],[[724830,76925],[-1658,23843]],[[686562,608358],[9210,117],[-368,11132]],[[702318,630140],[16509,128]],[[718827,630268],[14117,-3],[29501,-699],[30974,638]],[[793419,630204],[1276,-21461]],[[794695,608743],[-17524,-426],[368,-3393],[799,6],[-86,-14349],[-14423,9],[-14424,-799]],[[616741,700244],[60758,1158],[58800,556]],[[736299,701958],[-19566,-29977]],[[716733,671981],[-44563,-503]],[[672170,671478],[-71969,-1287]],[[600201,670191],[-4491,-81],[21031,30134]],[[608785,611847],[4515,1208]],[[613300,613055],[3967,-11082]],[[622260,587776],[-3637,-2761]],[[618623,585015],[-7432,20538]],[[611191,605553],[-2406,6294]],[[477101,656796],[10708,-8541],[-40715,-19695]],[[447094,628560],[-5118,-1711]],[[406630,655290],[1913,276],[3018,-240],[3369,-1704],[1836,-389],[1871,180],[1887,2372],[1037,708],[2852,468],[4344,79],[4111,-503],[6384,1636],[3522,1706],[5850,2186],[638,1288],[1218,144],[1166,-446],[562,114],[500,714],[-1690,2157],[976,445],[4211,153],[2944,725],[1651,1209]],[[579185,676164],[4939,-16525],[17198,-3776]],[[601322,655863],[1866,-22849]],[[603188,633014],[1434,-4741],[-9853,-1015],[-2430,7643],[-17197,-1551]],[[575142,633350],[-33324,-2766],[-9492,-1068],[-1803,6230]],[[530523,635746],[-9587,34457]],[[571113,697226],[4130,1237]],[[575243,698463],[376,-5096],[2265,-9403],[1301,-7800]],[[579185,676164],[-52511,-4218],[-5738,-1743]],[[520936,670203],[-43835,-13407]],[[477101,656796],[-16301,11772]],[[460800,668568],[1691,2938],[297,2512],[1961,2055],[3318,-199],[1322,227],[2330,1464],[-329,744],[-3048,987],[-897,579],[-35,648],[1271,1178],[3379,1033],[2839,2299],[2641,121],[1082,-286],[455,-658],[-862,-582],[-4382,-1068],[188,-696],[1395,-614],[2485,94],[1230,351],[2140,2954],[1309,1132],[4273,-629],[5236,798],[2116,2732],[683,2922],[1261,117],[1223,-1202],[1067,125],[560,587],[-1313,2201],[337,362],[760,-73],[1189,-1408],[1406,-461],[1599,-14],[705,374],[-24,561],[-3103,1572],[-2172,2720],[-2492,1009],[-1196,1446],[968,613],[2718,-352],[2125,380],[2212,1311],[2112,1907],[1329,2004],[-145,563]],[[571669,801179],[43277,3235]],[[614946,804414],[-1497,-4162],[18131,-1039]],[[632874,769916],[690,-16704]],[[633564,753212],[-46704,-675]],[[675956,608487],[1175,1126]],[[677131,609613],[768,-1354],[8663,99]],[[686562,608358],[117,-1582],[-846,-980],[-393,-2085],[-1199,-1492],[-540,-1860],[-863,-802],[-1811,-901],[-5714,-1255],[-431,-660],[141,-3770]],[[490601,795109],[81068,6070]],[[571669,801179],[4473,-14117],[591,-750],[10127,-33775]],[[586860,752537],[902,-3341],[-38066,-3071]],[[513287,745598],[-371,899],[-1478,998],[-585,2121],[-1166,553],[-1016,-172],[-1013,-1173],[-1336,-150],[-3690,416],[-313,508],[1706,174],[826,794],[-1084,520],[-2422,-283],[-2277,939],[-831,696],[86,674],[1072,628],[-24,1129],[-1121,1040],[192,652],[2537,593],[290,455],[-534,399],[-1880,40],[-5100,1260],[-274,544],[1241,914],[-9,911],[-1136,1243],[-780,1805],[749,1090],[1384,392],[-171,498],[-3268,692],[-246,459],[1122,1281],[-672,1044],[-1977,607],[-1851,1815],[-2548,1670],[-19,964],[-3177,1259],[871,2215],[-1049,301],[-1621,-573],[-1440,65],[-622,510],[635,2783],[-592,1367],[523,1106],[-945,1635],[-2093,573],[-505,675],[83,841],[835,388],[2453,120],[2222,760],[2305,202],[1959,1035],[559,2050],[3674,1301],[1226,1259]],[[252645,213951],[1074,-2278],[-30877,152]],[[222842,211825],[-13553,59],[-2097,12236],[-2983,-277]],[[147817,278604],[73794,-11261]],[[220801,242532],[-36,-1105],[-7941,784],[-4202,-6297],[-4060,772],[-1717,-2583],[-1638,290]],[[221611,267343],[5315,20088]],[[226926,287431],[31724,-2167]],[[258650,285264],[-2203,-6844],[5393,-4060],[376,-687],[-1505,-11732]],[[245872,245966],[-6710,866],[-18361,-4300]],[[220801,242532],[810,24811]],[[565233,211594],[3512,-1436]],[[568745,210158],[-6248,-5084],[29679,-11837]],[[592176,193237],[-6163,-8601],[11383,-1310]],[[620661,249028],[58070,-23609]],[[678731,225419],[-5818,-3742]],[[665345,212363],[-51065,6555]],[[614280,218918],[3601,2388],[2145,800],[893,833],[2336,73],[870,793],[173,1415],[1592,135],[2014,1173],[-24144,9766]],[[603760,236294],[16901,12734]],[[396147,244311],[35756,10037]],[[456815,215891],[-28416,-7538],[-1246,1416]],[[427153,209769],[-31006,34542]],[[291243,294398],[28252,24518]],[[319495,318916],[2218,1908]],[[321713,320824],[18774,-27160],[10151,6271],[5651,-8184]],[[356289,291751],[-15654,-3373],[12449,-15729],[7031,-7353]],[[360115,265296],[-447,-2199],[-10629,-4633],[-3073,-2580]],[[345966,255884],[-8529,10079],[-3410,4607]],[[334027,270570],[-14509,4764],[7400,6821],[-4743,2009],[-14368,3393],[-7001,3735],[-9563,3106]],[[456932,174639],[20349,2951]],[[534144,142580],[-63609,-5651]],[[470535,136929],[-13603,37710]],[[479359,296287],[-2209,-464],[1738,-3503],[-1602,-363],[4197,-5631]],[[481483,286326],[-4170,-278],[932,-2621],[1576,281],[1325,-2589],[-4665,-326],[2335,-8586],[-8421,-502],[-529,-2200],[619,-1179],[-1795,-3577],[-1764,-854]],[[455952,260959],[-690,2626],[-5338,1009],[-353,1427],[-909,381],[-1740,-565],[-525,1995],[-722,-392],[-893,4697],[-4586,-1035],[1403,8201],[3606,889],[-2589,6456]],[[442616,286648],[-5540,11052],[-1074,-322],[-5589,7423],[-7329,4235]],[[534144,142580],[3245,287],[-729,2419]],[[617031,155283],[-18037,-23416]],[[598994,131867],[-517,-644],[-5511,679],[2760,-6046],[658,-3217],[2014,-2907]],[[598398,119732],[-29576,4125],[-2476,9174],[-9863,-3345],[-929,893],[-1930,466],[-2070,1108],[-2842,3860],[-12153,-829]],[[536559,135184],[-2415,7396]],[[410267,374868],[12793,4059]],[[461682,391244],[2125,-2507],[7,-1114],[-1293,-2074],[1082,-1316],[2916,-1851],[1011,-1527],[-620,-2275]],[[392920,369466],[17347,5402]],[[410267,374868],[1811,-173],[1395,-588],[369,-617],[1199,-444],[1270,-1006],[24,-793],[822,-446],[1277,-151],[1757,-1219],[102,-322],[-1490,-1157],[-2023,426],[-1370,728],[-4053,683],[-2485,-633],[-141,-895],[3959,-4051],[1795,-921],[1136,-1006],[5440,-2270],[479,-673],[-424,-669],[15435,4495],[3543,-3557],[6444,1790],[3363,-3700],[2343,615],[1568,-1635],[-1050,-354],[713,-711],[9117,2822]],[[409029,333810],[-266,605],[5557,3910],[-15787,23566],[-5613,7575]],[[415039,423788],[13684,20369]],[[428723,444157],[-1610,10137]],[[427113,454294],[2195,0],[3577,-768],[679,714],[3073,-312],[1294,-1237],[110,-678],[982,-1133],[1399,-674],[1826,-140],[951,-404],[1324,-1387],[784,-193],[274,-1071],[2289,-1237],[11617,834],[-1042,441],[-839,-35],[47,676],[-556,642],[54879,3292]],[[520614,421337],[-64529,-5097]],[[364301,572585],[15607,-2750]],[[379908,569835],[-20443,-34664]],[[359465,535171],[-28393,7622]],[[331072,542793],[-10670,33910]],[[320402,576703],[5363,196],[1411,865],[714,1358],[36411,-6537]],[[116905,346252],[597,238],[436,718],[-291,1595],[-2295,1332],[-1051,1612],[177,1814],[1048,2231],[1744,737],[889,1358],[-1148,885],[177,1043],[3395,1280],[3735,867],[597,631],[114,1437],[-615,1095],[534,2585],[582,877],[1051,490],[2604,2611],[1214,2883],[163,1543],[-1504,1910],[350,3618]],[[403204,526917],[23227,33395]],[[426431,560312],[74814,-17824],[22544,32752]],[[523789,575240],[58258,-10505]],[[477349,510511],[-1949,-3276],[-4790,1303]],[[470610,508538],[-67406,18379]],[[406630,655290],[35346,-28441]],[[441976,626849],[-14985,-6292],[-12075,-5574],[-23031,-11463]],[[391885,603520],[-34945,8292]],[[356940,611812],[-34443,8968]],[[294150,628401],[1812,511],[9240,-362],[2612,334],[6619,122],[3141,-729],[1877,-28],[3229,693],[2066,1704],[3932,1730],[4119,714],[3639,-345],[15339,-4167],[5410,1334],[4784,293],[4268,1277],[5681,2274],[7409,1075],[3050,1000],[251,681],[-1991,3864],[2082,1567],[-97,399],[-1720,1124],[711,2480],[2856,740],[2758,-202],[1615,360],[214,642],[-1844,1700],[1,577],[4913,2830],[1662,379],[6203,-177],[6639,2495]],[[582047,564735],[5675,-1009]],[[587722,563726],[13373,-4701],[5456,-13928],[15,-5674],[-2641,-2375],[7847,-11252],[10119,115]],[[604995,500119],[-61641,-6130],[0,1345],[-53587,-5936]],[[489767,489398],[-12418,21113]],[[477349,510511],[1618,2721],[1881,161],[133,-527],[2109,-357],[4507,427],[1748,-690],[1787,-1515],[3324,-100],[1886,-375],[2763,-1172],[2704,91],[706,-921],[2563,-404],[203,-550],[4061,-488],[667,-685],[-32,-465],[5840,-1515],[886,-968],[4319,-1957],[1136,-1371],[2540,240],[1529,1360],[3802,11],[2257,345],[760,664],[298,1270],[3180,1985],[975,270],[2649,137],[3066,-1082],[1128,15],[470,307],[-901,2729],[2085,552],[1176,740],[133,574],[-533,988],[2673,1629],[894,1650],[1254,936],[-713,1307],[55,930],[-3191,1308],[-70,1971],[956,2126],[2195,1983],[-1780,1673],[330,828],[1936,1781],[2391,164],[1458,576],[2806,100],[-274,1117],[1959,456],[2431,44],[5871,1957],[1607,1512],[1450,679],[1450,2225],[1858,685],[2320,359],[1450,723],[6483,512],[1099,1787],[-276,658],[2006,90],[2595,-640],[2462,673],[964,561],[219,421],[-532,2162],[-941,494],[368,1234],[965,1182],[-769,804],[-3151,930],[-4876,4323],[-4303,2200],[-243,1214],[2202,1681],[-2468,1267],[2414,2506],[-259,1001]],[[731333,194215],[40703,33003]],[[772036,227218],[31896,-15258],[20303,-9254]],[[819735,198897],[-18720,-16636]],[[801015,182261],[-14752,-13214]],[[786263,169047],[-52019,23816]],[[824235,202706],[12941,11196]],[[892451,191625],[427,-646],[-102,-813],[-697,-526],[-1568,-226],[-2131,-916],[-205,-767],[1798,-2683],[668,-1955],[-2466,-2147],[257,-997],[-668,-3258],[-2414,-4217],[462,-1380],[1490,-1879],[976,-3565],[668,-767],[3493,-1725]],[[878621,164500],[-2894,1429]],[[875727,165929],[-15709,8213],[-40283,24755]],[[819735,198897],[4500,3809]],[[756139,278847],[-1607,-1106]],[[716404,322780],[5134,3320],[12777,9649]],[[742695,310417],[11837,-32676]],[[754532,277741],[-36427,-25437]],[[882524,209820],[320,-526],[721,-234],[1862,210],[4407,-743],[3702,-1157],[839,-1118],[400,-2290],[1850,-275],[1136,-1111],[-1787,-3126],[-1944,-1016],[-1983,-5683],[404,-1126]],[[892451,191625],[-6024,-329],[-94,781],[-2203,-220],[-1316,2998],[-3066,-254],[-2021,-676],[-2807,310],[-7185,1626],[-1367,1305],[-7745,4665]],[[852027,226232],[1214,-702],[5034,-958],[1439,-2032],[462,-1648],[565,-269],[3805,-234],[880,-659],[-84,-581],[1263,-891],[3627,-462],[948,-753],[913,-2224],[719,-405],[1605,-420],[1576,620],[4476,-953],[2100,-1188],[-1058,-985],[1013,-1668]],[[882524,209820],[-23901,-7989]],[[858623,201831],[-21447,12071]],[[837176,213902],[14851,12330]],[[636942,311441],[-37760,-8477],[-3033,-2295]],[[569421,309421],[2761,6332],[-5122,294],[2233,4821],[-4814,761],[5046,10241],[508,1981],[5680,-492],[4194,13662],[-3057,1913],[-8983,4121]],[[623130,357383],[-2713,-391],[-2343,544],[-3308,2500],[-2932,1349],[-1944,316],[-3895,-103],[-2368,-576],[-258,-1135],[846,-1410],[-549,-2689],[-917,-744],[-2218,-59],[-1380,801],[-313,995],[-910,956],[-845,144],[-5214,-913],[-1263,-696],[-971,-1222],[-1506,-1094],[-1073,-322],[-5291,509],[-3473,-290],[-4343,828],[-1881,29],[-1842,-480],[-2359,-1175]],[[567867,353055],[-8200,4159],[-1458,225],[-12079,-4665],[-8200,-5072],[-9955,-2647],[494,-509],[-3402,-971],[-204,-725],[1027,-3133],[1152,-1918],[1450,-1237],[7816,-3940],[1324,-2351],[259,-2080]],[[469764,339285],[38418,-6587],[29709,-4507]],[[537891,328191],[-282,-2606],[360,-1100],[784,-1164],[4076,-3632]],[[537829,308841],[-58470,-12554]],[[479359,296287],[-1795,3150],[-1239,-272],[-4123,5519],[-7925,-1585],[-63,1141],[-650,538],[-2587,1027],[-5276,924],[-1693,880],[-1968,424],[-1552,2071],[-1481,837],[-823,1026],[-1952,831],[-1466,1234],[219,687]],[[264701,147690],[30007,3624]],[[331668,135839],[-1372,-1036],[-2869,-982],[588,-673],[-5673,-521],[884,-120],[-259,-1664],[1920,-339],[-619,-445],[776,-90],[63,-501],[-1176,225],[-1473,-1040],[-910,-1299],[1309,-439],[-1019,-29],[1693,-1044],[149,-1109],[-1073,339],[-1043,-453],[760,-260],[-368,-483],[-5965,-532]],[[256056,118121],[438,5296]],[[319902,111267],[6945,-1649],[24684,1945]],[[351531,111563],[2861,-9345],[25979,2039],[422,-1313],[-3511,-372],[917,-3296],[3089,357],[1943,-2621],[1690,165]],[[384921,97177],[615,-2224],[964,91],[1191,-1834],[-5149,-448],[1591,-4478],[-5581,-579],[643,-2182],[-4547,-356],[995,-2671],[-7019,-884],[2730,-6600],[-10631,-827],[1304,-3345]],[[348349,69645],[-7008,25688],[-26887,-2383]],[[254800,103054],[1256,15067]],[[256056,118121],[13874,1248],[-228,1056],[1419,354],[729,47],[259,-1258],[14384,1463],[29498,2313]],[[315991,123344],[1293,-4788],[-886,-82],[721,-2527],[-564,-324],[149,-711],[901,47],[839,-942],[-5155,-485],[412,-932],[5292,390],[39,-1515],[870,-208]],[[319902,111267],[102,-1046],[1225,-1833],[-409,-2662],[587,-1621],[361,-4162],[-4461,-702],[-470,-875],[650,-459],[-235,-491],[-1912,-234],[-1451,-814],[-368,-386],[118,-731],[681,-702],[-1277,-605],[-8,-290],[1419,-704]],[[314454,92950],[-27958,-3037],[-2017,-500]],[[284479,89413],[-1396,5201],[-28784,386],[501,8054]],[[487973,38978],[25375,1881]],[[521187,2180],[-45172,799]],[[384549,10883],[15912,1362],[-2707,9531],[-3188,13891]],[[439660,3575],[-53424,990]],[[386236,4565],[-1687,6318]],[[408026,121586],[63894,7216]],[[471920,128802],[-131,-1810],[-1155,-990],[968,-539],[2544,151],[1279,-658],[4131,-10030],[3737,-10514]],[[483293,104412],[3136,-11358]],[[486429,93054],[-15881,-1626]],[[470548,91428],[-49306,-5045]],[[421242,86383],[-5300,13873]],[[415942,100256],[-7916,21330]],[[342580,57518],[3057,378],[-1685,3711],[6357,843],[-1960,7195]],[[348349,69645],[13678,1195]],[[362027,70840],[10473,913],[2148,-7323]],[[383530,34822],[-5527,-600]],[[378003,34222],[-40699,618]],[[337304,34840],[-1716,6753],[3229,1182],[2234,1260],[243,875],[1121,889],[39,1050],[1584,2296],[1136,985],[-470,2223],[-776,965],[744,1539],[-234,734],[-2109,582],[251,1345]],[[656171,413230],[17778,-1726]],[[623451,357220],[-321,163]],[[623130,357383],[-49134,25432]],[[526854,407895],[-346,1472]],[[690826,470562],[11765,-35756]],[[702591,434806],[-27843,-6715],[-18577,-14861]],[[656171,413230],[-25124,3003]],[[1125,61770],[39957,-1935]],[[54479,11363],[-3762,85],[16,860],[-1291,1577],[-3506,3067],[-2694,1804],[-1473,4519],[-861,1358],[-894,718],[-2837,929],[-3208,2654],[-2168,315],[-1339,-141],[-668,-1481],[-740,-536],[-3748,-1243],[-2630,-227],[-1529,815],[-334,1044],[974,1060],[3321,1217],[166,872],[-416,1163],[-1487,1611],[-3391,2503],[-10915,5437],[-955,1578],[-594,2972],[-1108,1444],[-1940,8263],[-2505,1797],[-1963,2419],[1125,1954]],[[204790,90747],[1199,-4299]],[[205989,86448],[4162,-14259],[3864,-128],[1553,-6201]],[[215568,65860],[-3614,70],[2508,-8640]],[[214462,57290],[-3950,-561],[-980,2843],[-21103,-1966],[-877,1398],[-2478,1413],[-1097,257],[-66,411],[-1948,1622],[-1090,357],[71,518],[-2783,2170],[-6765,-413]],[[174759,105324],[384,5426],[19409,-337]],[[194552,110413],[-259,-8411],[6044,-144]],[[200337,101858],[-291,-2767],[3599,-81],[-157,-3022],[1302,-5241]],[[204790,90747],[-32523,-2239],[-8,-1474]],[[41082,59835],[45232,-1922]],[[118649,9914],[-64170,1449]],[[54479,11363],[-13397,48472]],[[707193,508031],[12887,942]],[[728021,485285],[-14776,-275],[-22419,-14448]],[[690826,470562],[-35714,-3577],[0,195],[-15293,-1055],[-816,3650],[-7062,-468],[839,-3671],[-17789,-1237]],[[614027,467300],[-9032,32819]],[[604995,500119],[-2089,8076]],[[501300,381431],[30790,2317],[-5236,24147]],[[526854,407895],[47142,-25080]],[[573996,382815],[-7509,-2966],[-1113,643],[-2195,-1126],[-6185,2811],[-3088,1816],[-23242,-12135]],[[199227,450690],[73179,-13290]],[[272406,437400],[-16006,-38604]],[[256400,398796],[-8992,1614]],[[180864,411784],[197,3616],[-384,1544],[1654,1059],[2367,863],[1348,1047],[2225,3250],[3034,1492],[778,1334],[-437,1666],[-1688,1845],[-760,1527],[219,755],[2664,2841],[582,1278],[-339,4246],[-2320,3260],[-275,964],[1606,2786],[998,817],[4179,400],[3495,974],[-780,1342]],[[203856,368615],[72054,-18068]],[[275910,350547],[-25358,-22318]],[[250552,328229],[-10982,-9321]],[[179250,340510],[20358,24390],[4248,3715]],[[621891,525911],[4947,-1732],[9642,1840],[-932,3392],[-3127,-524],[1330,5758]],[[633751,534645],[6068,58],[2267,8245]],[[749798,547118],[1065,-17765],[6107,322],[7,-1299]],[[716111,520920],[-11700,-1111],[2139,-3155],[-109,-5747],[635,-1182],[-980,-135],[1097,-1559]],[[707193,508031],[-71989,1019],[-32298,-855]],[[602906,508195],[3700,2723],[15285,14993]],[[895489,116757],[-19927,2088],[-7925,-718]],[[867637,118127],[4935,6441],[-2402,738],[2233,1568],[-6756,2773],[1407,1076],[255,614],[-19864,7789]],[[537829,308841],[485,365],[63,1112],[-768,1383],[817,1298],[4270,3943],[423,1942],[-290,805]],[[542829,319689],[2329,-378],[3252,-1205],[1027,-684],[1808,-2573],[16888,-6658],[1288,1230]],[[569421,309421],[1534,1406],[25194,-10158]],[[596149,300669],[-11679,-8164],[-22947,-17799],[-3742,-866]],[[557781,273840],[-40053,15753]],[[517728,289593],[1113,64],[1531,1055],[2398,755],[298,255],[-314,857],[2234,1798],[1098,1378],[209,1149],[-1581,2519],[102,1687],[995,94],[3763,-728],[2062,763],[1857,1910],[-94,705],[-1426,1184],[3355,1568],[2501,2235]],[[805607,419822],[2121,-14993],[2221,-26320]],[[792856,376365],[-60343,26845],[243,496],[25953,18222]],[[294150,628401],[28347,-7621]],[[322497,620780],[-8043,-7354],[-8644,2221],[-22852,-19269],[-1976,-214],[-4084,-3840],[1670,-500]],[[278568,591824],[-2172,-1585],[-1230,257],[-4178,-1907],[-855,518],[-1034,-445],[3574,-2605],[-7102,-3505],[368,-965],[-1019,-611],[-290,471],[-838,-477],[-3692,2004],[-1037,102]],[[259063,583076],[229,360],[-718,1467],[163,1279],[2925,4774],[-294,1043],[-848,1086],[-1992,1104],[-2975,3818],[-716,2489],[1133,971],[210,1214],[-760,298],[-2314,-712],[-1331,92],[-666,1173],[1540,2277],[3367,3452],[2838,1633],[3623,569],[923,1142],[2568,376],[3484,2502],[422,5054],[-978,650],[509,1187],[1929,749],[5219,-837],[2767,330],[4949,1155],[8001,2177],[936,556],[944,1897]],[[863961,146994],[3353,1701],[2244,718],[904,704],[946,2320],[-525,6449],[1121,1591],[-2211,1746],[-149,594],[988,1021],[1618,570],[3079,483],[3292,-391]],[[878621,164500],[4658,-2532],[2011,-564],[4180,6],[2969,1748]],[[892439,163158],[5801,-2116],[13362,-6683]],[[893412,140200],[-3896,-369],[-823,374],[-2234,-1123],[-1646,-286],[-11422,1535],[-3426,840],[-2288,930],[-6052,3632]],[[180864,411784],[66544,-11374]],[[247408,400410],[-41349,-29871],[-2203,-1924]],[[203856,368615],[-74448,13027]],[[129408,381642],[105,1082],[2109,2340],[752,1860],[3775,1938],[3807,3461],[4898,2749],[1795,2253],[1740,339],[2015,-152],[9965,3526],[5594,1101],[1921,1298],[6339,6279],[3742,754],[2899,1314]],[[617267,601973],[51673,5981],[7016,533]],[[675956,608487],[-596,-4104],[-1513,-1500],[-6922,-1890],[-2014,-1591],[-863,-2816],[440,-2761],[-1458,-2054],[188,-2231],[3025,-2720]],[[644600,552202],[-2514,-9254]],[[642086,542948],[-4235,-474],[-7979,23583]],[[629872,566057],[2508,3544],[4123,3390],[367,1934],[-971,3223],[1545,2348],[3308,2521],[4499,1720],[2422,1358],[1983,2415],[1325,3306],[-11139,-1358],[-9140,2627],[-282,-617],[-3951,-1507],[-4209,-3185]],[[622260,587776],[-4993,14197]],[[845023,136462],[-2188,-2984],[-1097,-631],[-3425,-530],[-3583,-2448],[-1669,-316],[-564,-421],[-142,-421],[1192,-1486],[-165,-2232],[886,-789]],[[834268,124204],[-4382,129],[-337,-252],[-1540,315],[-1102,-865],[-5479,1767],[274,339],[-28800,3536]],[[792902,129173],[235,7168]],[[425138,58890],[12761,1278],[-159,609],[1774,-485],[4554,725],[-893,2667]],[[443175,63684],[-63,210],[14361,1100]],[[457473,64994],[807,-2831],[-262,-977],[497,-2100],[6334,506],[1630,-3460],[5378,-535],[1642,-3767],[2834,-35],[2022,-1244],[1756,-356],[792,-720],[2120,151],[600,516],[2273,-11336],[2077,172]],[[487973,38978],[753,-2717],[-6224,-1884],[-2485,-201],[-2211,-3200],[-7462,-1471]],[[433501,27478],[-2892,10863]],[[560976,165040],[1787,254],[769,509],[3119,374],[345,-95],[-47,-408],[2979,-46],[980,637],[2485,422],[564,-907],[768,287],[1059,1155],[2288,1237],[972,205],[48,763],[1034,117],[-211,1281],[940,-184],[1380,2091],[219,1357],[596,743],[1623,-547],[-24,-673],[1168,-602],[2203,234],[3003,2311],[-526,1556],[1137,339],[400,1000],[517,313],[-288,1041],[1095,217],[917,529],[48,512],[2390,962],[683,1302]],[[597396,183326],[39366,-4905]],[[636762,178421],[-5938,-8221],[-13793,-14917]],[[617031,155283],[-51618,6853],[-1834,-676],[-2972,-220],[-203,1793]],[[769583,360130],[23273,16235]],[[792856,376365],[8630,5736],[8463,-3592]],[[809949,378509],[2503,-22714],[1536,-21017],[1331,-656],[811,120],[3441,-2259],[2370,-616],[706,-602],[433,-2127],[2147,-1232],[-1332,-2547],[-38,-1448],[-607,-36],[-638,542],[-1479,-498],[-1723,155]],[[787517,301294],[-7031,17985]],[[767754,358891],[1829,1239]],[[281601,188190],[49244,7367]],[[330845,195557],[29340,-35255]],[[332413,156268],[-37705,-4954]],[[294708,151314],[-20506,26235]],[[274202,177549],[-6867,8567],[14266,2074]],[[684664,869239],[3442,-41617]],[[688106,827622],[1348,-11769]],[[630655,813273],[-12126,1348]],[[618529,814621],[4632,13229]],[[641614,850187],[-5737,-16341],[-11759,-3244],[-957,-2752]],[[623161,827850],[-67993,7125],[-11822,826],[-11520,1220]],[[531826,837021],[1662,1708],[1594,217],[2554,1939],[-1757,1043],[457,627],[2342,1119],[3880,2580],[802,130],[2132,-442],[278,881],[-573,553],[-34,589],[1508,574],[-144,467],[-535,86],[-2847,-254],[-433,1288],[-1898,1736],[-2427,1674],[-3200,1339],[-86,410],[1107,313],[-1863,2710],[-1568,293],[-1500,1003],[312,396],[675,26],[524,-517],[1091,-101],[925,428],[427,1095]],[[97249,87945],[-81453,3020]],[[15796,90965],[-65,2158],[-989,2078],[-1615,456],[-1469,1297],[224,859],[992,1078],[7071,3153],[5404,384],[1888,630],[5974,702],[2941,1588],[2654,842],[1264,-149],[1296,-710],[1488,115],[6267,4164],[15,438],[-1248,789],[-672,1323],[319,1543],[911,1288],[1536,1203],[1549,470],[2640,-280],[1583,227],[2544,1946],[-448,1657],[-4289,1980],[-2081,595],[-1333,1246]],[[509930,458573],[104097,8727]],[[614027,467300],[964,-2901]],[[614991,464399],[16056,-48166]],[[631047,416233],[-104539,-6866]],[[526508,409367],[-2923,12137],[-2971,-167]],[[520614,421337],[-8638,30287]],[[511976,451624],[-2046,6949]],[[687243,82526],[12049,-621],[47,-611],[16642,-3963],[8849,-406]],[[724830,76925],[20436,-846]],[[745266,76079],[-9626,-6803]],[[735640,69276],[-5769,-6586]],[[729871,62690],[-3747,-2703],[-5989,942],[-3684,-211],[-6100,480],[-3385,-234],[-2712,1647],[-2094,-1934],[-3777,4390],[-2290,-254],[-1395,-778],[-1858,-1855]],[[54018,178016],[10276,-584]],[[95140,166812],[6381,-26961]],[[101388,122034],[-25696,1544],[-25545,457]],[[50147,124035],[-1422,1927],[-304,1139],[1406,4654],[-1025,1358],[-1874,1262],[-754,1971],[448,798],[1376,1026],[4676,2332],[4885,3015],[4629,3978],[513,1876],[-4038,5451],[321,1069],[945,964],[2950,1446],[1122,1595],[-160,2138],[-5117,4040],[96,368],[1010,123],[-64,1656],[-1700,605],[-2101,-70],[-1891,665],[-2520,2927],[182,1139],[1919,939],[513,578],[-150,3012]],[[793514,147596],[16320,144]],[[809834,147740],[24010,2967],[21487,-2368],[266,-310],[8364,-1035]],[[863961,146994],[-2336,-1261]],[[861625,145733],[-7329,-3875],[-6851,-2732]],[[847445,139126],[-2015,-1638],[-407,-1026]],[[845023,136462],[-15256,-1186],[-17197,384],[-424,-304],[628,-1062],[-6107,267],[905,1370],[-14435,410]],[[793137,136341],[377,11255]],[[101388,122034],[4131,-150],[-3998,17967]],[[101521,139851],[26314,1361]],[[99663,107167],[1725,14867]],[[561964,38136],[21306,1968],[-2687,8909]],[[580583,49013],[20480,-491],[13625,-9430]],[[614688,39092],[-1153,-602],[259,-635],[-1944,-1550],[596,38],[431,-1097],[-110,-1415]],[[601196,765],[-23329,412]],[[506943,76395],[60539,5674]],[[567482,82069],[-431,-2486]],[[567051,79583],[-745,-1708],[-2296,-1717],[-2184,-3022],[-6078,-3986],[-1670,-1409],[-541,-1024],[-2595,-1831],[-556,-760],[-188,-1028],[2297,-5056],[-55,-874],[-1584,-2937],[2328,-3264],[706,-1743],[-345,-1618],[2783,-1567],[587,-2641],[-85,-1539],[2508,-2129]],[[514242,36551],[-894,4308]],[[513348,40859],[-2908,11610],[-7141,23613],[3644,313]],[[666243,586820],[4296,6350],[4484,-199]],[[675023,592971],[74382,-3180]],[[749405,589791],[393,-42673]],[[749798,547118],[-4446,-108],[-94,1349],[-20694,-421],[-7235,318],[-525,1776],[-23055,3021],[-2374,-3574],[-13475,2606],[648,1025],[-33948,-908]],[[644600,552202],[-1842,-50],[23485,34668]],[[624917,356445],[1301,330],[2517,-222],[996,240],[752,1041],[-455,1307],[-1404,1685],[-195,907],[2069,1327],[3622,1241],[-196,597],[-1388,1076],[331,537],[2823,67],[2796,1110],[4664,432],[2054,1235],[588,997],[-1372,3793],[-1270,1639],[-1740,959],[-2775,608],[-4460,-172],[-1623,567],[-1740,1267],[-314,836],[14656,10095],[17957,13763],[10838,7797]],[[673949,411504],[30321,-35112]],[[704270,376392],[-32610,-24583],[-4351,1380],[-1473,-201],[462,-755],[-321,-1901],[-2752,-3595],[486,-2524],[-360,-310],[-5801,-830],[-3308,-1279]],[[305134,498821],[2085,-31257]],[[307219,467564],[-4811,1086],[-1328,-1465]],[[301080,467185],[-19621,4478],[-46099,11525]],[[235360,483188],[69,575],[-1166,958],[376,693],[4664,868],[159,380],[-7214,1320],[-1128,-126],[-1442,-885],[-1435,-10],[-916,425],[790,2143],[518,4955],[-2325,1958],[-144,969],[3394,1849],[3088,1094],[407,795],[-1105,2632],[228,752],[1442,699],[2508,132],[1205,-631],[944,-1039],[79,-573],[1041,-96],[602,298],[-229,1086],[-2409,1507],[-347,1156],[314,848],[1028,814],[1528,5],[2468,-1061],[1318,122],[637,789],[-99,1270],[747,866],[684,186]],[[513287,745598],[29088,2639],[7321,-2112]],[[549696,746125],[2571,-731],[2673,-42337],[11045,445],[557,-6329],[4571,53]],[[571113,697226],[-11329,-3414],[-78,819],[-4382,-29],[63,-1770],[-31130,8706],[-18243,4408]],[[506014,705946],[-4260,2326],[-3496,1118],[-5040,2462],[-504,600],[1017,2103],[2371,1632],[1981,246],[6955,-495],[2326,-663],[3867,152],[1552,488],[298,640],[-265,1021],[589,571],[2575,-406],[1773,166],[847,667],[-227,496],[-2094,1062],[-846,837],[-510,766],[226,655],[1286,16],[1302,-1229],[1476,-135],[3118,1158],[1583,966],[102,728],[917,711],[-282,254],[-1285,-114],[-823,401],[88,554],[978,785],[-154,577],[-3937,-1119],[-763,470],[1007,1071],[210,824],[-530,232],[-1572,-914],[-2171,-699],[-1042,257],[611,579],[31,1000],[1807,625],[156,501],[-633,126],[-2937,-707],[-1614,149],[-914,698],[153,589],[3426,348],[706,599],[125,1036],[-1497,4322],[375,1198],[848,1043],[1905,-878],[1795,-386],[498,382],[-914,724],[-4474,849],[-454,470],[1291,454],[1905,-720],[2156,305],[-151,692],[-1174,210],[-1351,-315],[-5722,2518],[-164,920],[2001,95],[944,737],[-104,251]],[[650942,872764],[-1215,-3411],[-1317,138],[-6796,-19304]],[[641614,850187],[-106383,10744]],[[535231,860931],[215,552],[-1210,204],[-113,1580],[-760,499],[1608,1014],[521,2293],[-721,2051],[-733,112],[-1306,-343],[-1623,181],[-96,248],[2416,773],[-45,478],[-2142,-390],[556,649],[-2349,1043],[-5135,4641],[-2187,159],[-238,492],[1375,838],[259,994],[2771,467],[-496,343],[-1735,249],[464,759],[3536,1997],[2317,813],[2465,190],[2848,706],[3248,1410],[1992,110],[3795,-1639],[1139,19],[2554,-1095],[579,56]],[[996709,107415],[1263,544],[1288,-208],[739,-633],[-1729,-1172],[-69,807],[-670,670],[-822,-8]],[[991697,104468],[2210,-493],[11,-279],[-560,-229],[-1327,315],[-334,686]],[[991138,107075],[523,713],[613,-37],[709,-535],[-328,-301],[-1460,-189],[-57,349]],[[936062,139006],[2321,-201],[2869,-1226],[4687,-161],[2068,-1960]],[[948007,135458],[-131,-2532],[-3519,-4361],[-2180,-1170],[-2704,-652],[-1019,-846],[-878,-1140],[-282,-2109],[-862,-1384],[-573,-424],[-2508,-394],[-1764,-1206],[-857,-1535],[1257,-903],[-3087,-2377],[-87,-1069],[-398,-379],[-2656,38],[-2074,-887],[-1181,-1071],[-1588,-2484],[-337,-1860],[462,-613],[-2045,-786],[-1086,-843]],[[917910,104471],[-6061,2049],[689,348],[-3836,2253],[-9725,1629],[-2313,83],[7181,5026],[-8356,898]],[[895489,116757],[4244,2908],[-4863,1450],[2736,2741]],[[793420,75497],[6600,562],[981,383],[459,-212],[10405,1075]],[[842867,77199],[1014,-4524]],[[843881,72675],[-8360,-756],[-18340,-5981],[-15895,-1815]],[[801286,64123],[-2230,1448],[810,839],[-73,401],[-3017,1460],[297,628],[1693,918],[-6859,1878],[3669,2439],[-3552,1343],[1396,20]],[[710168,888208],[59120,292]],[[769288,888500],[373,-3724],[587,-1867],[1032,-10343]],[[771280,872566],[-23356,-232],[-24387,-910],[-1881,-5973]],[[721656,865451],[-18507,1896]],[[549000,883384],[4108,401],[1075,1975],[916,649],[1750,540],[3753,511],[469,657]],[[561071,888117],[-330,2377],[1850,1094],[-431,1152],[2148,2281],[2947,1551],[398,748],[590,340],[3143,350],[1380,501],[15,456],[4649,1600],[580,655],[4719,755],[447,453],[-243,942],[1183,643],[3238,348],[878,-392],[4773,-190],[5890,-2020],[92,482],[909,117],[1183,-895],[3480,-1258],[2640,510],[3201,-346],[674,-474],[549,9],[1990,696],[-46,518],[1677,-501],[-7,624],[1355,187],[973,-489],[4758,-494],[525,-181],[-267,-664],[1490,389],[1199,-433],[870,672],[283,-614],[5565,-567],[-266,-638],[1504,-690],[220,921],[439,185],[1199,-468],[361,397],[808,-485],[798,99],[-164,-760],[1811,196],[235,-354],[957,-47],[1418,225],[-250,-465],[901,-640],[541,769],[1011,-152],[1223,714],[-1388,1630],[-321,1201],[69162,-6651],[-2019,-5828]],[[710168,888208],[-7019,-20861]],[[703149,867347],[-18485,1892]],[[684664,869239],[-33722,3525]],[[650942,872764],[-101684,10193],[-258,427]],[[681309,629931],[21009,209]],[[702318,630140],[-3701,-10533],[-3213,0]],[[695404,619607],[-17434,73]],[[677970,619680],[3339,10251]],[[431903,254348],[24049,6611]],[[455952,260959],[10974,2936]],[[466926,263895],[-1880,-4451],[744,-1504],[2618,-1713],[-220,-714]],[[466142,218233],[-10258,11801],[-2946,-397],[-764,2515],[-392,68],[-1615,1904],[-251,860],[-698,350],[-1701,1975],[-3220,1656],[-80,695],[-979,281],[-1435,1451],[-1913,406],[267,1574],[540,550],[-759,2114],[-1325,1121],[-1662,412],[321,582],[-1881,591],[-1074,895],[-204,1278],[690,898],[-839,395],[-149,652],[-1575,825],[-337,663]],[[456815,215891],[9327,2342]],[[466142,218233],[31582,8098]],[[530326,232193],[9572,-10421],[25335,-10178]],[[565233,211594],[-1207,-530],[439,-813],[-957,-564],[-1717,196],[565,-1468],[1309,38],[-1176,-422],[133,-1123],[-2077,-1500],[227,-506],[-2445,-175],[948,-641],[-1144,-889],[-79,-679],[-1003,-392],[-1513,-88],[-40,-349],[-807,203],[-721,-461],[1020,-574],[-2258,-1290],[1254,-173],[-855,-435],[636,-38],[-523,-962],[679,-132],[-509,-1477],[2492,-85],[346,-801],[-996,-30],[-604,-479],[1001,-787],[-1463,-746],[-1050,-49],[-1075,-670],[-399,544],[-1599,-892],[-274,602],[-1929,378],[-1199,-863],[-824,93],[-1559,816],[-1321,-166],[1470,-214],[1419,-1895],[297,-1038],[463,-30],[-102,-713],[1466,-2618],[-1976,-1296],[-2806,-389],[-1529,-1152],[1450,-275],[479,-497],[1018,-41],[353,394],[2242,217],[557,-1521],[933,325],[141,-758],[463,-175],[23,-1124],[-658,-219],[-377,922],[-3613,-273],[243,-424],[878,-187],[-463,-497],[1380,-205],[125,-863],[-870,-470],[0,-357],[760,-100],[-1042,-883]],[[490223,179459],[-24253,25836],[-9155,10596]],[[379798,324793],[862,932],[-956,577],[1521,1064],[2140,-152],[1324,851],[2117,0],[1050,512],[315,811],[1128,871],[995,363],[2109,-404],[1842,260],[2171,968],[1553,-377],[972,-594],[1622,-2503],[8466,5838]],[[409029,333810],[2845,-875],[3050,831],[2414,-918],[886,304],[-149,605],[921,374],[2888,287],[1130,-652],[1669,44],[1066,-851],[-1050,-296],[1512,-509]],[[437115,322268],[4884,-1515],[4735,-2120],[67,-1269],[-1816,-2645]],[[444985,314719],[-21901,-5683]],[[423084,309036],[-42282,-10944]],[[380802,298092],[-6750,6905],[7048,1714],[-3050,3580],[1670,673],[-3183,3583],[-1121,-219],[8161,4615],[-3779,5850]],[[198322,336208],[33276,-7859],[-7071,-5820],[15043,-3621]],[[239570,318908],[-10379,-9035],[9666,-988],[-9815,-12630]],[[229042,296255],[-12816,2735],[-3708,-3086],[-36717,7736]],[[116905,346252],[28247,-2814],[34098,-2928]],[[179250,340510],[19072,-4302]],[[198322,336208],[-9681,-8950],[-337,-13650],[-12503,-9968]],[[175801,303640],[-6444,1363]],[[169357,305003],[918,1036],[-909,190],[650,2176],[-2437,441],[313,419],[-1254,371],[2343,2659],[-4637,1342],[-1108,59],[-823,1690],[-7267,138],[-3190,1963],[-3598,-3045],[-3849,-2074],[-61878,2789]],[[82631,315157],[229,1843],[889,1349],[1808,-53],[823,385],[2973,2655],[1504,2181],[-413,5380],[-821,2597],[82,935],[1420,947],[-147,2694],[3480,2316],[4858,1528],[7187,1562],[9012,4461],[1390,315]],[[148844,243258],[4530,-480],[47833,-8385]],[[201207,234393],[3002,-10550]],[[204209,223843],[-41067,-3911]],[[163142,219932],[-50835,-4165]],[[112307,215767],[-2681,1694],[-1959,3370],[-871,728],[-917,193],[-1323,1479],[-198,2267],[-1277,1489],[-1921,-61],[-525,696],[3331,11980]],[[612767,33831],[1019,-872],[2250,833],[2555,-719],[-7,-594],[799,-424],[-682,-1047],[1019,-430],[525,-1032],[-603,-720],[34302,-4627]],[[673836,17473],[-5171,-2369],[-6319,-4025],[-5663,-5609],[-7847,-5470],[-18494,77],[-29146,688]],[[601196,765],[11336,29213],[235,3853]],[[99663,107167],[35052,5128]],[[158089,116175],[2058,-7654],[14612,-3197]],[[174759,105324],[-2101,-1009],[-1677,-85],[-1905,-890],[-2389,-253],[892,-313],[-517,-595],[1991,336],[-253,-1972],[-1518,-122],[926,-1498],[-1276,-1180],[-1768,-70],[-352,-2416],[-1341,-652],[-1003,-105],[-878,-1709],[627,-599],[39,-2162],[705,-707],[-1160,-460],[894,-2339],[9564,510]],[[172259,87034],[-24,-4675],[-4680,-217],[-1529,-1591]],[[108215,81952],[-8403,-29],[-2563,6022]],[[97249,87945],[-7651,17751],[10065,1471]],[[655724,199968],[9621,12395]],[[665345,212363],[5131,4999],[2437,4315]],[[672913,221677],[21095,-9650],[37325,-17812]],[[731333,194215],[2911,-1352]],[[734244,192863],[-14791,-12702]],[[719453,180161],[-48357,6403],[-3842,25],[1270,1007],[-305,971],[2092,1439],[-1191,105],[-705,863],[-1897,661],[-439,959],[-1937,1334],[-2245,-186],[4478,4074],[-3150,958],[-1058,-254],[-1717,761],[-4405,342],[-321,345]],[[265890,559212],[65182,-16419]],[[331072,542793],[-2713,-5365],[-23225,-38607]],[[305134,498821],[-30736,8906],[-1600,-2679],[4885,-1377],[-989,-1767],[-31055,9007]],[[245639,510911],[1895,700],[282,562],[-2359,2910],[572,1073],[2132,942],[4390,1270],[1607,76],[329,485],[-369,445],[-2720,672],[-658,496],[790,1233],[4250,-135],[1051,252],[1958,2450],[2337,1642],[353,514],[-448,767],[-1945,1146],[210,526],[4848,978],[2579,-1044],[1984,219],[1199,547],[94,406],[-816,732],[-5721,1720],[-392,710],[854,404],[3833,23],[1198,451],[684,532],[744,1930],[7,1210],[-1104,791],[-2273,602],[-1325,0],[-1137,-766],[-447,-1577],[-912,-321],[-1760,193],[-1368,745],[-716,858],[-1413,3577],[1438,3632],[3037,1541],[2980,556],[920,-281],[985,246],[486,1223],[1317,1012],[-197,477],[-1873,403],[-1881,1042],[-400,578],[-486,5116],[1628,1810]],[[462592,358436],[2327,1802],[-744,1738],[1137,696],[368,781],[-1137,1561],[-627,1711],[-486,2943],[2344,2088],[925,1927],[-1262,3250],[1473,1647]],[[466910,378580],[34390,2851]],[[501300,381431],[2563,-2299],[2853,-1749],[698,-1386],[2641,-1974],[1647,-565],[1442,-1091],[141,-471],[3615,-325],[2257,-710],[1700,287],[674,517],[2814,135],[251,310],[3661,1094],[1074,-32],[1332,-726],[1,-588]],[[530664,371858],[-13098,-6744],[-34262,-18753],[-13540,-7076]],[[469764,339285],[-32649,-17017]],[[437115,322268],[-1285,787],[-784,974],[16,1009],[-1787,1928],[-918,523],[-3386,658],[-2987,2293],[-540,731],[117,588],[650,395]],[[426211,332154],[1725,1135],[-455,965],[149,653],[3222,1172],[1450,1629],[-2351,1881],[-2219,1094],[-2504,443],[-1031,645],[447,1579],[1873,1123],[3512,-122],[1834,1363],[1687,676],[1574,207],[1294,-24],[1607,-2170],[635,-286],[7831,128],[9085,3689],[2994,-47],[901,593],[-109,784],[-1144,1229],[109,892],[1701,924],[2814,781],[2627,1188],[-1835,2845],[-1136,678],[94,635]],[[477281,177590],[12942,1869]],[[490223,179459],[4758,-5083],[36639,10365],[-933,-667],[-204,-1155],[-595,-766],[392,-471],[2774,-1477],[6805,-746],[3848,-1471],[1976,-1129]],[[545683,176859],[2281,-1126],[3700,-500],[1458,-533],[6710,-3661],[1560,-1281],[1285,-1934],[39,-453],[-1740,-2331]],[[560976,165040],[-572,-2007]],[[560404,163033],[-23744,-17747]],[[536660,145286],[-34138,14019],[-548,2263],[3765,2879],[-4252,1526],[1576,804],[-25782,10813]],[[468188,255513],[89593,18327]],[[557781,273840],[8462,-3316]],[[566243,270524],[63,-2370],[-423,-1278],[-548,-442],[454,-1635],[1254,-1746],[-1058,-1007],[187,-2100],[-4731,-4236],[-31115,-23517]],[[530326,232193],[-2398,2609],[-30204,-8471]],[[497724,226331],[-309,218],[814,702],[-85,659],[-1587,1204],[266,763],[1537,643],[873,850],[-58,768],[-1035,476],[-4339,-923],[-1723,35],[-2176,1052],[1403,653],[1672,1938],[1716,859],[55,760],[-674,305],[-1635,27],[-3149,-619],[-1458,34],[-5234,1164],[-1092,647],[3066,1152],[934,1220],[-762,725],[-1678,483],[-3927,-1424],[-1175,522],[-495,917],[986,1147],[102,849],[-1331,1124],[-1426,509],[-800,661],[-682,1647],[1106,2240],[-353,1164],[-1074,910],[-2093,643],[-1654,1121],[-1842,552],[-220,805]],[[767754,358891],[5760,-19577],[6972,-20035]],[[780486,319279],[-3386,-1927],[-980,1875],[-3128,-1916],[-2007,1310],[-3425,-1506],[-2297,1173],[-8873,-7880],[-2384,2302],[-1951,-2053],[-1882,1667],[-2641,-1843],[-2289,2059],[-2548,-2123]],[[742695,310417],[-8380,25332]],[[734315,335749],[33439,23142]],[[374648,64430],[47903,3840],[2587,-9380]],[[425138,58890],[5471,-20549]],[[430609,38341],[-36043,-2674]],[[394566,35667],[-11036,-845]],[[383530,34822],[-8882,29608]],[[653944,24199],[19123,17563],[3252,3551],[1886,2685],[-2822,9921]],[[693679,59510],[63,-646],[10355,-7947],[-588,-102],[-2156,-6388],[9711,951],[3492,-2715]],[[714556,42663],[-10188,-6742],[2210,-20356],[-21628,3488],[-4880,-460],[-6234,-1120]],[[673836,17473],[-7475,5047],[-12417,1679]],[[245872,245966],[14094,14528],[745,1447]],[[260711,261941],[18147,1185]],[[278858,263126],[3395,-3888],[28485,-36430]],[[310738,222808],[-58093,-8857]],[[252645,213951],[-12691,25867],[5918,6148]],[[82608,280604],[65209,-2000]],[[147817,278604],[283,-18652],[744,-16694]],[[148844,243258],[-22081,473],[-13946,-216],[-102,-1760],[-1882,277],[502,-2205],[-7369,-225]],[[103966,239602],[1592,4896],[-28220,1126]],[[77338,245624],[2937,3097],[5169,3530],[419,745],[-1061,360],[-6051,89],[-4844,1780],[-884,1209],[-452,4077],[307,1411],[1144,1569],[4059,2181],[740,745],[1891,7307],[82,1630],[1814,5250]],[[186556,145368],[2971,9259],[5040,12089]],[[194567,166716],[28431,-825],[43667,-348]],[[266665,165543],[2089,-23],[-4837,-17924],[784,94]],[[264701,147690],[-8207,-24273]],[[256494,123417],[-49910,1144],[1082,3065],[-10802,345],[-1058,-2893]],[[195806,125078],[909,11150],[-12957,403]],[[321148,386842],[23987,-3831]],[[345135,383011],[-980,-1326],[447,-99],[-10026,-10643],[1066,-325],[-3425,-3986],[2885,-816],[-2548,-2615],[2853,-874],[-2367,-2493],[5291,-1520],[-2649,-2530],[5808,-1676],[-3896,-5739]],[[337594,348369],[-37354,5950],[-16945,2380]],[[283295,356699],[30203,26581],[7650,3562]],[[756139,278847],[31378,22447]],[[787517,301294],[28284,20178],[3609,2102]],[[819410,323574],[-576,-805],[-31,-1412],[2631,-1403],[603,-1090],[-86,-1437],[1617,-914],[11,-1462],[-1444,-2330],[1079,-1118],[-1645,-675],[-630,-3332],[-1420,-614],[-3916,-4427],[306,-859],[807,-508],[-289,-710],[-3225,-1289],[662,-920],[1033,-430],[2532,-376],[814,137],[1543,-1373],[503,-1189],[-1819,-3773],[-1169,-1198],[-326,-1215],[560,-1112],[2142,-1732],[252,-1809],[-3920,-1314],[-298,-829],[515,-1321],[-1377,-1410],[-1840,-991],[-4252,-1414],[-2011,-1943],[70,-4111],[467,-736],[1516,-885],[129,-588],[-160,-1139],[-2319,-518],[-176,-745],[43,-764],[1256,-1064],[-387,-960],[217,-1935]],[[807402,261532],[-2921,-2042]],[[804481,259490],[-33313,13564],[-518,-398],[-10129,4793],[-612,-401],[-3770,1799]],[[624917,356445],[1106,-580],[31,-400],[1497,-1068],[1270,-623],[1317,100],[24104,-12080]],[[654242,341794],[13216,-6619],[15552,-2571],[9627,-5393],[2579,731],[2289,2571],[18899,-7733]],[[716404,322780],[-14448,-9172],[8568,-35216],[6015,-21748],[1566,-4340]],[[718105,252304],[-62538,24247]],[[655567,276551],[7878,6151],[-20287,7554],[-6216,21185]],[[636942,311441],[-2317,9375],[-3594,11979],[369,345],[2681,-252],[2782,-749],[2375,355],[620,733],[94,849],[-612,2354],[-1175,1583],[-1654,368],[-4986,-257],[-2438,409],[-5636,18687]],[[623451,357220],[1466,-775]],[[689454,815853],[1045,-28833],[1267,-15946]],[[691766,771074],[-58892,-1158]],[[632874,769916],[-1294,29297]],[[631580,799213],[-925,14060]],[[630655,813273],[-86,1269],[58885,1311]],[[705648,435519],[31427,7149],[2633,409],[1890,-1348],[9238,1709],[6847,452]],[[757683,443890],[45136,6464],[1391,2143]],[[804210,452497],[935,-14600],[462,-18075]],[[805607,419822],[-2961,111],[-1489,930],[-1685,205],[-745,-1425],[-4798,-1140],[-4303,287],[-3629,-138],[-3928,2071],[-1222,1392],[-4241,1006],[-3041,-409],[-3771,-1693],[-431,-507],[-658,-76],[-1788,229],[-2084,885],[-127,1405],[-1379,251],[-4618,-1278]],[[758709,421928],[-1457,263],[-4178,2984],[-1897,114],[-1283,422],[-1743,-244],[298,-2571],[-282,-1260],[-2070,-1843],[-784,228],[-901,-363],[-1419,-2802],[-10018,1018],[-6326,1191],[-1027,868],[-1873,3279],[-1415,1139],[-3053,1286],[-2625,598],[-3207,-37],[-337,226],[-79,2319],[651,318],[-102,685],[-714,532],[-290,-263],[-596,740],[84,665],[-1086,376],[-816,834],[314,804],[-1531,-322],[-343,413],[463,518],[-2697,564],[384,214],[-1254,383],[148,315]],[[640226,91525],[46826,-6054]],[[687052,85471],[191,-2945]],[[687243,82526],[94,-2057],[5503,-18289]],[[692840,62180],[839,-2670]],[[693679,59510],[-18296,-1591]],[[675383,57919],[-281,1009],[-46038,-3729]],[[629064,55199],[-1568,12898],[-1667,9441],[-3952,16327]],[[621877,93865],[18349,-2340]],[[911602,154359],[1849,-1436],[6524,-1227],[1747,-1226],[3391,-3642],[7448,-997],[2016,-1366]],[[934577,144465],[-210,-1124],[449,-650],[1474,-348],[2861,135],[525,-488],[-71,-553],[-885,-266],[-1451,415],[-2249,-173],[-369,-710],[1411,-1697]],[[936062,139006],[55,-213],[-2673,-1088],[-21407,-16365],[-10044,1231],[-4387,1285]],[[897606,123856],[-2647,11559],[-1547,4785]],[[893412,140200],[-2564,7505],[8639,2494],[12115,4160]],[[401033,411682],[4896,-942],[2080,2965],[-1143,115],[4305,6211],[3868,3757]],[[415039,423788],[2871,-725],[980,-992],[2485,41],[290,-1462],[2320,111],[330,-1746],[1513,91],[94,-462],[2524,181],[141,-2638],[27498,53]],[[456085,416240],[-2430,-2104],[-1866,-722],[-869,-1342],[-48,-1521],[-1105,-837],[-2135,-793],[-209,-465],[807,-2629],[-156,-842],[801,-764],[2724,1324],[2158,375],[1042,-399],[424,-544],[-427,-734],[-495,-275],[-1500,-29],[-964,-590],[266,-801]],[[452103,402548],[-196,-2424],[1725,-1182],[2092,-503],[988,-573],[416,-1150],[3175,-1257],[-16,-898],[768,-652],[-110,-2083],[737,-582]],[[461682,391244],[-13647,-4618],[-24975,-7699]],[[423060,378927],[-11256,14180],[-11531,3132]],[[400273,396239],[5825,7558],[-9125,1825],[4060,6060]],[[332413,156268],[658,603],[-564,415],[768,585],[1027,114],[2515,-1784],[1606,-375],[-586,1112],[22348,3364]],[[360185,160302],[23540,3502]],[[383725,163804],[3892,-9230],[8556,-23608]],[[396173,130966],[-48095,-2220]],[[348078,128746],[-2629,-91],[-871,2996],[-6153,-115],[-172,959],[-6585,3344]],[[331668,135839],[1113,769],[16,629],[-972,1342],[1309,755],[102,1293],[-729,775],[-729,-76],[-337,842],[650,1395],[666,100],[-2053,532],[78,500],[-760,117],[-1,2121],[1185,781],[-1349,-220],[298,442],[-502,804],[1129,167],[-78,900],[-894,-113],[596,535],[619,-126],[-329,512],[449,1082],[-1241,1029],[1370,389],[190,469],[-682,301],[714,541],[-290,316],[1830,318],[191,847],[-814,361]],[[127835,141212],[33551,2100]],[[161386,143312],[25170,2056]],[[186556,145368],[-2798,-8737]],[[183758,136631],[-29200,-2240],[-533,-518],[-1105,132],[5169,-17830]],[[158089,116175],[-23374,-3880]],[[134715,112295],[-6880,28917]],[[163926,45249],[1693,-4589],[7604,-222],[775,-4472]],[[173998,35966],[7689,-27301]],[[181687,8665],[-63038,1249]],[[118649,9914],[-6887,27746],[9740,5068]],[[808862,99565],[25210,659],[3919,827]],[[837991,101051],[1686,-8590],[2241,-7268],[323,-4799]],[[842241,80394],[626,-3195]],[[842867,77199],[-18139,980],[-12863,-874]],[[811865,77305],[-495,7292],[-2508,14968]],[[433501,27478],[11618,781],[-1780,7484],[25242,1814],[1763,-8052]],[[470344,29505],[5671,-26526]],[[476015,2979],[-36355,596]],[[439660,3575],[-6159,23903]],[[514242,36551],[1254,1249],[855,303],[790,1022],[965,189],[-165,647],[1199,626],[1294,26],[520,486],[-144,617],[1599,-287],[416,-737],[729,152],[2211,-635],[2437,284],[1725,-816],[1669,652],[3495,-539],[927,104],[402,749],[2568,929],[2731,75],[2028,-346],[1771,210],[1144,-1266],[-1245,-1851],[1175,-995],[6420,-532],[1003,-758],[878,-167],[3857,1223],[415,971],[-279,1381],[452,213]],[[559338,39730],[2626,-1594]],[[561964,38136],[1638,-623],[1481,-1521],[392,-2422],[-217,-2776],[961,-1139],[5826,-3797],[149,-848],[1645,-2010],[361,-1255],[-799,-2679],[940,-2816],[2242,-2106],[392,-1208],[-2119,-2615],[739,-4106],[-164,-837],[627,-1951],[1809,-2250]],[[577867,1177],[-56680,1003]],[[521187,2180],[774,948],[1147,2713],[1371,4196],[1011,910],[886,3518],[2093,1800],[1206,4090],[699,8272],[-1263,1729],[-1027,-217],[-1207,1788],[-3582,-685],[-7063,-620],[2414,1643],[-62,1197],[-2548,427],[-783,526],[-1866,-383],[-580,673],[-1129,469],[2564,1377]],[[756977,528376],[37792,407],[470,-3027],[2202,-9],[-39,439],[2546,-15]],[[799948,526171],[3491,-55258]],[[803439,470913],[-29585,14],[-1309,14858],[-15386,-90],[618,-14738],[-9877,-261]],[[747900,470696],[-5502,-146],[-203,15036],[-14174,-301]],[[728021,485285],[-7941,23688]],[[720080,508973],[-3969,11947]],[[716111,520920],[-1933,7951],[14504,105],[8733,-636],[19562,36]],[[64294,177432],[13264,-752],[-5103,13771],[5181,304],[-243,1108],[33166,2682]],[[110559,194545],[5081,-15954]],[[115640,178591],[931,-2943],[-23688,965],[2257,-9801]],[[95140,166812],[-30610,1349],[-236,9271]],[[86314,57913],[21901,24039]],[[108215,81952],[50905,170],[-454,-1612],[4052,-26],[2266,-1024],[1042,1091]],[[166026,80551],[1443,-494],[1810,-23],[-4170,-5022],[6710,-1164],[-423,-8509]],[[171396,65339],[-71,-3334],[604,-6031],[-4233,99],[792,-3796],[-2912,-505],[458,-2715],[-1113,-2193],[-102,-1639],[-893,24]],[[163926,45249],[-27084,760],[-4076,-4381],[-11264,1100]],[[121502,42728],[-11711,1518],[-3214,12875],[-20263,792]]]}