geoid,name,history,source_url,sb2
3301145140,Manchester,"Manchester, New Hampshire was originally settled in 1722 and incorporated as a city in 1846, having been renamed from ""Derryfield"" in 1810 by merchant Samuel Blodget, who envisioned ""the Manchester of America"" modeled after the industrial city in England. During the nineteenth century, Manchester became home to the Amoskeag Manufacturing Company, then the largest cotton textile plant in the world, which drove massive industrial growth and immigration to the region. The city's economy shifted significantly after World War II as textile manufacturing declined, though it has since diversified and undergone substantial downtown redevelopment.","https://en.wikipedia.org/wiki/Manchester,_New_Hampshire",
3301543220,Londonderry,"The area now known as Londonderry was originally called Nutfield due to its dense woods containing nut trees, with settlers arriving around April 1719 and petitioning for incorporation that September. The town was officially chartered on June 21, 1722, and named after Londonderry in Ulster, Ireland, reflecting the Irish and New England heritage of its founding population. A notable historical achievement occurred in 1719 when the first North American potato was cultivated in what is now Derry, then part of Londonderry, while the town's growth accelerated dramatically after World War II with the construction of Interstate 93.","https://en.wikipedia.org/wiki/Londonderry,_New_Hampshire",
3301148020,Milford,"Milford separated from the neighboring town of Amherst in 1794 and, like most towns bearing this name, derives its identity from a mill constructed on a ford of the Souhegan River. The town became renowned for its granite quarries during the nineteenth century, which supplied stone for notable structures including pillars of the U.S. Treasury Building in Washington, D.C. Milford also served as a stop on the Underground Railroad and was home to Harriet E. Wilson, whose 1859 novel Our Nig is recognized as the first published by an African-American woman in the country.","https://en.wikipedia.org/wiki/Milford,_New_Hampshire",
3300933860,Hanover,"Hanover was chartered on July 4, 1761, by Governor Benning Wentworth, with its first European settlers arriving in 1765-1766 primarily from Connecticut. The town's name likely derives from either a parish in Connecticut or from the reigning British-Hanoverian king George III, referencing the German House of Hanover. In the 1780s, the southwestern area known as Dresden briefly joined the independent Vermont Republic before returning to New Hampshire, a historical remnant still reflected in the interstate Dresden School District that serves both Hanover and Norwich, Vermont.","https://en.wikipedia.org/wiki/Hanover,_New_Hampshire",
3301179780,Weare,"Weare was incorporated in 1764 by Governor Benning Wentworth and named after Meshech Weare, the town's first clerk who later became New Hampshire's first governor. The town experienced a catastrophic flood in 1938 when the New England Hurricane caused the Deering Reservoir dam to breach, destroying mills and devastating sections of the community. In response, the U.S. Army Corps of Engineers constructed Everett Dam as part of a flood control project completed in 1963, which resulted in the permanent abandonment of the village of East Weare.","https://en.wikipedia.org/wiki/Weare,_New_Hampshire",
3300128740,Gilford,"Originally settled in 1778 as part of Gilmanton and known as Gunstock Parish, the town was incorporated in 1812 when Captain Lemuel B. Mason proposed naming it Guilford after the Revolutionary War battle where he had fought in North Carolina, though the name was later contracted by clerical error to Gilford. The town became notable as the destination of the first snow train from Boston in the 1930s and featured New Hampshire's first motorized ski lift, a gasoline-powered rope tow constructed in 1934 at what is now Gunstock Mountain Resort.","https://en.wikipedia.org/wiki/Gilford,_New_Hampshire",
3300962660,Plymouth,"Plymouth was incorporated in 1763 after being granted to settlers from Hollis, many of whom were French and Indian War veterans originally from Plymouth, Massachusetts, from which the town derived its name. The area was originally home to an Abenaki village before being destroyed by British forces in 1712 during Queen Anne's War. Notable historical events include author Nathaniel Hawthorne's death there in 1864 and the founding of the Plymouth Normal School in 1871, which eventually became Plymouth State University.","https://en.wikipedia.org/wiki/Plymouth,_New_Hampshire",
3301335540,Henniker,"Henniker was incorporated in 1768 by Governor John Wentworth and named after Sir John Henniker, a London merchant engaged in the leather and fur trade with shipping interests in Boston and Portsmouth. The town developed as an agricultural and industrial center, with water-powered mills along the Contoocook River supporting operations including a woolen factory until their closure in 1959. In the nineteenth century, Henniker experienced a notably high rate of congenital deafness and developed its own sign language, which scholars believe may have influenced the development of American Sign Language.","https://en.wikipedia.org/wiki/Henniker,_New_Hampshire",
3301343380,Loudon,"Loudon was incorporated on January 23, 1773, by Governor John Wentworth, with territory taken from the neighboring town of Canterbury. The town was named to honor John Campbell, 4th Earl of Loudoun, a Scottish military leader who commanded British forces in North America during the French and Indian War. Lord Loudoun notably helped establish Rogers' Rangers, an independent colonial militia company attached to the British Army during the conflict.","https://en.wikipedia.org/wiki/Loudon,_New_Hampshire",
3300103220,Barnstead,"Barnstead was granted in 1727 and incorporated as a town in 1767, with its name deriving from settlers who emigrated from Barnstable, Massachusetts, and Hempstead, New York. The town's rolling terrain proved ideal for agricultural development, supporting approximately 2,500 sheep by 1830 and becoming a significant lumber manufacturing center by the mid-nineteenth century, with mills, factories, and tanneries powered by the Suncook River.","https://en.wikipedia.org/wiki/Barnstead,_New_Hampshire",
3301556820,Northwood,"Northwood was incorporated on February 6, 1773, when colonial governor John Wentworth separated a large tract of land called ""North Woods"" from the adjacent town of Nottingham. Around 1800, the construction of the Portsmouth to Concord Turnpike stimulated economic growth, leading to the establishment of numerous taverns and eventually twelve sawmills, five of which later transformed into shoe factories during the nineteenth century. The town has since evolved into a recreational destination, becoming known for its nine lakes and antique shops.","https://en.wikipedia.org/wiki/Northwood,_New_Hampshire",
3301352100,New London,"New London was incorporated in 1779 by sixteen families who petitioned the General Court, officially taking its name from London, England, though possibly also acknowledging the Londonderry-based proprietors who had recruited the original settlers. The township proprietors systematically subdivided and sold their properties at substantial profit, with nearly all initial settlers coming from Massachusetts towns like Amesbury and Attleboro. In 1947, Colby-Sawyer College became the permanent site of the Gordon Research Conferences, establishing the town as a center for scientific gatherings.","https://en.wikipedia.org/wiki/New_London,_New_Hampshire",
3300177060,Tilton,"Originally the southern part of Sanbornton known as ""Sanbornton Bridge,"" the area was incorporated as the town of Tilton in 1869 and named in honor of Nathaniel Tilton, an early settler who established an iron foundry and the region's first hotel. The town's development was significantly shaped by Charles E. Tilton, the great-grandson of Nathaniel and a wealthy textile mill owner, who donated numerous statues and landmarks to the community, including his mansion which now houses the Lucian Hunt Library and a notable Roman arch replica built of Concord granite as a memorial to his ancestors.","https://en.wikipedia.org/wiki/Tilton,_New_Hampshire",
3300908660,Campton,"Campton was granted by Governor Benning Wentworth in 1761 and incorporated in 1767, with initial settlement beginning around 1765. The town derives its name from a camp that the first proprietors established to survey the two towns of Campton and Rumney. By the mid-nineteenth century, Campton had developed a diverse local economy including sawmills, gristmills, tanneries, and carriage manufacturing, and the town remains notable for its three covered bridges, including the Blair Bridge, which ranks among the longest entirely within New Hampshire.","https://en.wikipedia.org/wiki/Campton,_New_Hampshire",
3300376100,Tamworth,"Tamworth was granted in 1766 by colonial Governor Benning Wentworth and named in honor of British Vice-Admiral Washington Shirley, Viscount Tamworth, a close friend of the governor. The town became a destination for prominent thinkers and artists during the early twentieth century, including philosophers William and Henry James and poet E.E. Cummings, who sought refuge in the White Mountains region. The Barnstormers Theatre, established in 1931 by Francis Cleveland, son of President Grover Cleveland, remains among the oldest continuously running professional summer theaters in the country.","https://en.wikipedia.org/wiki/Tamworth,_New_Hampshire",
3300345060,Madison,"Madison was incorporated in 1852 as a town in Carroll County, New Hampshire, named in honor of President James Madison on the centennial of his birth. The area had previously been designated for land grants to soldiers who served in the French and Indian War, covering parts of what are now Eaton and Albany. Today, Madison is notable for being home to the Madison Boulder, the largest known glacial erratic in New England and among the largest in the world.","https://en.wikipedia.org/wiki/Madison,_New_Hampshire",
3301309860,Canterbury,"Canterbury was first granted by Lieutenant Governor John Wentworth in 1727 and incorporated in 1741, being named after William Wake, the Archbishop of Canterbury. Originally established as a militia timber fort and trading post by Captain Jeremiah Clough where the Pennacook people came to trade, the town would later become home to the Canterbury Shaker Village, established in 1792, which at its peak housed over 300 residents across 4,000 acres and is now preserved as a National Historic Landmark.","https://en.wikipedia.org/wiki/Canterbury,_New_Hampshire",
3300713780,Colebrook,"Colebrook was initially granted in 1762 as ""Dryden"" but regranted and renamed in 1770 by Governor John Wentworth after Sir George Colebrooke, chairman of the East India Company, with formal incorporation occurring on June 11, 1796. The remote settlement experienced early hardship when its first inhabitants were driven out by the Revolutionary War, with meaningful development only resuming afterward. The town subsequently became a significant center for potato starch production in the nineteenth century, at its peak generating roughly one third of the potato starch in the state, before transitioning to dairy farming after 1880.","https://en.wikipedia.org/wiki/Colebrook,_New_Hampshire",
3300500820,Alstead,"Alstead was incorporated in 1763 and named for Johann Heinrich Alsted, a scholar whose encyclopedia was widely read at Harvard College. Originally chartered by Massachusetts Governor Jonathan Belcher in 1735 as part of a defensive line of forts, the town became known as ""Paper Mill Village"" after Ephraim and Elisha Kingsbury established one of New Hampshire's first paper mills there in 1793. The town briefly joined Vermont in 1781 following the Revolutionary War but returned to New Hampshire authority at George Washington's urging.","https://en.wikipedia.org/wiki/Alstead,_New_Hampshire",
3301144580,Lyndeborough,"Originally granted by the Massachusetts General Court to veterans from Salem, Massachusetts, the area was initially known as ""Salem-Canada"" before being renamed Lyndeborough following a re-grant to proprietors that included Benjamin Lynde, who would become Chief Justice of Massachusetts. John Cram and his family established the first settlement in 1736 with a sawmill, and the town was incorporated in 1764. The town has maintained significant historical institutions, including the Lafayette Artillery Company, which relocated there in 1833, and numerous structures now listed on the National Register of Historic Places, such as the 1846 town hall and Citizens' Hall from 1889.","https://en.wikipedia.org/wiki/Lyndeborough,_New_Hampshire",
3300519140,Dublin,"Dublin was incorporated in 1771 by Governor John Wentworth and named after the Irish birthplace of early settler Henry Strongman, who had relocated from Peterborough. The town developed as a farming community with rocky soil, though its population declined significantly after the mill town of Harrisville separated from it in 1870. Notably, in 1912, 'Abdu'l-Baha, the leader of the Baha'i Faith, spent 23 days in Dublin and gave several high-profile addresses on topics including racial equality and spiritual education.","https://en.wikipedia.org/wiki/Dublin,_New_Hampshire",
3301384900,Wilmot,"Wilmot was incorporated in 1807, formed from territories that included parts of New London, the Kearsarge gore, and a small section of New Chester. The town derives its name from Dr. James Wilmot, an English clergyman who had spoken out against England's treatment of the American colonies. A notable historical connection exists through Winslow State Park, which honors Captain John Winslow, commander of the USS Kearsarge, the Civil War naval vessel that sank the CSS Alabama in 1864.","https://en.wikipedia.org/wiki/Wilmot,_New_Hampshire",
3300564420,Richmond,"Richmond was first chartered in 1735 as ""Sylvester-Canada"" to honor Captain Joseph Sylvester of Massachusetts, who died in 1690 during a military campaign in Canada, and was incorporated in 1752 under its present name by Governor Benning Wentworth, who named it after Charles Lennox, the 3rd Duke of Richmond, a proponent of colonial independence. The town was settled beginning around 1757 by emigrants from Rhode Island and Massachusetts, and historically developed a notable pail-making industry that became central to its economy.","https://en.wikipedia.org/wiki/Richmond,_New_Hampshire",
3300338260,Jackson,"Jackson was incorporated in 1829 and named after President Andrew Jackson, who had just been inaugurated. The town's origins trace back to 1778 when Benjamin Copp and his family first settled the area, which had previously been called ""New Madbury"" in honor of a coastal New Hampshire town. By the mid-nineteenth century, Jackson became a notable resort destination, attracting White Mountain School artists beginning in 1847 and subsequently developing into a popular tourist hub served by railroad lines that brought up to 40 trains daily by the 1920s.","https://en.wikipedia.org/wiki/Jackson,_New_Hampshire",
3300980500,Wentworth,"Wentworth, New Hampshire was granted and incorporated in 1766 by Governor Benning Wentworth, who named the town after himself, and was settled primarily by residents arriving from Massachusetts towns like Salisbury. The town developed into a lumber-producing center powered by the Baker River's water resources, operating nine sawmills until a catastrophic 1856 flood destroyed most of these mills and significantly widened the river channel.","https://en.wikipedia.org/wiki/Wentworth,_New_Hampshire",
3301930500,Goshen,"Goshen, New Hampshire was incorporated in 1791 after being first settled in 1768 as part of the town of Saville, which later became Sunapee. The town's name may derive from Goshen, Connecticut, where many early residents had family connections. In 1954, Goshen established a cooperative elementary and middle school with neighboring Lempster that operated for over six decades until the arrangement dissolved in 2016.","https://en.wikipedia.org/wiki/Goshen,_New_Hampshire",
3300574900,Sullivan,"Sullivan, a town in Cheshire County, New Hampshire, was incorporated on September 27, 1787, and named after General John Sullivan. The community was established through portions of four neighboring towns: Gilsum, Keene, Nelson, and Stoddard, with farming emerging as its primary economic activity. In 1867, Sullivan became the first town in New Hampshire to dedicate a monument to its soldiers lost in the Civil War, a monument that stands across from the Sullivan Congregational Church.","https://en.wikipedia.org/wiki/Sullivan,_New_Hampshire",
3300773060,Stark,"Stark, New Hampshire was granted in 1774 and originally named ""Percy"" after Hugh Percy, 1st Duke of Northumberland, before being incorporated in 1795 and renamed in 1832 to honor General John Stark, the Revolutionary War figure whose words inspired the state motto ""Live Free or Die."" During World War II, the town hosted Camp Stark, which held approximately 250 German prisoners of war and served as the only World War II POW camp located in New Hampshire. Many of these prisoners performed labor in local forests to supply wood for paper mills in nearby Berlin before the camp closed in 1946.","https://en.wikipedia.org/wiki/Stark,_New_Hampshire",
3300763860,Randolph,"Randolph was originally granted as ""Durand"" in 1772 and later incorporated as a town in 1824, taking its name from John Randolph, a Virginia congressman and senator descended from Pocahontas. The town developed as a vacation destination in the nineteenth century, with hotels like the Mt. Crescent House drawing visitors via train and horse-drawn carriage before automobiles became prevalent. In 1910, the Randolph Mountain Club was established to restore trails destroyed by logging, and it continues operating camps and shelters throughout the surrounding White Mountain National Forest.","https://en.wikipedia.org/wiki/Randolph,_New_Hampshire",
3300923860,Ellsworth,"Ellsworth, New Hampshire was originally chartered as ""Trecothick"" after a Boston-born merchant and Lord Mayor of London, but was renamed in 1802 to honor Chief Justice Oliver Ellsworth. The town's first census in 1800 recorded 47 residents, establishing it as a small rural community in Grafton County. Today, the entire municipality lies within the White Mountain National Forest and is home to part of the Hubbard Brook Experimental Forest, making it an important site for environmental research.","https://en.wikipedia.org/wiki/Ellsworth,_New_Hampshire",
3301150260,Nashua,"Originally part of a Massachusetts tract called Dunstable, the area was incorporated as Nashua in 1836 when the New Hampshire portion was renamed after the Nashua River, whose name derives from the Nashaway people and means ""beautiful stream with a pebbly bottom"" in the Penacook language. The city developed as a major textile manufacturing hub during the Industrial Revolution, with the Nashua Manufacturing Company operating four mills and employing approximately 1,000 people by the mid-1800s. After the textile industry declined following World War I, the arrival of defense contractor Sanders Associates (now BAE Systems) in a former mill helped revitalize the city's economy in the mid-twentieth century.","https://en.wikipedia.org/wiki/Nashua,_New_Hampshire",
3301137940,Hudson,"Hudson's origins trace to the Dunstable Land Grant, with the area eventually becoming Nottingham West in 1739 before adopting its present name in 1830 to avoid confusion with the older Nottingham. The town's name apparently derives from an early misconception that the Merrimack River connected to the Hudson River, or from exploration by Henry Hudson, though both explanations proved unfounded. A significant aspect of Hudson's development came through the Alfred and Virginia Hills family, whose substantial land donations to the town, including Alvirne High School and the Hills Memorial Library, shaped the community's educational and cultural institutions for generations.","https://en.wikipedia.org/wiki/Hudson,_New_Hampshire",
3301525380,Exeter,"Exeter was founded on April 3, 1638, when clergyman John Wheelwright, exiled from Massachusetts, purchased land and established the town, naming it after Exeter in Devon, England. Originally inhabited by Pennacook Abenaki people who called the area ""M'Squamskook,"" meaning ""Falls at the Place of the Salmon,"" the settlement became one of four original townships in the province. The town served as New Hampshire's capital for fourteen years beginning in 1774, after the Provincial Congress relocated there to escape the royal governor's restrictions on meeting in Portsmouth.","https://en.wikipedia.org/wiki/Exeter,_New_Hampshire",
3301769940,Somersworth,"Somersworth was organized as a parish in 1729 and incorporated as a town in 1754 by colonial governor Benning Wentworth, with its name deriving from ""Summersworth,"" meaning ""summer town"" because ministers preached there during that season. The city became a major mill town in the 19th century after the Wendell brothers established the Great Falls Manufacturing Company in 1822, which operated textile mills that specialized in producing drillings, shirtings, and sheetings along the Salmon Falls River. Somersworth was incorporated as a city in 1893 and later experienced significant labor unrest, including participation in the 1922 New England Textile Strike before the regional textile industry entered decline in the mid-20th century.","https://en.wikipedia.org/wiki/Somersworth,_New_Hampshire",
3301532900,Hampstead,"Hampstead was incorporated in 1749 by colonial governor Benning Wentworth, who named it after Hampstead, England, the residence of William Pitt, a close friend. Originally settled in 1640 and initially known as ""Timberlane Parish"" due to its dense forests, the town was formed following the 1739 boundary decision between Massachusetts and New Hampshire. The town became home to the first honey factory in the United States, established in 1816.","https://en.wikipedia.org/wiki/Hampstead,_New_Hampshire",
3301574340,Stratham,"Stratham was settled in 1631 and formally incorporated in 1716 as the sixth town in the colony, named after Wriothesley Russell, Baron Howland of Streatham, a friend of Royal Governor Samuel Shute. The area was originally called Winnicutt by the Pennacook people and known as ""Squamscott Patent"" or ""Point of Rocks"" due to its geographic location. Notably, Stratham was comprehensively mapped by Phinehas Merrill in 1793, making it unusual among New England settlements of comparable size and allowing historians to identify which extant buildings predate the map.","https://en.wikipedia.org/wiki/Stratham,_New_Hampshire",
3300147140,Meredith,"Originally chartered as Palmer's Town in 1748 by the Masonian Proprietors in honor of surveyor Samuel Palmer, the settlement was renamed New Salem before receiving its current name in 1768 from Governor John Wentworth, who chose to honor Sir William Meredith, 3rd Baronet, a member of Parliament who opposed taxation on the colonies. The town's development accelerated in the early 1800s when John Bond Swasey constructed an innovative canal system that redirected water from Lake Waukewan, creating powerful waterfalls that powered numerous mills and eventually the Meredith Electric Light Company by 1895. Connected by railroad in 1849 and later served by steamboat routes from nearby Alton Bay, Meredith transformed into a thriving summer resort destination.","https://en.wikipedia.org/wiki/Meredith,_New_Hampshire",
3301150740,New Boston,"New Boston was first granted as a township in 1736 by colonial governor Jonathan Belcher and formally incorporated in 1763 under Governor Benning Wentworth, who formally recognized the long-used name of ""New Boston"" after settlers from Boston families had called it by that name since around 1751. The town developed into an industrial center, boasting 25 sawmills, six grain mills, two clothing mills and other manufacturing operations by 1820, though much of the lower village was destroyed during the Great Village Fire of 1887. In the twentieth century, New Boston became home to the Gravity Research Foundation and later the New Boston Space Force Station, a military satellite tracking facility established during the Cold War.","https://en.wikipedia.org/wiki/New_Boston,_New_Hampshire",
3301566180,Rye,"Rye was incorporated in 1785, though it was originally established as a parish in 1726 and called ""Sandy Beach"" before being renamed ""Rye"" after the town of Rye in Sussex, England, ancestral home of the prominent local Jenness family. The area has deeper roots as the site of the first European settlement in New Hampshire, Pannaway Plantation, established in 1623 at Odiorne's Point by English fishermen led by David Thompson, though this settlement was later abandoned. The town experienced tragedy during King William's War when a band of Wabanaki Indians attacked Sandy Beach in a raid in September 1691 in what became known as the Brackett Lane Massacre.","https://en.wikipedia.org/wiki/Rye,_New_Hampshire",
3301354260,Northfield,"Northfield was incorporated as an independent town on March 30, 1780, after residents of the northern area of Canterbury petitioned the state legislature for separation, citing the difficulty of traveling to the town center for civic business. The town derived its name from the ""north fields"" designation that had been used for this region of Canterbury since the 1740s. Following the arrival of the Boston, Concord and Montreal Railroad in 1848, Northfield developed into a mill town, leveraging the water power of the Winnipesaukee River to establish textile and paper manufacturing that sustained its economy throughout the nineteenth century.","https://en.wikipedia.org/wiki/Northfield,_New_Hampshire",
3300934820,Haverhill,"Settled by citizens from Haverhill, Massachusetts, the town was initially known as ""Lower Cohos,"" a name derived from the Abenaki people who had an agricultural presence in the area, before being incorporated in 1763 by colonial Governor Benning Wentworth. The town became the county seat of Grafton County in 1773 and served as the terminus of the Province Road, which connected northern and western settlements to the seacoast. Haverhill is home to the Haverhill-Bath Covered Bridge, constructed in 1829 and recognized as the oldest documented covered bridge in the country still standing.","https://en.wikipedia.org/wiki/Haverhill,_New_Hampshire",
3300358740,Ossipee,"Originally called ""Wigwam Village"" and later ""New Garden,"" Ossipee was incorporated as a town on February 22, 1785, and named for the Ossipee Indians, one of twelve Algonquian tribes. The settlement was the site of an Indian stockade fort built to defend against Mohawk attacks; after its destruction in 1725, Captain John Lovewell rebuilt it into one of the largest in New England. In the 19th century, Ossipee developed into a resort community, particularly after the Portsmouth, Great Falls & Conway Railroad reached the area in 1871, bringing commerce and tourism to the town.","https://en.wikipedia.org/wiki/Ossipee,_New_Hampshire",
3300536660,Hinsdale,"Hinsdale was chartered in 1753 and named for Colonel Ebenezer Hinsdale, a Harvard graduate and military officer who established Fort Hinsdale, including a trading post and gristmill, in 1742. Located beside the Connecticut River in southwestern New Hampshire, the town became an important center for industrial manufacturing, particularly papermaking, and was home to George A. Long, who built an early steam-powered vehicle in his machine shop during the 1870s. The town's earliest decades were marked by conflict with Native Americans, involving raids, assaults, and captivities.","https://en.wikipedia.org/wiki/Hinsdale,_New_Hampshire",
3301975060,Sunapee,"Sunapee was incorporated in 1781 after undergoing several name changes, including ""Saville,"" ""Corey's Town,"" and ""Wendell,"" before the legislature adopted the name ""Sunapee"" in 1850. The town's name derives from Algonquian words meaning ""goose"" and ""water,"" as indigenous peoples called the area the ""Lake of the Wild Goose"" due to the lake's distinctive shape. Before becoming a tourist destination centered around Lake Sunapee, the town served as an industrial hub, with one factory producing 110 clothespins per minute.","https://en.wikipedia.org/wiki/Sunapee,_New_Hampshire",
3300976740,Thornton,"Thornton was granted on July 6, 1763, and incorporated on November 20, 1781, receiving its name in honor of Doctor Matthew Thornton, a signer of the Declaration of Independence. Located in Grafton County, the town developed as part of New Hampshire's early settlement expansion in the late eighteenth century and grew to encompass 50.7 square miles across the Pemigewasset River watershed.","https://en.wikipedia.org/wiki/Thornton,_New_Hampshire",
3300784420,Whitefield,"Whitefield was chartered on July 4, 1774, as the last town to be granted under the English provincial government, and was incorporated under its current name on December 1, 1804. The town's name possibly derives from George Whitefield, a renowned English evangelist connected to Dartmouth College's patron, though some attribute it to the snowy white fields visible through surrounding mountain passages. Following the arrival of railroads in the nineteenth century, the town became a popular tourist destination for visitors seeking refuge from urban heat and pollution, leading to the construction of several grand hotels including the Mountain View House in 1866, which later became one of New Hampshire's most luxurious resorts.","https://en.wikipedia.org/wiki/Whitefield,_New_Hampshire",
3300151540,New Hampton,"The town was granted in 1765 by Governor Benning Wentworth and originally named ""Moultonborough Addition"" after Colonel Jonathan Moulton, who later changed it to ""New Hampton"" in 1777 when the town was incorporated, taking inspiration from his birthplace of Hampton. In 1821, the New Hampton School, a Free Will Baptist institution, was established in the town, and by 1920 it became home to the state's oldest fish hatchery.","https://en.wikipedia.org/wiki/New_Hampton,_New_Hampshire",
3300936900,Holderness,"In 1751, Thomas Shepard petitioned colonial Governor Benning Wentworth on behalf of 64 grantees for land on the Pemigewasset River, and the town was named after Robert Darcy, 4th Earl of Holderness, though settlement was delayed by the French and Indian War until after 1759. The land was regranted as ""New Holderness"" in 1761 and first settled in 1763, with proprietor Samuel Livermore attempting to establish a grand estate modeled on English countryside estates. By the mid-nineteenth century, the town had developed into a resort destination, attracting tourists who traveled by steamboat along Squam Lake, and it remains popular for recreation, notably serving as the filming location for the 1981 movie On Golden Pond.","https://en.wikipedia.org/wiki/Holderness,_New_Hampshire",
3301747700,Middleton,"Middleton was granted by the Masonian Proprietors in 1749 and named after Sir Charles Middleton, 1st Baron Barham, who oversaw convoy services between Barbados and the colonies. The town was incorporated on March 4, 1778, after initial settlement by pioneers from nearby communities shortly before the Revolutionary War. Following the war, a significant population of Quaker families, led by town auditor Nicholas Austin, relocated to Quebec in search of a more peaceful environment.","https://en.wikipedia.org/wiki/Middleton,_New_Hampshire",
3300323620,Effingham,"Effingham was initially settled by members of the Leavitt family from Hampton, New Hampshire and was known as ""Leavitt's Town"" before being renamed by Governor Benning Wentworth in 1749 in honor of the Howard family, Earls of Effingham who were related to the Wentworths by marriage; the town was incorporated in 1778. By the mid-19th century, Effingham Falls had developed into a significant mill town featuring textile and wood processing facilities, and the town became the home of New Hampshire's first normal school, established in 1830 to train teachers under the direction of future U.S. Senator James W. Bradbury.","https://en.wikipedia.org/wiki/Effingham,_New_Hampshire",
3301977940,Unity,"The area that became Unity was originally chartered in 1753 as ""Buckingham"" before being incorporated under its current name in 1764, following the resolution of land grant disputes between Massachusetts and New Hampshire colonial authorities. The town developed into a significant industrial center, and by 1810 it had grown to over 1,000 residents with multiple mills and a thriving sheep farming industry. In 2008, Unity gained national attention when presidential candidates Barack Obama and Hillary Clinton held their first joint public appearance there, a choice reportedly made because of the town's meaningful name and because the candidates had each received exactly 107 votes from Unity voters during the Democratic primary.","https://en.wikipedia.org/wiki/Unity,_New_Hampshire",
3300930820,Grafton,"Grafton was originally granted in 1761 and re-granted in 1769, taking its name from Augustus FitzRoy, 3rd Duke of Grafton, before being formally incorporated in 1778. Historically, the town's economy was based on subsistence farming, small-scale industry, and mining, with mica mines and granite quarries, notably Ruggles Mine, once characterizing the local landscape. The town later became known in the early 2000s as the focus of a libertarian settlement initiative that ultimately dissolved in 2016 amid various complications.","https://en.wikipedia.org/wiki/Grafton,_New_Hampshire",
3301978980,Washington,"Washington was incorporated on December 13, 1776, by the newly established American revolutionary government and named after George Washington, making it one of the first named in his honor. Originally settled in 1768, the town developed into a manufacturing center that utilized water power to produce lumber, textiles, and other goods, while also supporting sheep farms that generated wool and mutton for regional commerce. The establishment of the first Seventh-day Adventist church in Washington in 1862 marked a significant religious development in the community's history.","https://en.wikipedia.org/wiki/Washington,_New_Hampshire",
3301335860,Hill,"Originally incorporated as ""New Chester"" in 1753, the town was renamed ""Hill"" in 1837 to honor Isaac Hill, who served as governor of New Hampshire from 1836 to 1839. A significant event in the town's development occurred in 1941, when the village of Hill was relocated to accommodate the construction of the Franklin Falls Dam.","https://en.wikipedia.org/wiki/Hill,_New_Hampshire",
3300978740,Warren,"Warren was granted in 1763 by Governor Benning Wentworth and incorporated in 1770, taking its name from Admiral Sir Peter Warren of the Royal Navy. The town's most distinctive landmark is a Redstone ballistic missile displayed on the village green, donated in 1971 to honor Senator Norris Cotton, a Warren native. From 1909 to 1970, the village of Glencliff served as the mailing address for the New Hampshire State Sanatorium, a tuberculosis treatment facility located on Mount Moosilauke's slopes.","https://en.wikipedia.org/wiki/Warren,_New_Hampshire",
3300961060,Piermont,"Piermont was incorporated by Governor Benning Wentworth in 1764 and settled four years later, deriving its name from Italy's Piedmont region. The town boasts a notable connection to Western expansion through Aaron Lane, a Piermont native who became the first permanent settler in the area that would develop into Victorville, California. Colonel William Tarleton, a delegate to the Constitutional Convention of 1791, left his mark on the community by giving his name to Lake Tarleton, which remains a prominent local landmark.","https://en.wikipedia.org/wiki/Piermont,_New_Hampshire",
3301940900,Langdon,"Langdon was first settled in 1773 by Seth Walker and officially incorporated on January 11, 1787, receiving its name after Governor John Langdon. The town is notable as the home of the Prentiss Bridge, constructed in 1874 across Great Brook, which holds the distinction of being New Hampshire's shortest covered bridge at just 34 feet 6 inches in length.","https://en.wikipedia.org/wiki/Langdon,_New_Hampshire",
3300940660,Landaff,"Landaff was originally granted as ""Whitcherville"" in 1764 but was re-granted to Dartmouth College in 1770 after the initial settlers forfeited their claim, and the town was formally incorporated on November 11, 1774. The town's name derives from its official charter designation ""Llandaff,"" honoring the Bishop of Llandaff who served as chaplain to King George III. After the Revolutionary War, the original grantees successfully challenged the forfeiture as illegal, forcing Dartmouth College to relinquish its claims and abandon the infrastructure investments it had made in establishing settlements.","https://en.wikipedia.org/wiki/Landaff,_New_Hampshire",
3300719300,Dummer,"Dummer was granted in 1773 by Governor John Wentworth to Portsmouth investors and named after Massachusetts Governor William Dummer, who successfully defended English provinces during Dummer's War. The town remained largely unsettled until 1812 when William Leighton arrived with his family, and it was officially incorporated in 1848. The local economy developed around timber resources and water power from the Upper Ammonoosuc River, with sawmills and log drives eventually supplying papermills downstream in Berlin.","https://en.wikipedia.org/wiki/Dummer,_New_Hampshire",
3300334500,Hart's Location,"Hart's Location, incorporated in 1795, was named after Colonel John Hart of Portsmouth, New Hampshire, following a 1772 land grant to Thomas Chadbourne. The town gained historical prominence through the tragic 1826 Willey family disaster, when a landslide killed the family despite their house remaining standing, an event that inspired Nathaniel Hawthorne's short story ""The Ambitious Guest."" Since 1948, Hart's Location has become nationally recognized for frequently being one of the first places to report results in New Hampshire's presidential primary and general elections.","https://en.wikipedia.org/wiki/Hart%27s_Location,_New_Hampshire",
3301314200,Concord,"The area was first settled by Europeans in 1659 as Penacook, and the town was incorporated as Rumford on February 9, 1734, before receiving its current name in 1765 when Governor Benning Wentworth renamed it to reflect ""the new harmony"" following a boundary dispute with the neighboring town of Bow. In 1808, Concord was designated the official seat of state government, and the State House, completed in 1819, remains the oldest capitol building in which a state legislature continues to meet in its original chambers. The city became a significant economic center in the nineteenth century through furniture manufacturing, granite quarrying, and the famous Abbot and Downing Company's Concord coaches, which played an important role in western expansion.","https://en.wikipedia.org/wiki/Concord,_New_Hampshire",
3301104500,Bedford,"The area was initially established in 1733 by the Province of Massachusetts Bay as ""Narragansett, No. 5"" as a land grant for soldiers who had fought against the Narragansett people in Rhode Island. The settlement was officially incorporated as ""Bedford"" in 1750 and named after John Russell, 4th Duke of Bedford, a close friend of Governor Benning Wentworth who served as Secretary of State for the Southern Department. The town experienced rapid growth during the second half of the twentieth century, expanding from approximately 2,176 residents in 1950 to over 18,000 by 2000, driven largely by its proximity to Manchester.","https://en.wikipedia.org/wiki/Bedford,_New_Hampshire",
3301585780,Windham,"Originally settled by Scots-Irish immigrants beginning in 1719 as part of the ""Nutfield"" region, Windham was formally incorporated as an independent town in 1742 when Governor Benning Wentworth granted a petition from local settlers. The town's name likely derives either from Windham, Ireland, reflecting the settlers' heritage, or alternatively from Sir Charles Wyndham, 2nd Earl of Egremont, a British politician and friend of Governor Wentworth. Among its notable historical landmarks is Searles Castle, completed in 1915 by interior decorator Edward Francis Searles and designed by architect Henry Vaughan to resemble Stanton Harcourt Manor in England.","https://en.wikipedia.org/wiki/Windham,_New_Hampshire",
3301101300,Amherst,"Amherst was incorporated on January 18, 1760, when New Hampshire Governor Benning Wentworth chartered the settlement and renamed it after General Jeffery Amherst, who served as Commander-in-Chief, North America during the French and Indian War. The town became the county seat of Hillsborough County in 1770 due to its strategic location along the region's primary east-west transportation corridor. Following World War II, Amherst experienced significant population growth as it became integrated into the Greater Boston metropolitan area, transforming from a relatively stagnant settlement into a thriving suburban community.","https://en.wikipedia.org/wiki/Amherst,_New_Hampshire",
3301327380,Franklin,"Franklin was settled by English colonists in 1764 as ""Pemigewasset Village"" at the confluence of two rivers before being incorporated as a town in 1828 and later as a city in 1895. The settlement adopted the name ""Franklin"" in 1820 in honor of statesman and founding father Benjamin Franklin. The town developed into a mill community powered by waterfalls on the Winnipesaukee River, and in 1943 the Army Corps of Engineers constructed the Franklin Falls Dam nearby for flood control purposes.","https://en.wikipedia.org/wiki/Franklin,_New_Hampshire",
3300104740,Belmont,"Belmont was originally chartered in 1727 as ""Upper Gilmanton,"" a parish of Gilmanton, and developed into a mill town powered by the Tioga River before being incorporated as an independent municipality on June 28, 1859. The town adopted its current name in 1869 in honor of financier August Belmont, though he never acknowledged the gesture. The Belmont Mill, built in 1833 to manufacture textiles and later hosiery until its closure in 1955, underwent a celebrated adaptive reuse project from 1996 to 1998 that earned regional and national preservation awards.","https://en.wikipedia.org/wiki/Belmont,_New_Hampshire",
3301567620,Sandown,"Originally part of Kingston, Sandown was established as an independent town in 1756 under colonial governor Benning Wentworth and named after ""the picturesque Sandown on the Isle of Wight."" The Reverend Josiah Cotton, the town's first minister, constructed the Sandown Meeting House in 1774, which remains a notable example of early New England church architecture featuring an 11-foot-high pulpit and marble columns.","https://en.wikipedia.org/wiki/Sandown,_New_Hampshire",
3300942580,Littleton,"Originally called ""Chiswick"" and settled in 1769, the town was granted as ""Apthorp"" in 1770 to honor George Apthorp, a wealthy Boston merchant, before being renamed Littleton in 1784 when incorporated to honor Colonel Moses Little, a landowner and Surveyor of the King's Woods. The town's industrial heritage includes the Littleton Grist Mill, which opened in 1798 along the Ammonoosuc River, and the Kilburn Brothers factory, which produced and sold stereoscopic photographs and viewers between 1867 and 1909.","https://en.wikipedia.org/wiki/Littleton,_New_Hampshire",
3300538500,Jaffrey,"Jaffrey, New Hampshire was first granted in 1736 to soldiers returning from Canada and subsequently incorporated in 1773 by Governor John Wentworth, receiving its name for George Jaffrey, member of a wealthy Portsmouth family. The town's development was powered by water mills along the Contoocook River and later attracted notable visitors and residents, including Ralph Waldo Emerson and Henry David Thoreau, who were drawn to the scenic beauty of Mount Monadnock.","https://en.wikipedia.org/wiki/Jaffrey,_New_Hampshire",
3301517460,Deerfield,"Deerfield was incorporated in 1766 after residents initially petitioned for separation from Nottingham in 1756, a request that was denied until local hunters presented colonial governor Benning Wentworth with a deer, inspiring the town's name. Originally a thriving agricultural community, Deerfield was disappointed by the railroads' bypass in the nineteenth century, prompting citizens to establish the Deerfield Fair in 1876, now known as ""New England's Oldest Family Fair."" The town also housed Deerfield Academy, a high school founded around 1798 that burned in 1842.","https://en.wikipedia.org/wiki/Deerfield,_New_Hampshire",
3301554580,North Hampton,"North Hampton was first settled in 1639 as part of Hampton, originally known as ""North Hill"" or ""North Parish,"" before being incorporated as an independent township in 1742 by colonial governor Benning Wentworth following New Hampshire's separation from Massachusetts. The town's name derives from its geographic position north of the original Hampton settlement. During the nineteenth century, the seaside area of Little Boar's Head developed into a fashionable resort destination, featuring elegant Victorian and Edwardian architecture that remains notable today.","https://en.wikipedia.org/wiki/North_Hampton,_New_Hampshire",
3301773860,Strafford,"Strafford was incorporated as a town in 1820, having been ""set off due to the lengthy travel required to attend town meetings"" from the neighboring town of Barrington. The town takes its name from Strafford County, which was established in 1773 and named to honor Thomas Wentworth, 1st Earl of Strafford. A notable institution, the Austin-Cate Academy, was established in 1904 through the philanthropic efforts of shoe manufacturer George Cate, whose substantial bequest transformed the local educational landscape until the property was eventually acquired by the state for a National Guard training center.","https://en.wikipedia.org/wiki/Strafford,_New_Hampshire",
3300128980,Gilmanton,"Gilmanton was incorporated in 1727 and named after the Gilman family, who originally settled in Exeter and received land grants in the newly established town, along with related families including the Dudleys, Leavitts, Folsoms, and Coffins. Once the second-largest town in New Hampshire after Portsmouth, Gilmanton later became widely recognized in the 1950s when author Grace Metalious, a resident of the town, published the popular novel Peyton Place, which was rumored to be based on the community.","https://en.wikipedia.org/wiki/Gilmanton,_New_Hampshire",
3300907700,Bristol,"Bristol was incorporated on June 24, 1819, after being separated from the towns of Bridgewater and New Chester, with settlement beginning in 1770 under Colonel Peter Sleeper and Benjamin Emmons. The town derives its name from ""extensive deposits of fine sand or clay similar to the Bristol Sand used in Bristol, England, to make fine china and pottery,"" with local sand instead being manufactured into superior quality brick. During the nineteenth century, Bristol developed into a manufacturing center powered by the Newfound River, producing goods including paper, leather, woolens, and other textiles, while also becoming a popular tourist destination along Newfound Lake beginning in the mid-1800s.","https://en.wikipedia.org/wiki/Bristol,_New_Hampshire",
3300730260,Gorham,"Gorham was incorporated as a town in 1836, though it had been chartered in 1770 as part of Shelburne and first settled around 1802. The town was named at the suggestion of resident Lot Davis, who was from Gorham, Maine, and a relative of the Gorham family that incorporated that Maine town in 1764. The arrival of the St. Lawrence and Atlantic Railroad in 1851 transformed Gorham into a major railroad hub with locomotive yards and repair facilities, which in turn brought tourism and led to the construction of several hotels that served travelers heading to Mount Washington and the White Mountains.","https://en.wikipedia.org/wiki/Gorham,_New_Hampshire",
3300905460,Bethlehem,"Originally granted as ""Lloyd's Hills"" in 1774 to honor James Lloyd of Boston, the town was incorporated under its current name on December 27, 1799, after residents rejected the Loyalist connection and selected the new designation on Christmas Day. Following the arrival of railroad service in 1867, Bethlehem transformed into a prominent Gilded Age resort destination, eventually hosting over 30 hotels and attracting wealthy visitors and notable figures including multiple U.S. Presidents. The town later became known for its significant Jewish community, which grew beginning around 1916 as families sought relief from hay fever in the town's low-pollen environment.","https://en.wikipedia.org/wiki/Bethlehem,_New_Hampshire",
3300526500,Fitzwilliam,"Fitzwilliam was originally granted as ""Monadnock No. 4"" in 1752 and incorporated in 1773, when Governor John Wentworth named it after his cousin William Fitzwilliam, 4th Earl Fitzwilliam. The town was established as part of a line of eight communities settled by Scottish colonists and became notable as the home of early grantees including Matthew Thornton, a signer of the Declaration of Independence, and James Reed, who later led forces at the Battle of Bunker Hill. The community developed significant industries including one of New Hampshire's oldest granite quarries, woodworking, and yarn-making before the railroad arrived in 1848.","https://en.wikipedia.org/wiki/Fitzwilliam,_New_Hampshire",
3301375460,Sutton,"Sutton was granted in 1749 by the Masonian Proprietors to settlers from Massachusetts and New Hampshire, initially named ""Perrystown"" after proprietor Obadiah Perry, though settlement was delayed by the French and Indian War until 1767. The town received its current name from Sutton, Massachusetts, source of settlers who arrived after the town was regranted in 1784. In 1981, Sutton became home to the world's first paintball facility, operated by Bob Gurnsey, one of paintballing's inventors, which remained open until 1985.","https://en.wikipedia.org/wiki/Sutton,_New_Hampshire",
3300900580,Alexandria,"Granted in 1753 by the Masonian Proprietors and incorporated on November 23, 1782, Alexandria was named for Alexandria, Virginia, the site of a 1755 governors' conference during the French and Indian War. The town was first settled in 1769 by John Moore Corliss and his brother Jonathan. Alexandria holds historical significance as the birthplace of Luther C. Ladd, who became ""the first enlisted soldier to lose his life in the Civil War"" when he was shot during the 1861 Baltimore Riot.","https://en.wikipedia.org/wiki/Alexandria,_New_Hampshire",
3300327700,Freedom,"Freedom was incorporated in 1831 as a town that had previously been called ""North Effingham,"" a part of the larger town of Effingham. The community received its name to commemorate its separation from Effingham following cultural and religious conflicts between Maine settlers and established residents from New Hampshire's seacoast region. The town has since become known as a location for several educational and recreational institutions, including being the setting for Oliver Butterworth's 1956 children's fantasy novel The Enormous Egg.","https://en.wikipedia.org/wiki/Freedom,_New_Hampshire",
3301104900,Bennington,"Bennington was incorporated in 1842 from portions of several neighboring towns in an area previously known as ""Society Land."" The town was named to commemorate the 1777 Battle of Bennington, an American Revolutionary War engagement fought in nearby Vermont, which itself was named after New Hampshire governor Benning Wentworth. Situated at the Great Falls of the Contoocook River, Bennington developed into an industrial center with mills and factories, including a gristmill established in 1782 and a paper mill constructed in 1835 that would eventually become the Monadnock Paper Mills.","https://en.wikipedia.org/wiki/Bennington,_New_Hampshire",
3301176260,Temple,"Temple was incorporated in 1768 by colonial Governor John Wentworth, who named the town after John Temple, his lieutenant governor. The settlement began in 1758 when Maj. Ephraim Heald and his family arrived as among the first settlers, with Peter Heald becoming recognized as the town's founder. A notable early industry was the Temple Glassworks, established in 1780 by Robert Hewes of Boston, whose products became ""rare and prized collectibles"" despite the company's eventual closure.","https://en.wikipedia.org/wiki/Temple,_New_Hampshire",
3300907540,Bridgewater,"Bridgewater was incorporated on February 12, 1788, and was named after Bridgewater, Massachusetts, by settlers who originated from that town. Originally part of a larger settlement called New Chester, the land was first settled in 1776 by Thomas Crawford before being separated into five distinct towns. The community gained railroad connectivity in 1874 when the Montreal railroad established a station there, and later became known as a summer retreat for acclaimed author John Cheever.","https://en.wikipedia.org/wiki/Bridgewater,_New_Hampshire",
3301550980,New Castle,"New Castle was incorporated on May 30, 1693, and took its name from Fort William and Mary, an earthwork defense originally built on Fort Point that evolved into the namesake fort. The town gained prominence as the site of one of the American Revolution's first military actions when colonists raided Fort William and Mary on December 14, 1774, seizing gunpowder and weapons that would later be used at the Battle of Bunker Hill. Originally settled in 1623 on Great Island at the mouth of the Piscataqua River, New Castle became the easternmost and smallest town in New Hampshire, and remains the only municipality in the state located entirely on islands.","https://en.wikipedia.org/wiki/New_Castle,_New_Hampshire",
3300710100,Carroll,"Land was granted to Sir Thomas Wentworth and others in 1772, with the township initially named ""Bretton Woods"" after Wentworth's English estate. The town was formally incorporated on June 22, 1832, as Carroll in honor of Charles Carroll, a signer of the Declaration of Independence. The area became renowned for tourism in the late nineteenth century, culminating in the construction of the Mount Washington Hotel in 1902, which later hosted the 1944 International Monetary Conference that established the International Monetary Fund and World Bank.","https://en.wikipedia.org/wiki/Carroll,_New_Hampshire",
3300300420,Albany,"Albany was originally chartered in 1766 by colonial Governor Benning Wentworth as ""Burton,"" named after General Jonathan Burton of Wilton, New Hampshire. The community was incorporated and renamed ""Albany"" in 1833, coinciding with the chartering of the New York Central Railroad from New York City to Albany, New York. The town is also home to the World Fellowship Center, ""an intergenerational camp and conference retreat center founded in 1941 by and for peace activists.""","https://en.wikipedia.org/wiki/Albany,_New_Hampshire",
3300974740,Sugar Hill,"Sugar Hill was incorporated as a town in 1962, making it the most recently incorporated town in New Hampshire, having been separated from the town of Lisbon following considerable legal disputes. The town derives its name from ""the large groves of sugar maples within the town limits."" During the Victorian era, Sugar Hill became a fashionable resort destination, attracting wealthy visitors from major eastern cities to its panoramic mountain views, and it notably hosted the nation's first resort-based ski school, established in the early 1900s at Peckett's-on-Sugar Hill Inn.","https://en.wikipedia.org/wiki/Sugar_Hill,_New_Hampshire",
3300323380,Eaton,"Eaton was established in 1766 by colonial Governor Benning Wentworth and named after Governor Theophilus Eaton of Connecticut, ""a generous contributor to the funds needed to settle Massachusetts in 1630."" The town's notable landmarks include the ""Little White Church"" overlooking Crystal Lake, and the village of Snowville, which takes its name from the Snow family who established a sawmill there in 1825.","https://en.wikipedia.org/wiki/Eaton,_New_Hampshire",
3300725140,Errol,"Errol was granted in 1774 by Governor John Wentworth to Timothy Ruggles and others, with its name derived from Scotland's James Hay, 15th Earl of Erroll. The town was officially incorporated in 1836, after its first settlers arrived in 1806 and the population had grown to 36 by 1820. Historically, the town's economy centered on lumbering due to its vast forests, and by 1859 it supported two sawmills, one gristmill, and one clapboard machine despite having generally poor soil.","https://en.wikipedia.org/wiki/Errol,_New_Hampshire",
3301517940,Derry,"The area was first settled by Scots-Irish families in 1719 as part of Londonderry, and Derry was incorporated as a separate town in 1827 from the eastern portion of that original settlement. Like its parent town, Derry was named after the city of Derry in Ireland, with the Irish word ""Doire"" meaning ""oak grove."" The town claims two notable historical distinctions: it was the site where the first potato planted in the United States was sown in a common field in 1719, and it is the birthplace of astronaut Alan Shepard, the first American in space, earning it the nickname ""Spacetown.""","https://en.wikipedia.org/wiki/Derry,_New_Hampshire",
3300539300,Keene,"Keene was initially granted as the township of ""Upper Ashuelot"" in 1735 to sixty-three settlers, then regranted and renamed in 1753 by Governor Benning Wentworth after Sir Benjamin Keene, a principal of the South Sea Trading Company. The settlement was attacked and burned by Native Americans during King George's War in 1747, though colonists returned to rebuild in 1749. In the nineteenth and twentieth centuries, Keene developed as a regional commercial and educational center, eventually becoming the county seat and home to two colleges.","https://en.wikipedia.org/wiki/Keene,_New_Hampshire",
3301719700,Durham,"Originally settled by English colonists in 1622 and incorporated as a township in 1732, Durham was renamed from its former designation as Oyster River Plantation, though the exact origin of the name ""Durham"" remains unclear. The town gained national prominence when it became the site of a significant 1694 attack during King William's War, in which French forces and Abenaki warriors killed over 100 inhabitants and destroyed much of the settlement. In the nineteenth century, Durham's trajectory changed dramatically when Benjamin Thompson bequeathed his estate to establish an agricultural college, which eventually became the University of New Hampshire in 1923, transforming the town into an academic center.","https://en.wikipedia.org/wiki/Durham,_New_Hampshire",
3301564020,Raymond,"Raymond was originally settled as a parish of Chester known as ""Freetown,"" a name arising from the ship timber business, and was incorporated as a town in 1764 under its new name, which according to historical records means ""the lustrous, luminous or shining world."" In 1906, philanthropist Andrew Carnegie provided a grant toward constructing a library in the town, which opened as the Dudley-Tucker Library in 1908. The town's railroad connection, established in 1850 on the line between Concord and Portsmouth, eventually became part of the Boston and Maine Railroad's Portsmouth Branch before passenger service ceased in 1954.","https://en.wikipedia.org/wiki/Raymond,_New_Hampshire",
3301142260,Litchfield,"Originally part of the town of Dunstable established in the 1600s, the area was first incorporated into Massachusetts on July 4, 1734, and was renamed ""Litchfield"" in 1749 after George Henry Lee, Earl of Lichfield, when it was incorporated into the Province of New Hampshire. Prior to European colonization, the region was inhabited by the Abenaki people, who left behind over 30 Native American archaeological sites along the Merrimack River. The town experienced significant population growth beginning in the 1970s as it transformed from farmland into a bedroom community for the Greater Boston area.","https://en.wikipedia.org/wiki/Litchfield,_New_Hampshire",
3300575700,Swanzey,"Originally granted in 1733 as ""Lower Ashuelot,"" the town was regranted and incorporated in 1753 by Governor Benning Wentworth under the name ""Swanzey,"" most probably because early settlers had connections to Swansea in Wales. Situated on the Ashuelot River, the town developed into an industrial center, with West Swanzey becoming a textile mill town and East Swanzey gaining recognition for wooden bucket production. The area experienced significant conflict during King George's War, forcing its abandonment for three years before its reestablishment.","https://en.wikipedia.org/wiki/Swanzey,_New_Hampshire",
3300564580,Rindge,"Rindge was incorporated in 1768 by Governor John Wentworth and named in honor of Captain Daniel Rindge of Portsmouth, New Hampshire, one of the original grant holders. The town's early settlement was interrupted by territorial disputes and King George's War, but permanent habitation resumed in the 1750s, leading to steady growth supported by numerous water-powered mills throughout the 19th century.","https://en.wikipedia.org/wiki/Rindge,_New_Hampshire",
3301502820,Auburn,"Auburn, New Hampshire was originally settled by Native Americans in 1624 as a fishing community called ""Massabesic,"" though British settlers arrived in 1720 and the area was later known by various names including ""Chester Woods"" and ""Long Meadow"" before becoming an independent town on June 25, 1845. Like several other American towns bearing the same name, Auburn took its designation from Oliver Goldsmith's 18th-century poem ""The Deserted Village,"" which opens with the line ""Sweet Auburn! loveliest village of the plain."" The town was historically served by the Concord and Portsmouth Railroad, which later became part of the Boston & Maine Railroad system, though freight service ceased in the early 1980s.","https://en.wikipedia.org/wiki/Auburn,_New_Hampshire",
3301512100,Chester,"Chester was incorporated on May 8, 1722, originally under the name Cheshire before adopting its current designation, likely derived from Chester, the county town of Cheshire in England. The settlement began in 1719 when approximately eighty residents from Portsmouth and Hampton established an association to secure land in the region then known as the ""Chesnut Country."" Over its early history, Chester underwent significant territorial changes, with Candia being set off as a separate town in 1763 and portions later transferred to Hooksett and Auburn.","https://en.wikipedia.org/wiki/Chester,_New_Hampshire",
3301324900,Epsom,"Epsom was incorporated in 1727 and takes its name from Epsom in Surrey, England. The town's landscape of small mountains proved suitable for grazing and grain cultivation, supporting two gristmills and two sawmills by 1859. On April 24, 1944, a military aircraft crashed on a local mountain, claiming all ten occupants aboard.","https://en.wikipedia.org/wiki/Epsom,_New_Hampshire",
3301741460,Lee,"Lee was established on January 16, 1766, when Colonial Governor Benning Wentworth granted it a charter, making it among the last of 129 towns to receive a charter during his administration. The settlement was named after British General Charles Lee, who subsequently participated in the American Revolution. During King William's War, Wheelwright Pond within Lee's territory became the site of a significant 1690 battle when colonial forces pursued Indigenous attackers, resulting in heavy casualties on both sides including three officers and fifteen soldiers.","https://en.wikipedia.org/wiki/Lee,_New_Hampshire",
3300585540,Winchester,"Winchester, New Hampshire was originally established in 1733 as ""Arlington"" by colonial Governor Jonathan Belcher to protect the Massachusetts Bay Colony border, then incorporated in 1753 under its current name by Governor Benning Wentworth in honor of Charles Paulet, 3rd Duke of Bolton and Marquess of Winchester. The town's early settlers faced repeated attacks by Indigenous peoples, and the community was burned in 1745 before gradually developing into an agricultural center with various small industries, including an early musical instrument manufacturer and textile mills following the arrival of the Ashuelot Railroad in 1850.","https://en.wikipedia.org/wiki/Winchester,_New_Hampshire",
3301185220,Wilton,"Wilton was incorporated in 1762 and is believed to have been named either for the town of Wilton in England or for Sir Joseph Wilton, a renowned English sculptor whose coach design for King George III's coronation later influenced the Concord coach model. Originally chartered as ""Salem-Canada"" in 1735 and intended as a frontier settlement to protect against Indigenous attacks, the town developed around water-powered textile mills along the Souhegan River before evolving into a rural residential community. In May 1816, Wilton established what may have been the first Sunday school in the United States devoted exclusively to religious instruction, led by two local women and connected to the town's Congregational church.","https://en.wikipedia.org/wiki/Wilton,_New_Hampshire",
3300740420,Lancaster,"Lancaster was granted as ""Upper Coos"" in 1763 and settled beginning in 1764 by David Page Jr. and Emmons Stockwell, making it the first settlement north of Haverhill. The town was subsequently named after Lancaster, Massachusetts, the hometown of an early inhabitant. Notable early residents included Reverend Joshua Weeks, who helped name the Presidential Range mountains, and grantees Timothy Nash and Benjamin Sawyer, who discovered Crawford Notch in 1771, establishing a crucial shorter route to Portland, Maine.","https://en.wikipedia.org/wiki/Lancaster,_New_Hampshire",
3301751220,New Durham,"New Durham, originally granted as ""Cochecho Township"" in 1749, was first settled by Europeans in 1750 primarily by colonists from the nearby town of Durham, from which it derived its name. The town was officially incorporated as New Durham on December 7, 1762, and its rocky terrain led settlers to focus on grazing and lumber production, with five sawmills and four shingle mills operating by 1859. The town gained religious significance as the birthplace of the Free Will Baptist denomination, founded by local minister Benjamin Randall in 1780.","https://en.wikipedia.org/wiki/New_Durham,_New_Hampshire",
3300377620,Tuftonboro,"Tuftonboro was granted as ""Tuftonborough"" in 1750 by colonial Governor Benning Wentworth and incorporated by the New Hampshire Legislature on December 17, 1795, taking its name from John Tufton Mason, who initially owned the undivided lands of northern New Hampshire as heir to the Masonian Claim. The town was notably the only incorporated place in New Hampshire owned by just one man before Mason sold the property to Portsmouth merchants in 1746, who then distributed it to settlers prior to the American Revolution. By the mid-nineteenth century, Tuftonboro's economy centered on livestock husbandry and light manufacturing, including sawmills, carriage factories, and gristmills.","https://en.wikipedia.org/wiki/Tuftonboro,_New_Hampshire",
3301350900,Newbury,"The town of Newbury was incorporated in 1837 under a name suggested by settlers originally from Newbury, Massachusetts. Prior to its current designation, the settlement had been known by several names reflecting different historical grants and ownership: it was initially called ""Dantzic"" after the Baltic seaport, then ""Hereford"" in 1754 to honor a Viscount, and ""Fishersfield"" in 1772 for John Fisher. The town's development was shaped by its location on Lake Sunapee, which became a significant feature attracting both residents and visitors to the region.","https://en.wikipedia.org/wiki/Newbury,_New_Hampshire",
3301131940,Greenville,"Greenville was incorporated as a town in 1872, having previously been part of Mason Village. Located at the High Falls on the Souhegan River, the town developed as a manufacturing center due to the abundant water power, with the Columbian Manufacturing Company established in 1826 to produce textiles for both Greenville and neighboring New Ipswich. The brick mill buildings from this industrial era still dominate the village landscape today, though most have been repurposed for modern uses such as businesses, storage, and elderly housing.","https://en.wikipedia.org/wiki/Greenville,_New_Hampshire",
3301551380,Newfields,"Settled in 1638 and originally called ""Newfield Village,"" the community remained part of other towns until Dr. John M. Brodhead donated his library and $10,000 to the town in 1880 on the condition it be renamed ""Newfields,"" leading to its incorporation under that name in 1895. A notable early development was the 1775 construction of a bridge across the Squamscott River connecting Newfields to Stratham, which shortened travel to Exeter but ultimately bypassed the town center, preserving its historic character. The community's architectural heritage includes garrison houses built for protection against Indigenous attacks, reflecting its colonial frontier origins.","https://en.wikipedia.org/wiki/Newfields,_New_Hampshire",
3301306980,Bradford,"Bradford was granted in 1765 and incorporated on September 27, 1787, taking its name from settlers who arrived in 1774 from Bradford, Massachusetts. The town developed into an industrial center by the mid-nineteenth century, with the Concord & Claremont Railroad reaching Bradford in 1850 and serving as the line's terminus until its extension to Claremont in 1871-1872. By 1859, the town supported diverse manufacturing operations including woolen mills, sawmills, and a gristmill, leveraging the water power provided by local streams.","https://en.wikipedia.org/wiki/Bradford,_New_Hampshire",
3300965940,Rumney,"Rumney was established as a town when Governor Benning Wentworth granted it in 1761 to settlers from Connecticut, though it was first settled in 1765 and subsequently regranted in 1767. The town takes its name from Robert Marsham, 2nd Baron Romney, whose title was pronounced similarly. The settlement developed a diverse economy based on fertile farmland, and by 1859 included fifteen sawmills, a tannery, and a ladder factory, with railroad service arriving to West Rumney in 1850-1851.","https://en.wikipedia.org/wiki/Rumney,_New_Hampshire",
3300573700,Stoddard,"Stoddard was incorporated in 1774 and named in honor of Colonel Sampson Stoddard, a surveyor who had received the land grant but never lived there. The town was first settled in 1768 by Irish immigrants John and Martha Taggart, and by 1800 its population of 1,148 residents exceeded that of the nearby county seat of Keene. Between 1840 and 1873, Stoddard became a renowned center of glass manufacturing, producing distinctive amber and olive-toned glassware whose unique hues resulted from trace minerals in the local sand, making Stoddard glass highly valued by collectors today.","https://en.wikipedia.org/wiki/Stoddard,_New_Hampshire",
3301941700,Lempster,"Lempster was first granted in 1735 as ""Number 9"" by colonial governor Jonathan Belcher, then regranted in 1753 as ""Dupplin"" before receiving its final name in 1767, derived from Sir Thomas Fermor, Second Baron Leominster or ""Lempster,"" and was incorporated in 1772. The town developed as a rural settlement in Sullivan County, and in 2008 it became home to New Hampshire's first wind farm, a facility with 12 turbines generating 24 megawatts of power located on Bean Mountain.","https://en.wikipedia.org/wiki/Lempster,_New_Hampshire",
3300534420,Harrisville,"Harrisville was incorporated in 1870 from lands ceded by five neighboring towns and was named after Milan Harris, whose Cheshire Mills operated as a textile manufacturer. Originally known as ""Twitchell's Mills"" when a sawmill and gristmill were constructed in 1774, the town developed into a prosperous industrial center following the 1878 opening of the Manchester & Keene Railroad. The town is notable for being the only industrial community of the early 19th century to endure in its original form, with its distinctive red brick mills and historic district preserved as a National Historic Landmark.","https://en.wikipedia.org/wiki/Harrisville,_New_Hampshire",
3300575300,Surry,"Surry was chartered in 1769 and named after Charles Howard, the 10th Duke of Norfolk and Earl of Surrey. The town's first census in 1790 recorded 448 residents, reflecting early settlement in this Cheshire County community. The area is notable for Surry Dam on the Ashuelot River, which creates Surry Mountain Lake as a recreational resource, and for being the hometown where Amos Pollard, the chief surgeon and defender of the Alamo, grew up.","https://en.wikipedia.org/wiki/Surry,_New_Hampshire",
3300307940,Brookfield,"Brookfield was settled in 1726 by Scots-Irish immigrants who initially called it ""Coleraine"" after a town in Northern Ireland, before it was renamed after Brookfield, Massachusetts and finally incorporated on December 12, 1794, following a separation from the town of Middleton. The division had been motivated by geographical obstacles, as the long, high ridge of the Moose Mountains made it difficult for residents on opposite sides to attend town meetings. In 1874, the Wolfeborough Branch Railroad extended service through the town, further connecting it to the wider region.","https://en.wikipedia.org/wiki/Brookfield,_New_Hampshire",
3300935220,Hebron,"Hebron was first settled in 1765 and incorporated in 1792 from portions of the extinct township of Cockermouth and the area then known as West Plymouth. Early settlers, predominantly from New England towns, initially pursued farming as their primary occupation, though economic activity diversified after construction of the Mayhew Turnpike in 1803 facilitated connections with southern cities and lumber mills. By the 1920s, the town had developed tourism as a major industry, featuring summer lodges and winter skiing attractions.","https://en.wikipedia.org/wiki/Hebron,_New_Hampshire",
3300905060,Benton,"Benton was chartered on January 31, 1764, by Governor Benning Wentworth and originally named Coventry after the Connecticut hometown of many early settlers. The town was renamed Benton in 1840 at the suggestion of Governor Isaac Hill, honoring U.S. Senator Thomas Hart Benton of Missouri, a prominent advocate for westward expansion. By the mid-nineteenth century, the town's mountainous terrain and abundant forests supported a thriving lumber industry with five sawmills operating by 1859.","https://en.wikipedia.org/wiki/Benton,_New_Hampshire",
3300713220,Clarksville,"Clarksville was incorporated in 1853 and renamed in 1872 to honor the Clark family, who had purchased the land that was originally part of a ""Dartmouth College Grant."" In the late nineteenth century, the town's economy relied on starch and maple sugar production before logging companies became the primary employers for many years.","https://en.wikipedia.org/wiki/Clarksville,_New_Hampshire",
3301718820,Dover,"Dover was settled in 1623 when brothers William and Edward Hilton established a permanent settlement at Pomeroy Cove, making it the oldest permanent settlement in New Hampshire and seventh in the United States. The city takes its name from Dover, Kent in England, with the word deriving from the Brythonic word for ""waters."" A significant early tragedy occurred on June 28, 1689, when the settlement suffered a devastating attack by Native Americans seeking revenge for an incident thirteen years earlier in which Major Richard Waldron had tricked hundreds of Native American warriors into a mock battle and subsequently had many captured or killed.","https://en.wikipedia.org/wiki/Dover,_New_Hampshire",
3301562900,Portsmouth,"Portsmouth was incorporated as a town in 1653 and named after the English port city of Portsmouth in Hampshire, honoring colony founder John Mason who had served as captain there. Originally called Strawbery Banke by European settlers who arrived in 1630, the city became a prosperous seaport engaged in fishing, lumber, and shipbuilding. It later played a significant role in American history, hosting the negotiations that produced the Treaty of Portsmouth ending the Russo-Japanese War.","https://en.wikipedia.org/wiki/Portsmouth,_New_Hampshire",
3301337300,Hooksett,"Hooksett was incorporated in 1822, having previously been known as ""Chester Woods"" and ""Rowe's Corner"" before adopting its present name. The town's name possibly derives from a hook-shaped island in the Merrimack River or from early fishermen who referred to the area as ""Hookline Falls."" In 1794, the community became connected to regional commerce when the lottery-funded Hooksett Canal was constructed to serve mills along the river.","https://en.wikipedia.org/wiki/Hooksett,_New_Hampshire",
3300314660,Conway,"Conway was chartered in 1765 by colonial Governor Benning Wentworth and named after Henry Seymour Conway, who later became Commander in Chief of the British Army. The region had previously been home to the Pequawket, an Algonquian Abenaki tribe, until disease and conflict led to their withdrawal by the early 18th century. By the mid-1800s the town became a destination for landscape artists drawn to the White Mountains, and the arrival of railroads in 1871 transformed it into a major tourism center.","https://en.wikipedia.org/wiki/Conway,_New_Hampshire",
3301568260,Seabrook,"Seabrook was incorporated on June 3, 1768, as a town in what is now Rockingham County. Located at the southern end of New Hampshire's coastline, the town developed as a coastal settlement and is the first municipality encountered when traveling northbound on Interstate 95 into the state. In the modern era, Seabrook gained prominence as the site of the Seabrook Station Nuclear Power Plant, which began operations in 1990.","https://en.wikipedia.org/wiki/Seabrook,_New_Hampshire",
3301360020,Pembroke,"Pembroke was initially granted in 1728 as ""Lovewell's Town"" before being renamed ""Suncook"" after the local river, and finally incorporated in 1759 under its current name honoring Henry Herbert, the ninth Earl of Pembroke. The town's early economy centered on water-powered mills producing print cloth and brick manufacturing along the Merrimack River, with the arrival of the Concord and Portsmouth Railroad in 1852 further facilitating development. New Hampshire's geographic center of population is located near Pembroke's town center.","https://en.wikipedia.org/wiki/Pembroke,_New_Hampshire",
3301160580,Peterborough,"Peterborough was granted by Massachusetts in 1737 and incorporated on January 17, 1760, by Governor Benning Wentworth, receiving its name after Lieutenant Peter Prescott (1709-1784) of Concord, Massachusetts, a prominent land speculator. The town became a prosperous mill center during the 19th century, with its first cotton factory established in 1810 and multiple textile and manufacturing operations flourishing along its waterways. Notably, Peterborough established the first tax-supported free public library in the United States in 1833.","https://en.wikipedia.org/wiki/Peterborough,_New_Hampshire",
3301136180,Hillsborough,"Originally granted in 1735 as ""Number Seven,"" a defensive settlement under Massachusetts, the town was renamed Hillsborough in 1748 after Sir Wills Hill, Earl of Hillsborough, and incorporated in 1772. The town gained national prominence as the birthplace of Franklin Pierce, the 14th President of the United States and the only president from New Hampshire, whose homestead is now a National Historic Landmark. Hillsborough is also home to a cluster of five 19th-century stone arch bridges designated as a National Historic Civil Engineering Landmark.","https://en.wikipedia.org/wiki/Hillsborough,_New_Hampshire",
3301557460,Nottingham,"Nottingham was incorporated in 1722 by Lieutenant Governor John Wentworth and named after Daniel Finch, 2nd Earl of Nottingham, a close friend of previous colonial governors. The town became historically significant as the site of a 1747 conflict and later produced four Revolutionary War generals. In the modern era, Nottingham established itself as an environmental pioneer, becoming one of the first towns in the nation to make recycling mandatory when its recycling center opened in January 1974.","https://en.wikipedia.org/wiki/Nottingham,_New_Hampshire",
3301552900,Newton,"Newton was incorporated by colonial governor Benning Wentworth in 1749 as ""Newtown,"" simply because it was a new town, with the name later contracted to ""Newton"" by the New Hampshire legislature in 1846. Originally part of various Massachusetts towns and parishes, residents sought incorporation due to the distance from their church. Newton was the sixth town granted from the Masonian land purchase of 1746.","https://en.wikipedia.org/wiki/Newton,_New_Hampshire",
3301507220,Brentwood,"Brentwood was incorporated on June 26, 1742, when colonial governor Benning Wentworth set it off from the town of Exeter. The town takes its name from Brentwood in Essex, England, originally called ""Burnt Wood,"" where King Henry II granted permission in 1177 for forest land to be cleared and cultivated. Following its separation from Exeter, Brentwood experienced internal disputes over meetinghouse location, and its western portion eventually became the town of Fremont in 1764.","https://en.wikipedia.org/wiki/Brentwood,_New_Hampshire",
3301361940,Pittsfield,"Pittsfield was settled in 1768 by families from Hampton, New Hampshire, and incorporated as a town in 1782, having previously served as an unnamed parish of Chichester. The town takes its name from William Pitt, the British Prime Minister and great friend of the colonies prior to the American Revolution. Early development was shaped by founder John Cram, who established grist and sawmills in the late eighteenth century, while the town later became home to Globe Manufacturing, which has produced protective firefighter clothing since 1901.","https://en.wikipedia.org/wiki/Pittsfield,_New_Hampshire",
3300908980,Canaan,"Canaan was chartered in 1761 by Governor Benning Wentworth and named after Canaan, Connecticut, the hometown of many early settlers who had themselves named their town after the biblical land of Canaan. The town experienced significant development following the arrival of the Northern Railroad in 1847, which spurred industrial growth including water-powered mills. It gained tragic historical prominence following a 1907 train collision that claimed 26 lives, remaining the deadliest railroad accident in New Hampshire history.","https://en.wikipedia.org/wiki/Canaan,_New_Hampshire",
3300303700,Bartlett,"Settled after 1769 and incorporated in 1790, Bartlett was named for Dr. Josiah Bartlett, one of New Hampshire's signers of the Declaration of Independence and an early state governor. The town's development as a railroad community began in 1875 when the Maine Central Railroad's Mountain Division was constructed through the area. In the twentieth century, tourism became central to the local economy, particularly following the opening of Story Land in 1954 and Attitash ski area in the 1960s.","https://en.wikipedia.org/wiki/Bartlett,_New_Hampshire",
3301312420,Chichester,"Chichester was granted in 1727 to Nathaniel Gookin and others, receiving its name from Thomas Pelham-Holles, the 1st Duke of Newcastle-upon-Tyne and Earl of Chichester, who served as England's Secretary of State for the Southern Department. The first permanent settlement began in 1758 when Paul Morrill established himself in the area. The Chichester Grange Hall, which now houses town offices, has been recognized as a historic structure and is listed in the State Register of Historic Places.","https://en.wikipedia.org/wiki/Chichester,_New_Hampshire",
3301962340,Plainfield,"Plainfield was incorporated in 1761 by colonial governor Benning Wentworth and named after Plainfield, Connecticut, from which its first settlers originated. The town became associated with the Cornish Art Colony, most notably through artist Maxfield Parrish, who purchased land nearby in 1898 and resided there for decades, even painting the stage backdrop in the Plainfield Town Hall. The village of Meriden, located within the town, became home to Kimball Union Academy, established in 1813.","https://en.wikipedia.org/wiki/Plainfield,_New_Hampshire",
3300577380,Troy,"Troy was settled in 1762 and incorporated in 1815 after being set off from Marlborough, with portions also drawn from Fitzwilliam, Swanzey, and Richmond. The town's name reflected the presence of the family of Samuel Wilson, the man famously known as ""Uncle Sam,"" who was connected to Troy, New York. The town's economy was historically anchored by Troy Mills, which began making horse blankets in the mid-19th century and dominated local industry for nearly a century before declaring bankruptcy in 2001.","https://en.wikipedia.org/wiki/Troy,_New_Hampshire",
3300902020,Ashland,"Ashland was incorporated in 1868 as a separate town, having formerly been part of Holderness, and was named for Ashland, the Kentucky estate of statesman Henry Clay. The town's economy was historically driven by water power from the Squam River falls, which enabled sawmills and gristmills beginning in the 1770s, followed by textile manufacturing that dominated the community into the twentieth century. Ashland has since transitioned from its industrial past into a residential and resort destination, with the last textile mill closing in 2002.","https://en.wikipedia.org/wiki/Ashland,_New_Hampshire",
3300944260,Lyme,"Lyme was established as a town in 1761 when colonial Governor Benning Wentworth granted it along with many other towns along the Connecticut River, though actual settlement did not occur until 1764 when residents primarily from Massachusetts and Connecticut arrived. The town's name derives from Lyme in Connecticut, following the common practice of New England settlers naming new communities after their places of origin. Notable historical features include a Congregational church bell cast by Paul Revere in 1815 and a remarkable row of 27 horse sheds from 1810, said to be the longest line of contiguous horse sheds in New England.","https://en.wikipedia.org/wiki/Lyme,_New_Hampshire",
3300941860,Lincoln,"Lincoln was granted to Connecticut land investors by colonial Governor Benning Wentworth in 1764 and named after Henry Fiennes Pelham-Clinton, the 9th Earl of Lincoln. Settlement began around 1782, and the town developed into a logging center by the mid-nineteenth century, with timber and water power from the Pemigewasset River driving its economy. In 1892, James Everell Henry acquired roughly 100,000 acres of virgin forest and established a major logging enterprise that included a pulp and paper mill built in 1902, though papermaking ceased in 1971.","https://en.wikipedia.org/wiki/Lincoln,_New_Hampshire",
3300367780,Sandwich,"Sandwich was chartered in 1763 by colonial Governor Benning Wentworth and named in honor of John Montagu, 4th Earl of Sandwich, said to be the inventor of the sandwich. The land's perceived inaccessibility led to an enlarged grant, making Sandwich one of New Hampshire's largest towns, though European settlement did not begin until 1767. The town grew through the nineteenth century, peaking near 2,700 residents by 1830, after which much of the population migrated westward and Sandwich gradually became a destination for visitors, summer residents, and artists.","https://en.wikipedia.org/wiki/Sandwich,_New_Hampshire",
3300747860,Milan,"Milan, originally named ""Paulsburg"" after Paul Wentworth in 1771, was incorporated on December 16, 1824, when Governor Levi Woodbury authorized its current name. Prior to 1820 the settlement remained sparsely populated with only about fourteen residents, but the population quadrupled over the next decade as settlers arrived to engage in lumber operations and farming. Early pioneers developed farms on Milan Hill, though the land eventually proved less productive than expected, prompting many to relocate to more fertile areas along the river.","https://en.wikipedia.org/wiki/Milan,_New_Hampshire",
3300927300,Franconia,"Franconia was incorporated as a town in 1764 by colonial Governor Benning Wentworth, with its name derived from the region's terrain resembling the Franconian Switzerland area of Bavaria, Germany. The town experienced a naming dispute when Governor John Wentworth regranted it as ""Morristown"" in 1772, but the original name was restored following a legal battle. Historically significant as a center of iron production, the town was home to Franconia College during the 1960s and 1970s and is known today as the residence of Olympic skier Bode Miller.","https://en.wikipedia.org/wiki/Franconia,_New_Hampshire",
3300716820,Dalton,"Dalton was incorporated in 1764 under the name ""Chiswick"" before being renamed ""Apthorp"" in 1770 and finally ""Dalton"" in 1784, when the town was separated from Apthorp. The town was named in honor of Tristram Dalton, a Massachusetts merchant and senator. Dalton has maintained its rural character, with roughly 82 percent of its land remaining undeveloped and enrolled in the state's current use program.","https://en.wikipedia.org/wiki/Dalton,_New_Hampshire",
3300773380,Stewartstown,"Stewartstown was granted in 1770 and incorporated in 1795, originally named ""Stuart"" after Sir John Stuart, 3rd Earl of Bute, before being renamed ""Stewartstown"" following the Revolutionary War to reflect the original Scottish spelling. The town is historically associated with Metallak, a notable Native American figure from the Coos region. The 45th parallel north, marking the halfway point between the equator and the North Pole, passes through its territory.","https://en.wikipedia.org/wiki/Stewartstown,_New_Hampshire",
3300529220,Gilsum,"Gilsum was incorporated in 1763 by Governor Benning Wentworth and named as a portmanteau of the surnames of two proprietors, Samuel Gilbert and his son-in-law Thomas Sumner. The town's economy historically centered on water-powered mills along the Ashuelot River, and it became known for mining mica and feldspar. Gilsum is home to the Stone Arch Bridge, completed in 1863 with the highest vault of any mortarless bridge in New Hampshire.","https://en.wikipedia.org/wiki/Gilsum,_New_Hampshire",
3300550580,Nelson,"Nelson was originally granted as ""Monadnock No. 6"" in 1752 and incorporated on February 22, 1774, under the name ""Packersfield"" after Thomas Packer, a Portsmouth sheriff and major proprietor. The town was renamed Nelson in 1814 to honor Viscount Horatio Nelson, the British naval hero. Historically, the village of Munsonville became an industrial center, with the L. J. Colony Chair Company producing tens of thousands of chairs annually, though the mills have since closed and the area transformed into a resort community.","https://en.wikipedia.org/wiki/Nelson,_New_Hampshire",
3301168820,Sharon,"Sharon was first settled in 1738 as part of ""Peterborough Slip"" and incorporated under its current name in 1791, taking its identity from Sharon, Connecticut, from which many settlers originated. The town experienced significant population fluctuations, reaching about 400 residents in 1823 before declining to 229 by 1859, when it supported three sawmills alongside its primarily agricultural economy. Its mountainous terrain and location in Hillsborough County shaped its development as a rural New England community.","https://en.wikipedia.org/wiki/Sharon,_New_Hampshire",
3300922020,Easton,"Easton was incorporated in 1876 as a town formed from the area of Landaff known as East Landaff. The town's geographic features, including Kinsman Mountain and Kinsman Notch, were named after Nathaniel Kinsman, one of the original settlers. Historically notable as the site of New Hampshire's first Civilian Conservation Corps camp in 1933, Easton also once contained the logging settlement of Wildwood, which conducted log drives down the Wild Ammonoosuc River until 1911.","https://en.wikipedia.org/wiki/Easton,_New_Hampshire",
3301765140,Rochester,"Rochester, New Hampshire was incorporated in 1722 and named after Laurence Hyde, 1st Earl of Rochester, a close friend of colonial governor Samuel Shute. The town developed into a significant mill town utilizing the Cochecho River's water power, eventually becoming a major shoe manufacturing center that contributed to New Hampshire's position as the nation's third largest shoe-producing state by the early twentieth century. During the Revolutionary War, the town's common served as a gathering place for soldiers before deployment.","https://en.wikipedia.org/wiki/Rochester,_New_Hampshire",
3301129860,Goffstown,"Goffstown was incorporated on June 16, 1761, and takes its name from Colonel John Goffe, an early settler who served as the first judge of probate in Hillsborough County. The town's economy was historically centered on natural resources, with lumbering and fishing as primary occupations for early settlers, followed by the development of numerous mills powered by the Piscataquog River. The town later became home to Saint Anselm College and the New Hampshire State Prison for Women until its relocation to Concord in 2018.","https://en.wikipedia.org/wiki/Goffstown,_New_Hampshire",
3300941300,Lebanon,"Lebanon was chartered as a town on July 4, 1761, by colonial governor Benning Wentworth and named after Lebanon, Connecticut, from which many early settlers had emigrated. The arrival of Reverend Eleazar Wheelock in 1770 proved transformative, as he founded Dartmouth College, which became central to the region's development. The town's economy shifted from 19th-century mill industries to modern sectors including education, healthcare, and technology, notably following the relocation of Dartmouth-Hitchcock Medical Center to Lebanon in 1991.","https://en.wikipedia.org/wiki/Lebanon,_New_Hampshire",
3301552340,Newmarket,"Newmarket was incorporated in 1727 as one of six towns granted by Massachusetts during the final year of King George I's reign, and was probably named after Newmarket in Suffolk, England. The town became a major center of New England's shipping trade with the West Indies, exporting timber and fish, and later developed into a significant mill town when the Newmarket Manufacturing Company constructed its first cotton textile mill in 1823-1824, eventually operating seven mills powered by the Lamprey River's falls before closing in 1929.","https://en.wikipedia.org/wiki/Newmarket,_New_Hampshire",
3301137140,Hollis,"Hollis was incorporated in the Province of New Hampshire on April 3, 1746, and was named after Thomas Pelham-Holles, 1st Duke of Newcastle, by Governor Benning Wentworth, though the spelling eventually changed to ""Hollis"" around 1775, possibly after the Harvard benefactor Thomas Hollis. Captain Peter Powers and his family became the first settlers in 1731. During the American Revolutionary War, Hollis played a notable role, with eight residents killed at the Battle of Bunker Hill and approximately 125 men serving in the military during 1776.","https://en.wikipedia.org/wiki/Hollis,_New_Hampshire",
3301524660,Epping,"Epping was incorporated as a town in 1741, making it the final New Hampshire municipality chartered by Governor Jonathan Belcher before the province gained its own separate governor. The town's name derives from Epping in Essex, England. Historically significant for its clay deposits, Epping established its first commercial brickyard in 1840 and later became an important railroad junction, though the rail lines were eventually abandoned between 1979 and 1985.","https://en.wikipedia.org/wiki/Epping,_New_Hampshire",
3300386420,Wolfeboro,"Wolfeboro was granted in 1759 by colonial Governor Benning Wentworth to four Portsmouth men and named ""Wolfeborough"" to honor English General James Wolfe following his victory at the Battle of the Plains of Abraham during the French and Indian War. The town was settled in 1768 and officially incorporated in 1770. Colonial Governor John Wentworth later established Kingswood, an estate built in 1771 beside Lake Wentworth, considered the first summer country estate in northern New England and the foundation for Wolfeboro's identity as a premier summer resort destination.","https://en.wikipedia.org/wiki/Wolfeboro,_New_Hampshire",
3301337540,Hopkinton,"Hopkinton was granted in 1735 to settlers from Hopkinton, Massachusetts, who renamed their settlement ""New Hopkinton,"" and the town was formally incorporated in 1765. The community developed along the Contoocook River, which powered lumber and textile industries central to the town's economy. The state legislature convened in Hopkinton between 1798 and 1807, and in 1808 the town competed unsuccessfully to become the state capital, losing to neighboring Concord.","https://en.wikipedia.org/wiki/Hopkinton,_New_Hampshire",
3301151940,New Ipswich,"New Ipswich was granted in 1735 to settlers from Ipswich, Massachusetts, deriving its name from that town, and was formally incorporated in 1766. The town became an early industrial center, establishing the state's first woolen mill in 1801 and first cotton mill in 1804, both powered by the Souhegan River. Though bypassed by railroad development, New Ipswich preserved its mill-town character and fine Federal-era architecture.","https://en.wikipedia.org/wiki/New_Ipswich,_New_Hampshire",
3301911380,Charlestown,"Charlestown was initially granted as ""Plantation No. 4"" in 1735 and settled in 1740, becoming the northernmost township along the Connecticut River before being rechartered as ""Charlestown"" in 1753 by Governor Benning Wentworth in honor of Admiral Charles Knowles of the Royal Navy. The town gained strategic importance during the colonial era, particularly through the 1744 Fort at Number 4, which repelled a 1747 siege by French and Native forces under Captain Phineas Stevens. Charlestown was formally incorporated in 1783 after briefly joining Vermont during the Revolutionary War period.","https://en.wikipedia.org/wiki/Charlestown,_New_Hampshire",
3301748660,Milton,"Originally settled in 1760 as part of Rochester under various names including ""Milton Mills"" and ""Three Ponds,"" the town was officially incorporated as Milton in 1802, with its name either deriving from ""mill town"" or from William Fitzwilliam, Viscount Milton, a relative of the colonial governors. The town became a significant manufacturing center due to its abundant water power, most notably hosting Jonas Spaulding's leatherboard mill founded in 1893, which expanded into a successful enterprise producing vulcanized fiber and specialized products. Two of Spaulding's sons, Huntley and Rolland, went on to serve as governors of New Hampshire.","https://en.wikipedia.org/wiki/Milton,_New_Hampshire",
3301531700,Greenland,"Greenland began as a parish of Portsmouth (then called Strawbery Banke) around 1638, and was formally incorporated as a town in 1721. The settlement takes its name from the farm established by Captain Francis Champernowne, who arrived in 1640 and called his extensive landholdings ""Greenland."" A notable brick house constructed around 1710 by Captain Samuel Weeks is thought to be the oldest brick structure still standing in New Hampshire, and it famously survived the 1755 Cape Ann earthquake with only minor damage.","https://en.wikipedia.org/wiki/Greenland,_New_Hampshire",
3300578420,Walpole,"Walpole was first granted in 1736 as ""Number 3"" and initially settled as ""Great Falls"" or ""Lunenburg"" before being incorporated under its current name in 1756. The town was renamed Walpole in 1761 to honor Sir Robert Walpole, the first Prime Minister of Great Britain. A notable engineering achievement occurred in 1785 when the first bridge across the Connecticut River was constructed at Walpole, becoming one of the most famous early spans in the United States.","https://en.wikipedia.org/wiki/Walpole,_New_Hampshire",
3300167300,Sanbornton,"Originally called ""Crotchtown"" due to its location at the fork of two rivers, the town was granted in 1748 by Governor Benning Wentworth to John Sanborn and 59 others, with twelve grantees bearing the Sanborn surname, leading to its renaming as ""Sanborntown."" Permanent settlement was delayed until 1764 by the French and Indian War, and the town was formally incorporated in 1770. In 1869, the southern portion known as Sanbornton Bridge was set off as the separate town of Tilton.","https://en.wikipedia.org/wiki/Sanbornton,_New_Hampshire",
3301101700,Antrim,"Antrim was settled in 1744 and incorporated on March 22, 1777, receiving its official name in 1778 after County Antrim in Ireland, the native home of landowner Philip Riley. The town developed as an industrial center along Great Brook, which powered over twenty mills and became known for cutlery manufacturing, beginning with apple-paring machines in 1864 and continuing through 1989. Scots-Irish settlers established a Presbyterian church in the town in 1788, contributing to its early cultural identity.","https://en.wikipedia.org/wiki/Antrim,_New_Hampshire",
3301521380,East Kingston,"East Kingston was incorporated as a separate town in 1738 after residents petitioned Governor Jonathan Belcher, citing the distance from Kingston's school and place of worship. The community developed around industrial operations including a saw and grist mill at the Trickling Falls, which powered early economic growth through milling, farming, and ice harvesting from the Powwow River. The New England Brick Company later became a significant industry in the town's development.","https://en.wikipedia.org/wiki/East_Kingston,_New_Hampshire",
3300756100,Northumberland,"Originally granted as ""Stonington"" in 1761 to John Hogg and others by Governor Benning Wentworth, the town was regranted in 1771 under its current name, ""Northumberland,"" derived from the English county of the same name. The town was formally incorporated on November 16, 1779, following initial settlement in 1767 by Thomas Burnside and Daniel Spaulding, the latter a member of Rogers' Rangers. A notable early landmark was Fort Wentworth, built by the New Hampshire Militia in 1755 near the Connecticut River during the French and Indian War.","https://en.wikipedia.org/wiki/Northumberland,_New_Hampshire",
3301744820,Madbury,"Madbury was incorporated as a town in 1775, having previously been part of Dover and then Durham before receiving its name from Sir Francis Champernowne's mansion at Modbury in Devon, England. Originally called ""Barbadoes"" due to trade relationships with the Caribbean island, the settlement developed as a lumbering and farming community with garrison houses built for protection. The town later became notable for the W. H. Elliot Rose Greenhouses, established in 1901, which shipped roses throughout the northeastern United States and provided significant employment until the mid-twentieth century.","https://en.wikipedia.org/wiki/Madbury,_New_Hampshire",
3301133700,Hancock,"Hancock, New Hampshire was first settled in 1764 and officially incorporated in 1779, taking its name from John Hancock, a prominent Revolutionary War figure who owned substantial land in the community. The town was set off from the neighboring community of Peterborough and developed along the Contoocook River in an area formerly known as ""Society Land."" Today, nearly every building on Hancock's Main Street is listed on the National Register of Historic Places, and the town's Meetinghouse contains a bell cast by Paul Revere.","https://en.wikipedia.org/wiki/Hancock,_New_Hampshire",
3300942020,Lisbon,"Lisbon, New Hampshire was first granted in 1763 as ""Concord"" but underwent several name changes before being incorporated as Lisbon in 1824, a name chosen by Governor Levi Woodbury to honor his friend Colonel William Jarvis, who had served as consul at Lisbon, Portugal. The town's early economy was driven by diverse industries including charcoal-making, mining of iron and gold, and water-powered mills along the Ammonoosuc River, with the Parker Young Company becoming one of the world's largest manufacturers of piano sounding boards at its peak. Lisbon was also the site of New Hampshire's first rope ski tow, establishing it as a pioneer in winter recreation.","https://en.wikipedia.org/wiki/Lisbon,_New_Hampshire",
3301146260,Mason,"Originally known as ""Number One"" as the easternmost border town granted to New Hampshire after its 1739 boundary settlement with Massachusetts, Mason received its charter in 1749 and was renamed in 1768 by Governor John Wentworth to honor Captain John Mason, the original proprietor of the New Hampshire territory granted in 1622. The town is historically significant as the boyhood home of Samuel Wilson, a meat supplier believed to have inspired the Uncle Sam character, and as the birthplace of Andy's Summer Playhouse, a prominent youth theater.","https://en.wikipedia.org/wiki/Mason,_New_Hampshire",
3301972740,Springfield,"Springfield was initially settled by Europeans in 1769 under the name ""Protectworth"" before being incorporated in 1794 under its current name. Prior to an 1827 county division, the town belonged to Cheshire County rather than its current location in Sullivan County. The town is home to Gile State Forest and has maintained a small, stable population throughout its history.","https://en.wikipedia.org/wiki/Springfield,_New_Hampshire",
3300903940,Bath,"Bath was incorporated in 1761 when Governor Benning Wentworth granted the town and named it after William Pulteney, 1st Earl of Bath, an English politician. First settled in 1765 by John Herriman from Massachusetts, the town developed into one of the busiest and most prosperous villages in northern New Hampshire due to its location at the head of navigation on the Connecticut River and access to water power. The rise of nearby Woodsville as a major railroad junction caused Bath's commercial decline by the late 1800s, though this economic dormancy preserved much of its historic Federal and Greek Revival architecture.","https://en.wikipedia.org/wiki/Bath,_New_Hampshire",
3301571140,South Hampton,"South Hampton was incorporated in 1742 as one of the first towns granted by colonial governor Benning Wentworth following the separation of the New Hampshire and Massachusetts governorships the previous year, with its territory derived from parts of Amesbury and Salisbury, Massachusetts. Though originally part of the larger Hampton settlement, the town lost land to neighboring communities like Hampton Falls, Seabrook, and Newton through various border adjustments over the centuries. At one point, South Hampton hosted over twelve different religious sects, reflecting its diverse spiritual heritage during the early American period.","https://en.wikipedia.org/wiki/South_Hampton,_New_Hampshire",
3301551620,Newington,"Originally part of Dover, the area was incorporated as a town in 1764 by colonial governor Benning Wentworth and named ""Newington"" after an English village whose residents sent the bell for the meetinghouse. The settlement experienced early conflict during King William's War, when Fox Point suffered an Indian raid in 1690 that resulted in casualties and captives. In the twentieth century the town underwent significant transformation when Pease Air Force Base opened in 1956, with roughly sixty percent of the installation occupying Newington's territory before the base's closure in 1991.","https://en.wikipedia.org/wiki/Newington,_New_Hampshire",
3300545700,Marlow,"Marlow was originally granted in 1753 as ""Addison"" by colonial Governor Benning Wentworth, but following the French and Indian War's impact on settlement, it was regranted in 1761 to William Noyes and others primarily from Connecticut. The town was subsequently renamed after Marlow, England, a town situated on the River Thames in Buckinghamshire. During the nineteenth century, Marlow's economy was sustained by water-powered woodworking industries along the Ashuelot River, including sawmills and furniture production, alongside agricultural operations.","https://en.wikipedia.org/wiki/Marlow,_New_Hampshire",
3300944100,Lyman,"Lyman was incorporated in 1761 as a grant to General Phineas Lyman and others as compensation for military service during the French and Indian War, with its name derived from the fact that eleven of the original grantees bore the Lyman surname. The town initially encompassed a larger area that included present-day Monroe, but in 1854 the western portion across Gardner Mountain was separated due to the difficulty of traversing the terrain. From its incorporation through the nineteenth century, the town's population remained relatively stable, with approximately 665 residents recorded in 1880.","https://en.wikipedia.org/wiki/Lyman,_New_Hampshire",
3300768980,Shelburne,"Shelburne was granted in 1769 by Governor John Wentworth and named after William Petty Fitzmaurice, the Earl of Shelburne, who advocated for American independence. The town was first settled in 1771 and formally incorporated on December 13, 1820. On August 3, 1781, during the Revolutionary War period, Native American raiders attacked the settlement, killing one resident and capturing another, prompting the remaining inhabitants to flee to neighboring communities for safety.","https://en.wikipedia.org/wiki/Shelburne,_New_Hampshire",
3300958340,Orange,"Orange was granted in 1769 and incorporated in 1790, originally bearing the name ""Cardigan"" in honor of George Brudenell, fourth Earl of Cardigan. Following the American Revolution, residents voted to change the town's name multiple times before settling on ""Orange,"" possibly inspired by the large quantities of yellow-orange ochre found in Mount Cardigan. The Cardigan name persists in local landmarks, including Mount Cardigan and Cardigan Mountain State Park.","https://en.wikipedia.org/wiki/Orange,_New_Hampshire",
3301566660,Salem,"Salem, New Hampshire was incorporated in 1750 by colonial governor Benning Wentworth, after the town's boundary became part of New Hampshire in 1741 when the Massachusetts-New Hampshire state line was established. The town's name was taken from nearby Salem, Massachusetts, when the area transitioned from being the North Parish of Methuen. Canobie Lake Park was established in Salem in 1902 by a street railway company to encourage leisure travel, eventually becoming one of New England's premier amusement resorts and remaining one of the few such facilities still in operation today.","https://en.wikipedia.org/wiki/Salem,_New_Hampshire",
3300140180,Laconia,"Laconia was incorporated as a town in 1855 from portions of Meredith Bridge, Lakeport, Weirs, and Gilmanton, taking its name from the old Laconia Company, formed by Captain John Mason and the Masonian Proprietors to sell parcels of land during the colonial era. The city experienced significant destruction from the Great Fire of 1860, which devastated Main Street, and later became an industrial hub centered around the Laconia Car Company, which manufactured rail, trolley, and subway cars from 1848 until the 1930s.","https://en.wikipedia.org/wiki/Laconia,_New_Hampshire",
3301159940,Pelham,"Pelham was separated from Old Dunstable in 1741 when the Massachusetts-New Hampshire border was established, and it was formally incorporated in 1746. The town takes its name from Thomas Pelham-Holles, 1st Duke of Newcastle, a prominent British political figure of the era. Pelham contains the southernmost point in the state of New Hampshire, marked by a location known as the Old Boundary Pine, which sits at the intersection of the state's straight-line western border and the three-mile buffer defined by the Merrimack River.","https://en.wikipedia.org/wiki/Pelham,_New_Hampshire",
3300705140,Berlin,"Berlin was originally granted as ""Maynesborough"" on December 31, 1771, by Colonial Governor John Wentworth, named after Sir William Mayne, though it remained unsettled until 1823 when William Sessions and Cyrus Wheeler established the community. The town was reincorporated as Berlin in 1829 and later incorporated as a city in 1897, becoming the northernmost city in New Hampshire. Its economy developed around logging and sawmills powered by the Androscoggin River, eventually transforming into a major pulp and paper manufacturing center that attracted immigrants from across Europe and French Canadians from Quebec, reaching a peak population of over 20,000 in the 1930s before entering a long economic decline.","https://en.wikipedia.org/wiki/Berlin,_New_Hampshire",
3301306500,Bow,"Bow was granted and incorporated in 1727 by New Hampshire authorities to Jonathan Wiggin and others, originally encompassing nine square miles before gradually yielding territory to neighboring towns between 1759 and 1765. The town's name derives from its establishment along a bend, or ""bow,"" in the Merrimack River. In 2019 the town gained wider attention when it hosted a major climate protest against the Merrimack Station coal-fired power plant, which ultimately closed permanently in September 2025.","https://en.wikipedia.org/wiki/Bow,_New_Hampshire",
3301502340,Atkinson,"Atkinson was incorporated on September 3, 1767, and named after Colonel Theodore Atkinson, a local landowner. The town is historically significant as the home of Atkinson Academy, founded in 1787 as a boys' school that began admitting girls in 1791 and is the second-oldest co-educational school in the country. The academy building burned in 1802 and was reconstructed the following year, with that structure remaining part of the campus today.","https://en.wikipedia.org/wiki/Atkinson,_New_Hampshire",
3301952580,Newport,"Originally granted in 1753 as ""Grenville"" by colonial governor Benning Wentworth, the town was renamed Newport in 1761 in honor of Henry Newport, an English soldier and statesman, and was incorporated that same year. First settled in 1763 by pioneers from Connecticut, Newport developed into a prosperous mill town powered by the Sugar River, establishing itself as a center for manufacturing including cotton, woolen, and scythe production by the nineteenth century. In 1781, Newport briefly joined other Connecticut River valley towns in seceding to Vermont before their union was dissolved in 1782, returning them to New Hampshire.","https://en.wikipedia.org/wiki/Newport,_New_Hampshire",
3300101060,Alton,"Originally settled in 1770 primarily by farmers drawn to the highland areas for their reduced frost risk, Alton was incorporated on January 15, 1796, and named after Alton, a small market town in Hampshire, England. The town became an industrial center by the mid-19th century, notably producing corkscrews through the Rockwell Clough Company, though tourism emerged as the dominant economic force following the arrival of railroad service to Alton Bay in 1847.","https://en.wikipedia.org/wiki/Alton,_New_Hampshire",
3300378180,Wakefield,"Wakefield was incorporated in 1774 by Governor John Wentworth, who named it after Wakefield in Yorkshire, England, near the ancestral home of the Wentworth family. Initially settled by colonists from Dover and Somersworth after being granted in 1749, the town developed into an important sledge and stage stop between the seacoast and the White Mountains, with the Wakefield Inn, built in 1804, remaining as a testament to this role. The arrival of the Portsmouth, Great Falls and Conway Railroad in 1871 shifted the town's commercial center from the original Wakefield Corner to Sanbornville.","https://en.wikipedia.org/wiki/Wakefield,_New_Hampshire",
3301527940,Fremont,"Fremont was granted in 1764 by colonial governor Benning Wentworth under the name ""Poplin,"" later changing its name in 1854 to honor General John C. Fremont, the first Republican presidential candidate. Originally settled in the 1720s as part of Exeter, the area became notable for its eastern white pine trees reserved for Royal Navy masts, leading to the dramatic Mast Tree Riot of 1734 when residents disguised themselves to confront a surveyor enforcing timber restrictions. The town subsequently developed significant industrial enterprises, including the state's largest brickyard and the Spaulding & Frost Cooperage, one of the nation's oldest wooden barrel manufacturers.","https://en.wikipedia.org/wiki/Fremont,_New_Hampshire",
3300924340,Enfield,"Enfield was incorporated in 1761 by colonial Governor Benning Wentworth and initially named by settlers from Enfield, Connecticut, though it was renamed ""Relhan"" in 1766 to honor Dr. Anthony Relhan, before the name reverted to Enfield in 1784. The town became notable as the site of Enfield Shaker Village, established in 1793 as a utopian religious community known for innovative architecture, furniture craftsmanship, and the spiritual practices of the Shaker faith. The village gradually declined and eventually closed, with its remaining structures converted into a museum in 1986.","https://en.wikipedia.org/wiki/Enfield,_New_Hampshire",
3301509300,Candia,"Candia was established in 1743 as a settlement originally known as ""Charmingfare"" and was incorporated under its current name in 1763, having been named in compliment to Governor Benning Wentworth, who was once a prisoner on the island of Candia (an ancient name for Crete). Before its incorporation, Candia was part of Chester. The town was served by the Portsmouth & Concord Railroad, which was eventually abandoned in 1982, with its railbed now forming part of the Rockingham Recreational Trail.","https://en.wikipedia.org/wiki/Candia,_New_Hampshire",
3300512260,Chesterfield,"Chesterfield was incorporated on February 11, 1752, by New Hampshire Governor Benning Wentworth and named after Philip Stanhope, the 4th Earl of Chesterfield. The town served as the location of Fort Number 1, first in the line of forts bordering the Connecticut River. In 1772, Chesterfield became the birthplace of Methodism in New Hampshire when Philip Embury conducted the first Methodist religious services at a local farm, a legacy continued through Asbury Church, recognized as the oldest Methodist church in the state.","https://en.wikipedia.org/wiki/Chesterfield,_New_Hampshire",
3301319460,Dunbarton,"Dunbarton was incorporated in 1765 after being originally granted as ""Gorham's-town"" in 1735 and later re-granted as ""Starkstown"" in 1748. The town's name derives from Dunbartonshire in Scotland, the homeland of Archibald Stark, a prominent early settler. The community is historically significant as the birthplace of General John Stark, a major figure in the Continental Army during the American Revolution, and of Lewis and Clark Expedition member John Ordway.","https://en.wikipedia.org/wiki/Dunbarton,_New_Hampshire",
3301765540,Rollinsford,"Rollinsford was incorporated as a town in 1849, having been named in honor of the Rollins family, whose ancestor Judge Ichabod Rollins was the state's first probate judge. The town developed around textile mills established along the Salmon Falls River beginning in the 1820s, with the village of Salmon Falls founded in 1823 by investors led by James Rundlet to manufacture woolen cloth. The town's brick industrial architecture from its manufacturing heyday has since been repurposed as artist studios.","https://en.wikipedia.org/wiki/Rollinsford,_New_Hampshire",
3301301460,Andover,"Originally granted as ""New Breton"" in 1746 to soldiers who participated in the capture of Cape Breton Island, the town was settled in 1761 and incorporated under its current name in 1779. The name ""Andover"" was chosen to honor Phillips Andover Academy in Massachusetts, founded that same year by Samuel Phillips Jr., a friend of the town's regimental surgeon Dr. Anthony Emery. The town's economy later became centered around Proctor Academy, established in 1848, which developed into a prestigious preparatory school that remains central to the community today.","https://en.wikipedia.org/wiki/Andover,_New_Hampshire",
3300545460,Marlborough,"Originally granted as ""Monadnock No. 5"" in 1752, Marlborough was first settled in 1764 and incorporated under its current name in 1776. The town takes its name from settlers who emigrated from Marlborough, Massachusetts, which itself was named after John Churchill, the 1st Duke of Marlborough. During the 19th century, Marlborough developed a significant granite quarrying industry whose stone was used in prominent buildings throughout New England, including structures in Boston and at the College of the Holy Cross in Worcester, Massachusetts.","https://en.wikipedia.org/wiki/Marlborough,_New_Hampshire",
3301380020,Webster,"Webster was incorporated as a separate town in 1860, having previously been part of Boscawen. The municipality was named after Daniel Webster, a prominent American statesman. Prior to its independence, the area that would become Webster remained under Boscawen's jurisdiction for much of the nineteenth century.","https://en.wikipedia.org/wiki/Webster,_New_Hampshire",
3301131540,Greenfield,"Originally known as ""Lyndeborough Addition,"" the area was first settled by the Lynde family in 1753 and incorporated as a separate town in 1791, with the name ""Greenfield"" chosen to reflect its level, fertile ground. In 1953, the Crotched Mountain Rehabilitation Center began operations in the town, initially treating polio and cerebral palsy before expanding to serve thousands of children and adults with various physical and neurological disabilities. The town is also home to the Yankee Siege, a trebuchet that has set distance records at punkin' chunkin' competitions.","https://en.wikipedia.org/wiki/Greenfield,_New_Hampshire",
3301915060,Cornish,"Cornish was granted in 1763 and incorporated in 1765 by colonial governor Benning Wentworth, who named it for Sir Samuel Cornish, a distinguished admiral of the Royal Navy. The town was historically known as ""Mast Camp"" due to its role as a shipping point for tall masts floated downriver by English settlers. Since the late nineteenth century, Cornish has gained renown as a summer destination for artists and writers, particularly after sculptor Augustus Saint-Gaudens established his studio there in 1885, forming what became known as the Cornish Art Colony.","https://en.wikipedia.org/wiki/Cornish,_New_Hampshire",
3300987060,Woodstock,"Woodstock was incorporated in 1763 when colonial Governor Benning Wentworth granted the land and named it ""Peeling"" after an English town, though it was renamed ""Fairfield"" in 1771 and finally ""Woodstock"" in 1840, possibly inspired by Walter Scott's 1826 novel. The town's early economy centered on logging and sawmills powered by the Pemigewasset River. The arrival of rail transportation in the nineteenth century transformed Woodstock into a destination for tourists drawn to the White Mountains, leading to the construction of grand hotels and inns.","https://en.wikipedia.org/wiki/Woodstock,_New_Hampshire",
3301316980,Danbury,"Danbury was first settled around 1771 as part of Alexandria but incorporated as an independent town in 1795, with its name suggested by a settler from Danbury, Connecticut. The mountainous terrain that separated it from Alexandria prompted the separation, and the town later expanded by acquiring land from neighboring Wilmot and Hill. By the mid-19th century, the community had developed a significant industrial base, supporting seven sawmills, two shingle and lath mills, and a tannery alongside its agricultural economy focused on raising cattle and sheep.","https://en.wikipedia.org/wiki/Danbury,_New_Hampshire",
3300738820,Jefferson,"Colonial Governor Benning Wentworth initiated land grants in the area in 1765, though settlement remained sparse until Colonel Joseph Whipple established a presence in the late 18th century. Whipple initially named the town ""Dartmouth"" after the Earl of Dartmouth, but renamed it ""Jefferson"" after Thomas Jefferson, with the state legislature officially granting the charter on December 8, 1796. The town flourished as a premier summer resort destination during the early 1900s, featuring grand hotels like the Waumbek, though this era declined following the hotel's destruction by fire in 1928.","https://en.wikipedia.org/wiki/Jefferson,_New_Hampshire",
3300948980,Monroe,"Monroe was incorporated as a separate town in 1854 and named after President James Monroe, following its geographic separation from the rest of Lyman by Gardner's Mountain. The town's early history was shaped by notable figures including Peter Paddleford, who invented the wooden Paddleford Truss for covered bridges and constructed a significant span across the Connecticut River in 1833. The area also became geologically significant during the 1928-1930 construction of the Frank D. Comerford Dam, which provided valuable information about the deglaciation of the White Mountains.","https://en.wikipedia.org/wiki/Monroe,_New_Hampshire",
3301916340,Croydon,"Croydon was incorporated in 1763 and takes its name from Croydon, a suburb of London, England. The town gained prominence in the nineteenth century as the home of Ruel Durkee, a powerful political figure who inspired the character Jethro Bass in Winston Churchill's 1906 novel Coniston, which fictionalized the community and its politics.","https://en.wikipedia.org/wiki/Croydon,_New_Hampshire",
3300774180,Stratford,"Originally granted in 1762 as ""Woodbury,"" the town was regranted under its present name of Stratford in 1773. Located in Coos County along the Connecticut River, the settlement became an important center for log drives, which were significant enough to warrant a New Hampshire historical marker. The town's development was shaped by its position on major transportation routes, including U.S. Route 3 and the railroad that formerly connected it to the Grand Trunk Railway network.","https://en.wikipedia.org/wiki/Stratford,_New_Hampshire",
3300932180,Groton,"Groton was originally chartered as ""Cockermouth"" in honor of Charles Wyndham, Baron Cockermouth and Earl of Egremont, who served as Britain's Secretary of State for the Southern Department from 1761 to 1763. After the land was regranted in 1766 and renewed in 1772, Samuel Blood successfully renamed the town in 1796 after his hometown of Groton, Massachusetts. By 1859, the town's water resources had powered substantial industrial development, including ten sawmills, two gristmills, and a shingle and clapboard manufacturer.","https://en.wikipedia.org/wiki/Groton,_New_Hampshire",
3300311780,Chatham,"Chatham was established in 1767 when colonial Governor Benning Wentworth granted the town to Peter Livins and others, naming it in honor of William Pitt, the Earl of Chatham and British Prime Minister who had recently triumphed in the Seven Years' War. The town was regranted in 1770 by Governor John Wentworth to a group that included Samuel Langdon, the president of Harvard College and creator of an important early map of the region. In 1829, Chatham expanded by annexing part of the neighboring town of Conway.","https://en.wikipedia.org/wiki/Chatham,_New_Hampshire",
3301185940,Windsor,"Windsor was incorporated in 1798 and named after Windsor, Connecticut, the hometown of grantee John Campbell, who had previously given his name to the area known as ""Campbell's Gore."" The town was formed from surplus land in Hillsborough County and has developed as a small residential community, becoming home to several notable institutions including summer camps and retreat centers.","https://en.wikipedia.org/wiki/Windsor,_New_Hampshire",
3301147540,Merrimack,"Merrimack was incorporated as a town on April 2, 1746, when Governor Benning Wentworth signed a charter establishing the land between Pennichuck Brook and the Souhegan River as the Town of Merrymac. The town's name derives from the Merrimack River, which the Pennacook people named after the sturgeon fish that once populated the river in vast numbers. Matthew Thornton, a signer of the Declaration of Independence, lived and was buried in Merrimack, and the town transformed from an agricultural community to a suburban bedroom community following the arrival of the Boston and Maine Railroad in the nineteenth century.","https://en.wikipedia.org/wiki/Merrimack,_New_Hampshire",
3301533060,Hampton,"First called the ""Plantation of Winnacunnet,"" Hampton was settled in 1638 by parishioners led by Reverend Stephen Bachiler, an Oxford University graduate who named the town after Hampton, England, where he had previously preached. The town was incorporated in 1639 and was one of four original townships chartered by the Massachusetts General Court. A notable early event occurred in 1683 when Hampton councilman Edward Gove rebelled against the royal governor and became the only person in New Hampshire history to receive a sentence of hanging, drawing, and quartering, though King James II later commuted his punishment.","https://en.wikipedia.org/wiki/Hampton,_New_Hampshire",
3301912900,Claremont,"Claremont was granted as a township on October 26, 1764, by colonial governor Benning Wentworth to Josiah Willard, Samuel Ashley, and others, though settlers did not arrive in significant numbers until 1767, many coming from Connecticut towns. The city takes its name from Claremont, the country mansion of Thomas Pelham-Holles, 1st Duke of Newcastle, Earl of Clare. Water power from the Sugar River drove Claremont's industrial development during the nineteenth century, transforming it into a prosperous mill town producing textiles, machinery, and paper, while the city later became a landmark case in educational equity when its school district sued the state of New Hampshire in 1989 over funding disparities.","https://en.wikipedia.org/wiki/Claremont,_New_Hampshire",
3301703460,Barrington,"Barrington was incorporated in 1722 and named after Samuel Shute, the colonial governor of Massachusetts and New Hampshire who owned Barrington Hall. Initially slow to develop due to rocky soil, the town became a major industrial center by 1810, ranking as the third largest in New Hampshire with iron smelting as its primary industry, powered by water from the Isinglass River and its tributaries. In 1820, the town's land area was reduced by approximately half when Strafford was set off as a separate municipality due to the considerable distance residents had to travel for town meetings.","https://en.wikipedia.org/wiki/Barrington,_New_Hampshire",
3301562500,Plaistow,"Plaistow was officially established as a town in 1749 following the resolution of a boundary dispute between the Province of Massachusetts Bay and the Province of New Hampshire. The town is the only town outside the United Kingdom with the name Plaistow. In 1776, its western portion separated to form the independent town of Atkinson.","https://en.wikipedia.org/wiki/Plaistow,_New_Hampshire",
3301726020,Farmington,"Farmington was incorporated in 1798 as a separate township after residents of the Northwest Parish of Rochester petitioned for independence from supporting a distant meetinghouse. The town's name derives from its agricultural character, though the area was originally known to the Abenaki people as Chemung, ""canoe place,"" for its three rivers used in transportation. During the 19th century, Farmington became known as ""The Shoe Capital of New Hampshire"" following the Civil War, when numerous shoe factories flourished before the industry declined due to the Panic of 1893.","https://en.wikipedia.org/wiki/Farmington,_New_Hampshire",
3301540100,Kingston,"Kingston, New Hampshire was incorporated in 1694 when King William III of England granted a royal charter establishing the town as ""Kingstown,"" named in honor of the King. Originally part of Hampton, the town's establishment became possible following King Philip's War and subsequent peace treaties with local Native American tribes. The town is historically significant as the home of Josiah Bartlett, the second signer of the Declaration of Independence, whose house still stands in Kingston today.","https://en.wikipedia.org/wiki/Kingston,_New_Hampshire",
3301108100,Brookline,"Brookline was granted as a town in 1769 under the name ""Raby,"" christened by Colonial Governor John Wentworth after his cousin, the 4th Earl of Strafford. The town was renamed Brookline in 1798 at the suggestion of a resident originally from Brookline, Massachusetts. Historically known for lumber, charcoal, and cask production, Brookline gained national attention in 1997 when community members participating in traditional Fourth of July bell-ringing at the Congregational church were arrested, prompting an investigation into the police department for alleged excessive force.","https://en.wikipedia.org/wiki/Brookline,_New_Hampshire",
3300349380,Moultonborough,"Moultonborough was chartered in 1763 by colonial Governor Benning Wentworth and officially incorporated on November 27, 1777, taking its name from at least sixteen settlers of the Moulton family who were among the first European grantees from Hampton, New Hampshire. Jonathan Moulton, who would later become a brigadier general and one of the wealthiest men in the province at the start of the American Revolution, was elected town clerk at the first recorded town meeting on March 31, 1777. The town is also notable as the site of the first known bear attack in Northern America, which occurred in August 1784 when a young child was fatally attacked by a bear while tending livestock.","https://en.wikipedia.org/wiki/Moultonborough,_New_Hampshire",
3301300660,Allenstown,"Allenstown was granted in 1721 and officially incorporated on July 2, 1831, taking its name from 17th-century provincial governor Samuel Allen. Following the Civil War, the town experienced significant industrial development centered around Suncook when French Canadian workers immigrated to labor in textile mills, including the China Mill constructed in 1868. The town later suffered substantial damage during the 2006 Mother's Day Flood, which prompted the federal buyout and demolition of fourteen flood-prone homes.","https://en.wikipedia.org/wiki/Allenstown,_New_Hampshire",
3301517140,Danville,"Originally incorporated as the parish of Hawke in 1760, the town was named after British Admiral Edward Hawke and later renamed Danville in 1836 for reasons that remain unclear. The community's early history was marked by significant hardship, including the Tuckertown smallpox epidemic of 1781-1782, during which Reverend John Page died while ministering to afflicted residents. As industrialization gradually reached the rural area, residents engaged in farming alongside emerging home industries such as sawmills, cooperages, and shoe production that supplied regional trade networks extending to Massachusetts port cities.","https://en.wikipedia.org/wiki/Danville,_New_Hampshire",
3301306260,Boscawen,"Originally called Contoocook by the Pennacook people, the settlement was incorporated as the town of Boscawen on April 22, 1760, by Governor Benning Wentworth, who named it after British Admiral Edward Boscawen in honor of his distinguished service at the Siege of Louisbourg. The community developed into a prosperous mill town due to its advantageous location between the Merrimack and Contoocook rivers, eventually becoming known for its diverse industries including cotton mills, woolen factories, and numerous sawmills. In 1846, Boscawen's postmaster gained national distinction by issuing provisional postage stamps before the official U.S. postal issue was released the following year.","https://en.wikipedia.org/wiki/Boscawen,_New_Hampshire",
3301931220,Grantham,"Incorporated in 1761, Grantham was named after Thomas Robinson, 1st Baron Grantham, who served as Secretary of State for the Southern Department from 1754 to 1755. Early settlement was established by the Howe, Dunbar, and Leavitt families, who received land through the charter granted to Baron Grantham and subsequently had hills in the town named after them. The community remained part of Cheshire County until 1827, when county divisions reorganized the region to place Grantham within Sullivan County.","https://en.wikipedia.org/wiki/Grantham,_New_Hampshire",
3301378580,Warner,"The town was initially granted in 1735 as ""Number One"" to settlers from Amesbury, Massachusetts, then regranted in 1749 as ""Jennesstown"" before being destroyed during the French and Indian War. It received its final name in 1774 when incorporated as ""Warner,"" honoring Jonathan Warner, a prominent Portsmouth citizen and relative of Governor John Wentworth. A devastating tornado struck on September 9, 1821, creating a 16-to-18-mile path of destruction that killed four people and devastated the community's houses and forests.","https://en.wikipedia.org/wiki/Warner,_New_Hampshire",
3301149140,Mont Vernon,"Mont Vernon was incorporated in 1803 after breaking away from the neighboring town of Amherst following a dispute over the parish. The town's name was inspired by Mount Vernon, the plantation home of George Washington, though its spelling has remained distinctive without the ""u"" since the original town charter, despite a brief attempt by a local hotel owner to add one in the late 1800s. Originally an agricultural community, Mont Vernon transitioned into a popular summer resort destination by the late 1890s, attracting tourists from Boston who sought refuge in its hills, though this prosperity declined with the rise of automobile travel and was ultimately ended by the Great Depression.","https://en.wikipedia.org/wiki/Mont_Vernon,_New_Hampshire",
3301533460,Hampton Falls,"Hampton Falls was incorporated as an independent town in 1726, having previously existed as the Third Parish of Hampton beginning in 1709. The town's name derives from its geographical features, particularly the numerous falls on the Taylor River that provided water power for early mills. Notable historical events include a devastating outbreak of Throat Distemper (likely diphtheria) in 1735-1736 that killed 214 residents, and the town's emergence as one of the leading manufacturing towns in the entire state of New Hampshire around the time of 1770.","https://en.wikipedia.org/wiki/Hampton_Falls,_New_Hampshire",
3301539780,Kensington,"Kensington was incorporated in 1737 by New Hampshire governor Jonathan Belcher, having previously been a parish of Hampton. The town received its name from Baron Kensington, the owner of Kensington Palace in London, making it one of only three towns among the twenty-seven granted by Governor Belcher that were actually given names. Today, Kensington is home to sixteen glacial drumlin hills, with Indian Ground Hill being the highest point in the area.","https://en.wikipedia.org/wiki/Kensington,_New_Hampshire",
3301117780,Deering,"Deering was incorporated on January 17, 1774, by New Hampshire Governor John Wentworth, who named it after his wife Frances Deering Wentworth's maiden name. First settled around 1765, the town's hills and valleys were well suited for agriculture, supporting industries including sawmills, a gristmill, and a clothing factory by the mid-19th century. The population grew from 928 residents at the first census in 1790 to 1,904 by 2020.","https://en.wikipedia.org/wiki/Deering,_New_Hampshire",
3300582660,Westmoreland,"Originally known as ""Great Meadow,"" Westmoreland was first granted in 1735 as ""Number 2,"" a Connecticut River fort town designed to protect colonial settlements, and was regranted in 1752 under its current name, derived from John Fane, the 7th Earl of Westmorland. Early settlers who arrived beginning in 1741 faced repeated attacks from indigenous peoples who had traditionally used the region for hunting and fishing. Among the town's notable landmarks is the Park Hill Meetinghouse, constructed in 1762 with a Paul Revere bell, which is considered one of New England's most beautiful churches.","https://en.wikipedia.org/wiki/Westmoreland,_New_Hampshire",
3301127140,Francestown,"Francestown was incorporated in 1772 and takes its name from Frances Deering Wentworth, the wife of colonial governor John Wentworth. The town capitalized on its strategic location along the Second New Hampshire Turnpike, the sole route between Boston and Vermont, by collecting tolls from passing coaches and wagons. High-quality soapstone mining operations flourished in the area from 1792 until 1912, contributing significantly to the local economy during that period.","https://en.wikipedia.org/wiki/Francestown,_New_Hampshire",
3301366980,Salisbury,"Salisbury, New Hampshire was originally granted as ""Baker's Town"" in 1736 while still part of Massachusetts, then re-granted in 1749 as ""Stevenstown"" after Colonel Ebenezer Stevens of Kingston, New Hampshire, before finally receiving its current name upon incorporation in 1768. The town's location shifted to the New Hampshire side following the established border between Massachusetts and New Hampshire. Notable figures from Salisbury include Daniel Webster, who later became a U.S. congressman and senator from Massachusetts, and Ezekiel A. Straw, who served as the 34th governor of New Hampshire.","https://en.wikipedia.org/wiki/Salisbury,_New_Hampshire",
3300958500,Orford,"Orford, New Hampshire was incorporated in 1761 by Governor Benning Wentworth and named after Robert Walpole, Earl of Orford, who served as Britain's first prime minister. The town was settled beginning in 1765 and developed into a prosperous manufacturing center by the nineteenth century, featuring numerous mills and factories alongside its agricultural base. A notable resident, Samuel Morey, made significant contributions to maritime innovation by demonstrating the first paddlewheel steamboat on the Connecticut River in 1793.","https://en.wikipedia.org/wiki/Orford,_New_Hampshire",
3300110660,Center Harbor,"Center Harbor, incorporated in 1797 after separating from New Hampton, derives its name from both its geographic position between the harbors of Meredith and Moultonborough and from the Senter family's substantial landholdings in the area. The town gained historical significance as a landing point for lake steamers and stagecoaches that made it a popular summer destination, and it was the site of the first intercollegiate sporting event in the United States when Harvard defeated Yale in a rowing regatta on Lake Winnipesaukee in 1852.","https://en.wikipedia.org/wiki/Center_Harbor,_New_Hampshire",
3301900260,Acworth,"Acworth was originally chartered in 1752 as ""Burnet"" but remained unsettled due to the French and Indian War; it was regranted in 1766 and renamed after Sir Jacob Acworth, a former Surveyor of the Royal Navy. The town was first permanently settled in 1768 by families from Londonderry and incorporated in 1772 by Governor John Wentworth. Following the American Revolution, Acworth experienced rapid growth, and by 1859 it had developed into an agricultural center with diverse water-powered industries including mills and manufacturing facilities along the Cold River.","https://en.wikipedia.org/wiki/Acworth,_New_Hampshire",
3300761780,Pittsburg,"Pittsburg was incorporated in 1840 and derives its name from William Pitt, Prime Minister of Great Britain. Prior to its formal incorporation, the area had been settled around 1810 as the Territory of Indian Stream and briefly functioned as an independent microstate during the 1830s called the Republic of Indian Stream, created due to an ambiguous boundary dispute between the United States and Canada.","https://en.wikipedia.org/wiki/Pittsburg,_New_Hampshire",
3300713940,Columbia,"Columbia, New Hampshire was originally chartered in 1762 as ""Preston,"" named after a Scottish viscount, but was renamed ""Cockburn Town"" in 1770 when new grantees including Sir James Cockburn took over the settlement and it was formally incorporated on December 16, 1797. Governor John Langdon changed the town's name to Columbia in 1811 during the lead-up to the War of 1812. The town's mountainous terrain and quality soil supported important industries including maple sugar production and lumber operations, with resources transported down the Connecticut River to regional markets.","https://en.wikipedia.org/wiki/Columbia,_New_Hampshire",
3300979380,Waterville Valley,"The area was first settled during the 1760s and officially incorporated as ""Waterville"" in 1829, later adopting the name ""Waterville Valley"" in 1967. The town developed into a resort destination, particularly known for winter recreation at Waterville Valley Resort. Since 1994, it has hosted the Russell Sage Foundation Summer Institute in Behavioral Economics, which played a significant role in the early development of that academic field.","https://en.wikipedia.org/wiki/Waterville_Valley,_New_Hampshire",
3300918740,Dorchester,"Dorchester was originally granted by Governor Benning Wentworth in 1761 and named after Dorchester in Dorset, England, though settlement did not begin in earnest until it was regranted to 72 settlers in 1772. The first residents, Benjamin Rice and Stephen Murch, came from Connecticut by way of Hanover and established what would become a thriving industrial center. By the mid-nineteenth century, the town's economy had developed significantly, with eleven sawmills, in addition to several clapboard and shingle mills, operating there by 1859, along with charcoal manufacturing operations.","https://en.wikipedia.org/wiki/Dorchester,_New_Hampshire",
3300565700,Roxbury,"Roxbury was incorporated in 1812 from portions of the neighboring towns of Nelson, Marlborough, and Keene. The town developed as a hill farm community with scattered mills, and its extensive granite quarries became notable contributors to major construction projects, including stone used for New York's state capitol building in Albany. The town experienced significant population decline following the Civil War, as a high percentage of male residents were killed in battle, prompting many survivors to relocate to mill villages or the American Midwest in search of better opportunities.","https://en.wikipedia.org/wiki/Roxbury,_New_Hampshire",
